[Licensing::Module] Trying to connect to existing licensing client channel...
[Licensing::IpcConnector] Successfully connected to: "LicenseClient-Arnaud" at "2025-11-18T15:56:02.722377Z"
Built from '6000.2/respin/6000.2.6f2-cc51a95c03' branch; Version is '6000.2.6f2 (4a4dcaec6541) revision 4869578'; Using compiler version '194234433'; Build Type 'Release'
OS: 'Windows 11  (10.0.26100) 64bit Core' Language: 'fr' Physical Memory: 16003 MB
BatchMode: 1, IsHumanControllingUs: 0, StartBugReporterOnCrash: 0, Is64bit: 1
Date: 2025-11-18T15:56:02Z

COMMAND LINE ARGUMENTS:
C:\Program Files\Unity\Hub\Editor\6000.2.6f2\Editor\Unity.exe
-adb2
-batchMode
-noUpm
-name
AssetImportWorker0
-projectPath
C:/Users/Arnaud/Desktop/Jeux/UTILISABLE/Gravity Ball
-logFile
Logs/AssetImportWorker0.log
-srvPort
59155
-job-worker-count
9
-background-job-worker-count
8
-gc-helper-count
1
-name
AssetImport
Successfully changed project path to: C:/Users/Arnaud/Desktop/Jeux/UTILISABLE/Gravity Ball
C:/Users/Arnaud/Desktop/Jeux/UTILISABLE/Gravity Ball
[UnityMemory] Configuration Parameters - Can be set up in boot.config
    "memorysetup-allocator-temp-initial-block-size-main=262144"
    "memorysetup-allocator-temp-initial-block-size-worker=262144"
    "memorysetup-bucket-allocator-granularity=16"
    "memorysetup-bucket-allocator-bucket-count=8"
    "memorysetup-bucket-allocator-block-size=33554432"
    "memorysetup-bucket-allocator-block-count=8"
    "memorysetup-main-allocator-block-size=16777216"
    "memorysetup-thread-allocator-block-size=16777216"
    "memorysetup-gfx-main-allocator-block-size=16777216"
    "memorysetup-gfx-thread-allocator-block-size=16777216"
    "memorysetup-cache-allocator-block-size=4194304"
    "memorysetup-typetree-allocator-block-size=2097152"
    "memorysetup-profiler-bucket-allocator-granularity=16"
    "memorysetup-profiler-bucket-allocator-bucket-count=8"
    "memorysetup-profiler-bucket-allocator-block-size=33554432"
    "memorysetup-profiler-bucket-allocator-block-count=8"
    "memorysetup-profiler-allocator-block-size=16777216"
    "memorysetup-profiler-editor-allocator-block-size=1048576"
    "memorysetup-temp-allocator-size-main=16777216"
    "memorysetup-job-temp-allocator-block-size=2097152"
    "memorysetup-job-temp-allocator-block-size-background=1048576"
    "memorysetup-job-temp-allocator-reduction-small-platforms=262144"
    "memorysetup-temp-allocator-size-background-worker=32768"
    "memorysetup-temp-allocator-size-job-worker=262144"
    "memorysetup-temp-allocator-size-preload-manager=33554432"
    "memorysetup-temp-allocator-size-nav-mesh-worker=65536"
    "memorysetup-temp-allocator-size-audio-worker=65536"
    "memorysetup-temp-allocator-size-cloud-worker=32768"
    "memorysetup-temp-allocator-size-gi-baking-worker=262144"
    "memorysetup-temp-allocator-size-gi-baking-worker=262144"
    "memorysetup-temp-allocator-size-gi-baking-worker=262144"
    "memorysetup-temp-allocator-size-gi-baking-worker=262144"
    "memorysetup-temp-allocator-size-gi-baking-worker=262144"
    "memorysetup-temp-allocator-size-gfx=262144"
Player connection [34544]  Target information:

Player connection [34544]  * "[IP] 192.168.1.8 [Port] 0 [Flags] 2 [Guid] 413242038 [EditorId] 413242038 [Version] 1048832 [Id] WindowsEditor(7,Arnaud_PROFIZI) [Debug] 1 [PackageName] WindowsEditor [ProjectName] Editor" 

Player connection [34544] Host joined multi-casting on [225.0.0.222:54997]...
Player connection [34544] Host joined alternative multi-casting on [225.0.0.222:34997]...
JobSystem: Creating JobQueue using job-worker-count value 9
Input System module state changed to: Initialized.
[Physics::Module] Initialized fallback backend.
[Physics::Module] Id: 0xdecafbad
[Licensing::Client] Code 10 while verifying Licensing Client signature (process Id: 22452, path: "C:/Program Files/Unity Hub/UnityLicensingClient_V1/Unity.Licensing.Client.exe")
[Licensing::Module] LicensingClient has failed validation; ignoring
[Licensing::Client] Handshaking with LicensingClient:
  Version:                 1.17.3+a4e98f1
  Session Id:              e6708153d54144a68061048bef9c2fe9
  Correlation Id:          f351cb76cf55c26f2c17ac6148d151f4
  External correlation Id: 7560882298907728389
  Machine Id:              awmg4jTre1CIWEk5EKMpWOv7aIc=
[Licensing::Module] Successfully connected to LicensingClient on channel: "LicenseClient-Arnaud" (connect: 0.00s, validation: 0.00s, handshake: 0.07s)
[Licensing::IpcConnector] Successfully connected to: "LicenseClient-Arnaud-notifications" at "2025-11-18T15:56:02.7979602Z"
[Licensing::Module] Licensing Background thread has ended after 0.08s
Library Redirect Path: Library/
[Physics::Module] Selected backend.
[Physics::Module] Name: PhysX
[Physics::Module] Id: 0xf2b8ea05
[Physics::Module] SDK Version: 4.1.2
[Physics::Module] Integration Version: 1.0.0
[Physics::Module] Threading Mode: Multi-Threaded
Refreshing native plugins compatible for Editor in 47.04 ms, found 6 plugins.
Preloading 0 native plugins for Editor in 0.00 ms.
Initialize engine version: 6000.2.6f2 (4a4dcaec6541)
[Subsystems] Discovering subsystems at path C:/Program Files/Unity/Hub/Editor/6000.2.6f2/Editor/Data/Resources/UnitySubsystems
[Subsystems] Discovering subsystems at path C:/Users/Arnaud/Desktop/Jeux/UTILISABLE/Gravity Ball/Assets
GfxDevice: creating device client; kGfxThreadingModeNonThreaded
Direct3D:
    Version:  Direct3D 11.0 [level 11.1]
    Renderer: NVIDIA GeForce RTX 4050 Laptop GPU (ID=0x28e1)
    Vendor:   NVIDIA
    VRAM:     5921 MB
    Driver:   32.0.15.6607
Initialize mono
Mono path[0] = 'C:/Program Files/Unity/Hub/Editor/6000.2.6f2/Editor/Data/Managed'
Mono path[1] = 'C:/Program Files/Unity/Hub/Editor/6000.2.6f2/Editor/Data/MonoBleedingEdge/lib/mono/unityjit-win32'
Mono config path = 'C:/Program Files/Unity/Hub/Editor/6000.2.6f2/Editor/Data/MonoBleedingEdge/etc'
Using monoOptions --debugger-agent=transport=dt_socket,embedding=1,server=y,suspend=n,address=127.0.0.1:56684
Begin MonoManager ReloadAssembly
Registering precompiled unity dll's ...
Register platform support module: C:/Program Files/Unity/Hub/Editor/6000.2.6f2/Editor/Data/PlaybackEngines/WindowsStandaloneSupport/UnityEditor.WindowsStandalone.Extensions.dll
[Licensing::Client] Successfully resolved entitlement details
[Licensing::Module] License group:
  Id: F4-6VBU-GQ76-3YAQ-GU2D-XXXX
  Product: Unity Personal
  Type: ULF
  Expiration: Unlimited
[Licensing::Module] License group:
  Id: 3440655-UnityPersXXXX
  Product: Unity Personal
  Type: Assigned
  Expiration: Unlimited
Register platform support module: C:/Program Files/Unity/Hub/Editor/6000.2.6f2/Editor/Data/PlaybackEngines/AndroidPlayer/UnityEditor.Android.Extensions.dll
Registered in 0.009302 seconds.
- Loaded All Assemblies, in  0.590 seconds
Native extension for Android target not found
Android Extension - Scanning For ADB Devices 491 ms
Native extension for WindowsStandalone target not found
Mono: successfully reloaded assembly
- Finished resetting the current domain, in  1.130 seconds
Domain Reload Profiling: 1717ms
	BeginReloadAssembly (208ms)
		ExecutionOrderSort (0ms)
		DisableScriptedObjects (0ms)
		BackupInstance (0ms)
		ReleaseScriptingObjects (0ms)
		CreateAndSetChildDomain (1ms)
	RebuildCommonClasses (53ms)
	RebuildNativeTypeToScriptingClass (17ms)
	initialDomainReloadingComplete (73ms)
	LoadAllAssembliesAndSetupDomain (236ms)
		LoadAssemblies (205ms)
		RebuildTransferFunctionScriptingTraits (0ms)
		AnalyzeDomain (231ms)
			TypeCache.Refresh (227ms)
				TypeCache.ScanAssembly (204ms)
			BuildScriptInfoCaches (0ms)
			ResolveRequiredComponents (2ms)
	FinalizeReload (1130ms)
		ReleaseScriptCaches (0ms)
		RebuildScriptCaches (0ms)
		SetupLoadedEditorAssemblies (1069ms)
			LogAssemblyErrors (0ms)
			InitializePlatformSupportModulesInManaged (707ms)
			SetLoadedEditorAssemblies (9ms)
			BeforeProcessingInitializeOnLoad (100ms)
			ProcessInitializeOnLoadAttributes (179ms)
			ProcessInitializeOnLoadMethodAttributes (74ms)
			AfterProcessingInitializeOnLoad (0ms)
			EditorAssembliesLoaded (0ms)
		ExecutionOrderSort2 (0ms)
		AwakeInstancesAfterBackupRestoration (0ms)
========================================================================
Worker process is ready to serve import requests
Import Worker Mode flag is 0x00
Begin MonoManager ReloadAssembly
[Licensing::Client] Successfully resolved entitlement details
[Licensing::Module] License group:
  Id: F4-6VBU-GQ76-3YAQ-GU2D-XXXX
  Product: Unity Personal
  Type: ULF
  Expiration: Unlimited
[Licensing::Module] License group:
  Id: 3440655-UnityPersXXXX
  Product: Unity Personal
  Type: Assigned
  Expiration: Unlimited
Assembly 'Assets/PlayServicesResolver/Editor/Google.JarResolver_v1.2.59.0.dll' will not be loaded due to errors:
Assembly name 'Google.JarResolver' does not match file name 'Google.JarResolver_v1.2.59.0'
Assembly 'Assets/PlayServicesResolver/Editor/Google.IOSResolver_v1.2.59.0.dll' will not be loaded due to errors:
Unable to resolve reference 'UnityEditor.iOS.Extensions.Xcode'. Is the assembly missing or incompatible with the current platform?
Reference validation can be disabled in the Plugin Inspector.
Assembly name 'Google.IOSResolver' does not match file name 'Google.IOSResolver_v1.2.59.0'
Assembly 'Assets/PlayServicesResolver/Editor/Google.VersionHandlerImpl_v1.2.59.0.dll' will not be loaded due to errors:
Assembly name 'Google.VersionHandlerImpl' does not match file name 'Google.VersionHandlerImpl_v1.2.59.0'
- Loaded All Assemblies, in  1.242 seconds
Refreshing native plugins compatible for Editor in 16.50 ms, found 6 plugins.
Native extension for Android target not found
Native extension for WindowsStandalone target not found
Package Manager log level set to [2]
[Package Manager] Failed to launch server process. Reason: Unity was launched with the -noUpm command-line argument
[Package Manager] Unable to send message (not connected to server process).
[Package Manager] Cannot connect to Unity Package Manager local server
Non-secure network connections disabled in Player Settings
UnityEngine.Debug:ExtractStackTraceNoAlloc (byte*,int,string)
UnityEngine.StackTraceUtility:ExtractStackTrace ()
UnityEngine.Networking.UnityWebRequest:BeginWebRequest ()
UnityEngine.Networking.UnityWebRequest:SendWebRequest ()
UnityEngine.WWW:.ctor (string)
JMOAssets.JMOAssets_Menu:StartDownload ()
JMOAssets.JMOAssets_Menu:CheckStartupUpdate ()
JMOAssets.JMOAssets_Menu:.cctor ()
System.Runtime.CompilerServices.RuntimeHelpers:RunClassConstructor (System.RuntimeTypeHandle)
UnityEditor.EditorAssemblies:ProcessInitializeOnLoadAttributes (System.Type[])

[C:\build\output\unity\unity\Modules\UnityWebRequest\Public\Prototypes\UnityWebRequestProto.h line 519]

System.InvalidOperationException: Insecure connection not allowed
  at (wrapper managed-to-native) UnityEngine.Networking.UnityWebRequest.BeginWebRequest_Injected(intptr)
  at UnityEngine.Networking.UnityWebRequest.BeginWebRequest () [0x0000f] in <a5693f6f1faf4f39a6c9cefc1a5b2555>:0 
  at UnityEngine.Networking.UnityWebRequest.SendWebRequest () [0x00001] in <a5693f6f1faf4f39a6c9cefc1a5b2555>:0 
  at UnityEngine.WWW..ctor (System.String url) [0x00014] in <37916183dd3c4f44ab9cf13ab9ae239c>:0 
  at JMOAssets.JMOAssets_Menu.StartDownload () [0x00013] in <a7aa7c6095e5420583c7f523f7294ab4>:0 
  at JMOAssets.JMOAssets_Menu.CheckStartupUpdate () [0x00001] in <a7aa7c6095e5420583c7f523f7294ab4>:0 
  at JMOAssets.JMOAssets_Menu..cctor () [0x000a1] in <a7aa7c6095e5420583c7f523f7294ab4>:0 
UnityEngine.Debug:ExtractStackTraceNoAlloc (byte*,int,string)
UnityEngine.StackTraceUtility:ExtractStackTrace ()
UnityEngine.DebugLogHandler:Internal_Log (UnityEngine.LogType,UnityEngine.LogOption,string,UnityEngine.Object)
UnityEngine.DebugLogHandler:LogFormat (UnityEngine.LogType,UnityEngine.Object,string,object[])
UnityEngine.Logger:Log (UnityEngine.LogType,object)
UnityEngine.Debug:LogError (object)
UnityEditor.EditorAssemblies:ProcessInitializeOnLoadAttributes (System.Type[])

Mono: successfully reloaded assembly
- Finished resetting the current domain, in  1.206 seconds
Domain Reload Profiling: 2441ms
	BeginReloadAssembly (263ms)
		ExecutionOrderSort (0ms)
		DisableScriptedObjects (11ms)
		BackupInstance (0ms)
		ReleaseScriptingObjects (0ms)
		CreateAndSetChildDomain (43ms)
	RebuildCommonClasses (49ms)
	RebuildNativeTypeToScriptingClass (16ms)
	initialDomainReloadingComplete (66ms)
	LoadAllAssembliesAndSetupDomain (841ms)
		LoadAssemblies (733ms)
		RebuildTransferFunctionScriptingTraits (0ms)
		AnalyzeDomain (251ms)
			TypeCache.Refresh (191ms)
				TypeCache.ScanAssembly (167ms)
			BuildScriptInfoCaches (50ms)
			ResolveRequiredComponents (5ms)
	FinalizeReload (1206ms)
		ReleaseScriptCaches (0ms)
		RebuildScriptCaches (0ms)
		SetupLoadedEditorAssemblies (1034ms)
			LogAssemblyErrors (0ms)
			InitializePlatformSupportModulesInManaged (16ms)
			SetLoadedEditorAssemblies (9ms)
			BeforeProcessingInitializeOnLoad (163ms)
			ProcessInitializeOnLoadAttributes (607ms)
			ProcessInitializeOnLoadMethodAttributes (231ms)
			AfterProcessingInitializeOnLoad (7ms)
			EditorAssembliesLoaded (0ms)
		ExecutionOrderSort2 (0ms)
		AwakeInstancesAfterBackupRestoration (13ms)
Launched and connected shader compiler UnityShaderCompiler.exe after 0.03 seconds
Refreshing native plugins compatible for Editor in 31.01 ms, found 6 plugins.
Preloading 0 native plugins for Editor in 0.00 ms.
Unloading 4 Unused Serialized files (Serialized files now loaded: 0)
Unloading 3742 unused Assets / (1.3 MB). Loaded Objects now: 4143.
Memory consumption went from 86.0 MB to 84.7 MB.
Total: 25.231000 ms (FindLiveObjects: 3.224400 ms CreateObjectMapping: 0.613900 ms MarkObjects: 19.007300 ms  DeleteObjects: 2.383300 ms)

========================================================================
Received Import Request.
  Time since last request: 154852.823234 seconds.
  path: Assets/Models/bouton_retry_2.png
  artifactKey: Guid(c55ddcc3333e399438709a1c90624ab7) Importer(2089858483,192608db42251d675da83286b1cce702)
Start importing Assets/Models/bouton_retry_2.png using Guid(c55ddcc3333e399438709a1c90624ab7) Importer(2089858483,192608db42251d675da83286b1cce702) (ScriptedImporter) -> (artifact id: '53d01d5d1b2c0240d7878b7383e1fd52') in 0.2882682 seconds
Number of updated asset objects reloaded before import = 0Number of asset objects unloaded after import = 3

========================================================================
Received Import Request.
  Time since last request: 0.000044 seconds.
  path: Assets/Animations/ModelPivot_Bomb.controller
  artifactKey: Guid(288d66a8f420f1d4cbbd659972342272) Importer(2089858483,192608db42251d675da83286b1cce702)
Start importing Assets/Animations/ModelPivot_Bomb.controller using Guid(288d66a8f420f1d4cbbd659972342272) Importer(2089858483,192608db42251d675da83286b1cce702) (ScriptedImporter) -> (artifact id: 'e5adc3e2db59e0367a0f5adf3f07c684') in 0.021696 seconds
Number of updated asset objects reloaded before import = 0Number of asset objects unloaded after import = 19

========================================================================
Received Import Request.
  Time since last request: 0.000041 seconds.
  path: Assets/Plugins/Android/AndroidManifest.xml
  artifactKey: Guid(a482d5d6a392b2c46adf170d6867c356) Importer(2089858483,192608db42251d675da83286b1cce702)
Start importing Assets/Plugins/Android/AndroidManifest.xml using Guid(a482d5d6a392b2c46adf170d6867c356) Importer(2089858483,192608db42251d675da83286b1cce702) (ScriptedImporter) -> (artifact id: '713b41b73ba6a60592d4456a74bfe69a') in 0.0072036 seconds
Number of updated asset objects reloaded before import = 0Number of asset objects unloaded after import = 1

========================================================================
Received Import Request.
  Time since last request: 0.000029 seconds.
  path: Assets/Scripting/CollectibleManagerScript.cs
  artifactKey: Guid(1567dcba5a9566645ac8ef23d0c31d1c) Importer(2089858483,192608db42251d675da83286b1cce702)
Start importing Assets/Scripting/CollectibleManagerScript.cs using Guid(1567dcba5a9566645ac8ef23d0c31d1c) Importer(2089858483,192608db42251d675da83286b1cce702) (ScriptedImporter) -> (artifact id: 'a10c8deebac7f44150972145d1a414d6') in 0.0068901 seconds
Number of updated asset objects reloaded before import = 0Number of asset objects unloaded after import = 0

========================================================================
Received Import Request.
  Time since last request: 0.000038 seconds.
  path: Assets/Scripting/DifficultyStage.cs
  artifactKey: Guid(c5b2e07946eded344afe010282f4f89e) Importer(2089858483,192608db42251d675da83286b1cce702)
Start importing Assets/Scripting/DifficultyStage.cs using Guid(c5b2e07946eded344afe010282f4f89e) Importer(2089858483,192608db42251d675da83286b1cce702) (ScriptedImporter) -> (artifact id: '29a89c5b0f45470b9f7b1bb19ce702e7') in 0.0065068 seconds
Number of updated asset objects reloaded before import = 0Number of asset objects unloaded after import = 0

========================================================================
Received Import Request.
  Time since last request: 0.000086 seconds.
  path: Assets/JMO Assets/Editor/JMOAssets.dll
  artifactKey: Guid(cedc53e91a163eb498a6434b79d244de) Importer(2089858483,192608db42251d675da83286b1cce702)
Start importing Assets/JMO Assets/Editor/JMOAssets.dll using Guid(cedc53e91a163eb498a6434b79d244de) Importer(2089858483,192608db42251d675da83286b1cce702) (ScriptedImporter) -> (artifact id: 'd23a89ce6eda9f19aac123fd624af05d') in 0.0122363 seconds
Number of updated asset objects reloaded before import = 0Number of asset objects unloaded after import = 0

========================================================================
Received Import Request.
  Time since last request: 0.000142 seconds.
  path: Assets/Models/Bomb_Asset.fbx
  artifactKey: Guid(d1450ad666979114db3eaa622ce9bce7) Importer(2089858483,192608db42251d675da83286b1cce702)
Start importing Assets/Models/Bomb_Asset.fbx using Guid(d1450ad666979114db3eaa622ce9bce7) Importer(2089858483,192608db42251d675da83286b1cce702) (ScriptedImporter) -> (artifact id: '9b88f7e59e9364c3450793469a619446') in 0.0747666 seconds
Number of updated asset objects reloaded before import = 0Number of asset objects unloaded after import = 7

========================================================================
Received Import Request.
  Time since last request: 0.000032 seconds.
  path: Assets/FacebookSDK/Examples/AccessTokenMenu.unity
  artifactKey: Guid(67cb5b2387b8e4ec9b2fa69ad9510e9b) Importer(2089858483,192608db42251d675da83286b1cce702)
Start importing Assets/FacebookSDK/Examples/AccessTokenMenu.unity using Guid(67cb5b2387b8e4ec9b2fa69ad9510e9b) Importer(2089858483,192608db42251d675da83286b1cce702) (ScriptedImporter) -> (artifact id: '11c947c7c37ec78a06e8b6cc9d0797e9') in 0.0075897 seconds
Number of updated asset objects reloaded before import = 0Number of asset objects unloaded after import = 1

========================================================================
Received Import Request.
  Time since last request: 0.000024 seconds.
  path: Assets/GameAnalytics/Editor/GA_AssetPostprocessor.cs
  artifactKey: Guid(a2403619fc556407983e282336344f15) Importer(2089858483,192608db42251d675da83286b1cce702)
Start importing Assets/GameAnalytics/Editor/GA_AssetPostprocessor.cs using Guid(a2403619fc556407983e282336344f15) Importer(2089858483,192608db42251d675da83286b1cce702) (ScriptedImporter) -> (artifact id: '3c69e272b9b8d5dda3cd03a5e2182927') in 0.0095364 seconds
Number of updated asset objects reloaded before import = 0Number of asset objects unloaded after import = 0

========================================================================
Received Import Request.
  Time since last request: 0.000100 seconds.
  path: Assets/Animations/ModelPivot_Tail.controller
  artifactKey: Guid(fedb53253e15d5643930c73ef05b4912) Importer(2089858483,192608db42251d675da83286b1cce702)
Start importing Assets/Animations/ModelPivot_Tail.controller using Guid(fedb53253e15d5643930c73ef05b4912) Importer(2089858483,192608db42251d675da83286b1cce702) (ScriptedImporter) -> (artifact id: 'b3d966a95985d09ab9044a33c873b4fd') in 0.0117551 seconds
Number of updated asset objects reloaded before import = 0Number of asset objects unloaded after import = 19

========================================================================
Received Import Request.
  Time since last request: 0.000026 seconds.
  path: Assets/Animations/ANIM_Basic_scaleUp.anim
  artifactKey: Guid(aa48209583f6f4b4694b226d6e81a7b8) Importer(2089858483,192608db42251d675da83286b1cce702)
Start importing Assets/Animations/ANIM_Basic_scaleUp.anim using Guid(aa48209583f6f4b4694b226d6e81a7b8) Importer(2089858483,192608db42251d675da83286b1cce702) (ScriptedImporter) -> (artifact id: 'b7e68eb42883fa4e073fc05d7b69ad45') in 0.018592 seconds
Number of updated asset objects reloaded before import = 0Number of asset objects unloaded after import = 1

========================================================================
Received Import Request.
  Time since last request: 0.000030 seconds.
  path: Assets/GameAnalytics/Editor/GA_AutoRun.cs
  artifactKey: Guid(0a3d477cdf26e4516ab204fc8fd9a841) Importer(2089858483,192608db42251d675da83286b1cce702)
Start importing Assets/GameAnalytics/Editor/GA_AutoRun.cs using Guid(0a3d477cdf26e4516ab204fc8fd9a841) Importer(2089858483,192608db42251d675da83286b1cce702) (ScriptedImporter) -> (artifact id: 'ea6a7955603cf76461b13e09f3e865c3') in 0.0057397 seconds
Number of updated asset objects reloaded before import = 0Number of asset objects unloaded after import = 0

========================================================================
Received Import Request.
  Time since last request: 0.000249 seconds.
  path: Assets/Animations/ANIM_Ui_DisableTitle.anim
  artifactKey: Guid(1d544db4203f0b840a5d6299ae282edf) Importer(2089858483,192608db42251d675da83286b1cce702)
Start importing Assets/Animations/ANIM_Ui_DisableTitle.anim using Guid(1d544db4203f0b840a5d6299ae282edf) Importer(2089858483,192608db42251d675da83286b1cce702) (ScriptedImporter) -> (artifact id: '950bb532fac9b69f88a31ba195c329a3') in 0.0094865 seconds
Number of updated asset objects reloaded before import = 0Number of asset objects unloaded after import = 1

========================================================================
Received Import Request.
  Time since last request: 0.000027 seconds.
  path: Assets/Animations/ANIM_Basic_scaleZero.anim
  artifactKey: Guid(cd2d4c2ad71215b47a1ca6902573e210) Importer(2089858483,192608db42251d675da83286b1cce702)
Start importing Assets/Animations/ANIM_Basic_scaleZero.anim using Guid(cd2d4c2ad71215b47a1ca6902573e210) Importer(2089858483,192608db42251d675da83286b1cce702) (ScriptedImporter) -> (artifact id: '3527c33760dc45f59c8c52d6e69598a2') in 0.0106704 seconds
Number of updated asset objects reloaded before import = 0Number of asset objects unloaded after import = 1

========================================================================
Received Import Request.
  Time since last request: 0.000164 seconds.
  path: Assets/Scenes/SC_TestOrbital_3.unity
  artifactKey: Guid(a8678baa001bfba41bbecdebbac344d1) Importer(2089858483,192608db42251d675da83286b1cce702)
Start importing Assets/Scenes/SC_TestOrbital_3.unity using Guid(a8678baa001bfba41bbecdebbac344d1) Importer(2089858483,192608db42251d675da83286b1cce702) (ScriptedImporter) -> (artifact id: 'b5d5e56776748602cdaf690ffb628f58') in 0.0268368 seconds
Number of updated asset objects reloaded before import = 0Number of asset objects unloaded after import = 1

========================================================================
Received Import Request.
  Time since last request: 0.000229 seconds.
  path: Assets/Models/honikou_logo.png
  artifactKey: Guid(a894b4c8ba7135142b48eb4c46361f5d) Importer(2089858483,192608db42251d675da83286b1cce702)
Start importing Assets/Models/honikou_logo.png using Guid(a894b4c8ba7135142b48eb4c46361f5d) Importer(2089858483,192608db42251d675da83286b1cce702) (ScriptedImporter) -> (artifact id: 'd5636ec285936e12754e4a83011943fa') in 0.0187285 seconds
Number of updated asset objects reloaded before import = 0Number of asset objects unloaded after import = 3

========================================================================
Received Import Request.
  Time since last request: 0.000027 seconds.
  path: Assets/FacebookSDK/Examples/AppEvents.unity
  artifactKey: Guid(68ab940fa15e34433bff18301686b080) Importer(2089858483,192608db42251d675da83286b1cce702)
Start importing Assets/FacebookSDK/Examples/AppEvents.unity using Guid(68ab940fa15e34433bff18301686b080) Importer(2089858483,192608db42251d675da83286b1cce702) (ScriptedImporter) -> (artifact id: 'fd53c15524e9eaf8d1bb4d88be2454ca') in 0.0065238 seconds
Number of updated asset objects reloaded before import = 0Number of asset objects unloaded after import = 1

========================================================================
Received Import Request.
  Time since last request: 0.000062 seconds.
  path: Assets/FacebookSDK/Examples/MainMenu.unity
  artifactKey: Guid(7c38a8c9adc9d5c4b869612e4033ead8) Importer(2089858483,192608db42251d675da83286b1cce702)
Start importing Assets/FacebookSDK/Examples/MainMenu.unity using Guid(7c38a8c9adc9d5c4b869612e4033ead8) Importer(2089858483,192608db42251d675da83286b1cce702) (ScriptedImporter) -> (artifact id: 'f7fcdfc0255251f59dba020f7aacb9a4') in 0.0058035 seconds
Number of updated asset objects reloaded before import = 0Number of asset objects unloaded after import = 1

========================================================================
Received Import Request.
  Time since last request: 0.000147 seconds.
  path: Assets/Models/Materials/MAT_Bomb.mat
  artifactKey: Guid(63673d21ca0676e4cabd01bc792567e4) Importer(2089858483,192608db42251d675da83286b1cce702)
Start importing Assets/Models/Materials/MAT_Bomb.mat using Guid(63673d21ca0676e4cabd01bc792567e4) Importer(2089858483,192608db42251d675da83286b1cce702) (ScriptedImporter) -> (artifact id: '635e6f4d5fbd2766ec81b7738bbf6d52') in 0.0190487 seconds
Number of updated asset objects reloaded before import = 0Number of asset objects unloaded after import = 1

========================================================================
Received Import Request.
  Time since last request: 0.000081 seconds.
  path: Assets/Physics/PhMAT_Bouncy.physicMaterial
  artifactKey: Guid(03677cae06e479148b9b75ec7ea7bc11) Importer(2089858483,192608db42251d675da83286b1cce702)
Start importing Assets/Physics/PhMAT_Bouncy.physicMaterial using Guid(03677cae06e479148b9b75ec7ea7bc11) Importer(2089858483,192608db42251d675da83286b1cce702) (ScriptedImporter) -> (artifact id: '1de6be70b5c74f9613336d5df6b226f4') in 0.0086139 seconds
Number of updated asset objects reloaded before import = 0Number of asset objects unloaded after import = 1

========================================================================
Received Import Request.
  Time since last request: 0.000152 seconds.
  path: Assets/PlayServicesResolver/Editor/Google.VersionHandler.dll
  artifactKey: Guid(514c67905344497b8175f448162e7f53) Importer(2089858483,192608db42251d675da83286b1cce702)
Start importing Assets/PlayServicesResolver/Editor/Google.VersionHandler.dll using Guid(514c67905344497b8175f448162e7f53) Importer(2089858483,192608db42251d675da83286b1cce702) (ScriptedImporter) -> (artifact id: '90c5b86add9d984ec064765589891168') in 0.0084483 seconds
Number of updated asset objects reloaded before import = 0Number of asset objects unloaded after import = 0

========================================================================
Received Import Request.
  Time since last request: 0.000144 seconds.
  path: Assets/Animations/ANIM_Camera_Shake.anim
  artifactKey: Guid(80dba1f1779534f498c36f41709e47a0) Importer(2089858483,192608db42251d675da83286b1cce702)
Start importing Assets/Animations/ANIM_Camera_Shake.anim using Guid(80dba1f1779534f498c36f41709e47a0) Importer(2089858483,192608db42251d675da83286b1cce702) (ScriptedImporter) -> (artifact id: '8e705d667d14fb7fb2aae4eb2ed19d29') in 0.0105386 seconds
Number of updated asset objects reloaded before import = 0Number of asset objects unloaded after import = 1

========================================================================
Received Import Request.
  Time since last request: 0.000028 seconds.
  path: Assets/GameAnalytics/Plugins/GameAnalytics.dll
  artifactKey: Guid(e185dadd9acc8487d8d4bb2936a243cc) Importer(2089858483,192608db42251d675da83286b1cce702)
Start importing Assets/GameAnalytics/Plugins/GameAnalytics.dll using Guid(e185dadd9acc8487d8d4bb2936a243cc) Importer(2089858483,192608db42251d675da83286b1cce702) (ScriptedImporter) -> (artifact id: '8634008b2940809c9c5f3747a95a9c58') in 0.0076123 seconds
Number of updated asset objects reloaded before import = 0Number of asset objects unloaded after import = 0

========================================================================
Received Import Request.
  Time since last request: 0.000183 seconds.
  path: Assets/PlayServicesResolver/Editor/Google.VersionHandlerImpl_v1.2.59.0.dll
  artifactKey: Guid(8de771ece2ac408295a8ce6217a98e7f) Importer(2089858483,192608db42251d675da83286b1cce702)
Start importing Assets/PlayServicesResolver/Editor/Google.VersionHandlerImpl_v1.2.59.0.dll using Guid(8de771ece2ac408295a8ce6217a98e7f) Importer(2089858483,192608db42251d675da83286b1cce702) (ScriptedImporter) -> (artifact id: '3ce0a58ea637d16d06c4074cb556dfbc') in 0.0099832 seconds
Number of updated asset objects reloaded before import = 0Number of asset objects unloaded after import = 0

========================================================================
Received Import Request.
  Time since last request: 0.000210 seconds.
  path: Assets/FacebookSDK/Examples/AppLinks.unity
  artifactKey: Guid(4ac12dfde6570493291366d0ab3eb20d) Importer(2089858483,192608db42251d675da83286b1cce702)
Start importing Assets/FacebookSDK/Examples/AppLinks.unity using Guid(4ac12dfde6570493291366d0ab3eb20d) Importer(2089858483,192608db42251d675da83286b1cce702) (ScriptedImporter) -> (artifact id: 'a225f73e9e85e24a05e92f543b33f284') in 0.0081186 seconds
Number of updated asset objects reloaded before import = 0Number of asset objects unloaded after import = 1

========================================================================
Received Import Request.
  Time since last request: 0.000032 seconds.
  path: Assets/Gizmos/GameAnalytics/gaLogo.png
  artifactKey: Guid(98df8f9c5678a4e5d964caa1244e8958) Importer(2089858483,192608db42251d675da83286b1cce702)
Start importing Assets/Gizmos/GameAnalytics/gaLogo.png using Guid(98df8f9c5678a4e5d964caa1244e8958) Importer(2089858483,192608db42251d675da83286b1cce702) (ScriptedImporter) -> (artifact id: 'f11ab673660cc2216e8fe61a90bda302') in 0.0167889 seconds
Number of updated asset objects reloaded before import = 0Number of asset objects unloaded after import = 1

========================================================================
Received Import Request.
  Time since last request: 0.000089 seconds.
  path: Assets/Scripting/InputManagerScript.cs
  artifactKey: Guid(f127774d7efae0d459bbf42a52af62da) Importer(2089858483,192608db42251d675da83286b1cce702)
Start importing Assets/Scripting/InputManagerScript.cs using Guid(f127774d7efae0d459bbf42a52af62da) Importer(2089858483,192608db42251d675da83286b1cce702) (ScriptedImporter) -> (artifact id: '11cb6484a405f8bc093946f3521b3607') in 0.0056635 seconds
Number of updated asset objects reloaded before import = 0Number of asset objects unloaded after import = 0

========================================================================
Received Import Request.
  Time since last request: 0.000218 seconds.
  path: Assets/Animations/ANIM_Camera_Idle.anim
  artifactKey: Guid(75fb819c72778c548bdc370a6aabbee6) Importer(2089858483,192608db42251d675da83286b1cce702)
Start importing Assets/Animations/ANIM_Camera_Idle.anim using Guid(75fb819c72778c548bdc370a6aabbee6) Importer(2089858483,192608db42251d675da83286b1cce702) (ScriptedImporter) -> (artifact id: '85309c5a551f25f9f9aa72beadcd69dc') in 0.0087068 seconds
Number of updated asset objects reloaded before import = 0Number of asset objects unloaded after import = 1

========================================================================
Received Import Request.
  Time since last request: 0.000182 seconds.
  path: Assets/Animations/UiPivot.controller
  artifactKey: Guid(7d1bc5f4d80fba345aa36dbf2f9f53cf) Importer(2089858483,192608db42251d675da83286b1cce702)
Start importing Assets/Animations/UiPivot.controller using Guid(7d1bc5f4d80fba345aa36dbf2f9f53cf) Importer(2089858483,192608db42251d675da83286b1cce702) (ScriptedImporter) -> (artifact id: 'df706ace4853a96823dbb13f99571438') in 0.011204 seconds
Number of updated asset objects reloaded before import = 0Number of asset objects unloaded after import = 14

========================================================================
Received Import Request.
  Time since last request: 0.000034 seconds.
  path: Assets/PlayServicesResolver/Editor/Google.JarResolver_v1.2.59.0.dll
  artifactKey: Guid(b009dc0c41c24be69e1e11f22a0855fc) Importer(2089858483,192608db42251d675da83286b1cce702)
Start importing Assets/PlayServicesResolver/Editor/Google.JarResolver_v1.2.59.0.dll using Guid(b009dc0c41c24be69e1e11f22a0855fc) Importer(2089858483,192608db42251d675da83286b1cce702) (ScriptedImporter) -> (artifact id: '70cfaeaacf2b26fe0788c8433cda7b49') in 0.0075188 seconds
Number of updated asset objects reloaded before import = 0Number of asset objects unloaded after import = 0

========================================================================
Received Import Request.
  Time since last request: 0.000104 seconds.
  path: Assets/Animations/ANIM_Ui_FadeInGameOver.anim
  artifactKey: Guid(25c9d5592b59b364ca8883401854948d) Importer(2089858483,192608db42251d675da83286b1cce702)
Start importing Assets/Animations/ANIM_Ui_FadeInGameOver.anim using Guid(25c9d5592b59b364ca8883401854948d) Importer(2089858483,192608db42251d675da83286b1cce702) (ScriptedImporter) -> (artifact id: '3d7c976ef1eedf3d601f33b49dd05917') in 0.015722 seconds
Number of updated asset objects reloaded before import = 0Number of asset objects unloaded after import = 1

========================================================================
Received Import Request.
  Time since last request: 0.000207 seconds.
  path: Assets/Animations/ANIM_Basic_PopOut.anim
  artifactKey: Guid(025f0a4acd638f74e8e37dba22a05723) Importer(2089858483,192608db42251d675da83286b1cce702)
Start importing Assets/Animations/ANIM_Basic_PopOut.anim using Guid(025f0a4acd638f74e8e37dba22a05723) Importer(2089858483,192608db42251d675da83286b1cce702) (ScriptedImporter) -> (artifact id: '7cd671030acf8c3e311c59233af8539d') in 0.0099019 seconds
Number of updated asset objects reloaded before import = 0Number of asset objects unloaded after import = 1

========================================================================
Received Import Request.
  Time since last request: 0.000097 seconds.
  path: Assets/Scripting/OrbitScript.cs
  artifactKey: Guid(cddf8099052c94548acaa72240e8e137) Importer(2089858483,192608db42251d675da83286b1cce702)
Start importing Assets/Scripting/OrbitScript.cs using Guid(cddf8099052c94548acaa72240e8e137) Importer(2089858483,192608db42251d675da83286b1cce702) (ScriptedImporter) -> (artifact id: '9bc009cb1222d3604dd1ffc412d56cf7') in 0.007443 seconds
Number of updated asset objects reloaded before import = 0Number of asset objects unloaded after import = 0

========================================================================
Received Import Request.
  Time since last request: 0.000239 seconds.
  path: Assets/Scripting/CollectibleScript.cs
  artifactKey: Guid(1bb8be0bfbb2f0f47b5827f2240ea5ad) Importer(2089858483,192608db42251d675da83286b1cce702)
Start importing Assets/Scripting/CollectibleScript.cs using Guid(1bb8be0bfbb2f0f47b5827f2240ea5ad) Importer(2089858483,192608db42251d675da83286b1cce702) (ScriptedImporter) -> (artifact id: '2aebccfc2283e8dd37858f8fd575dc3b') in 0.0067485 seconds
Number of updated asset objects reloaded before import = 0Number of asset objects unloaded after import = 0

========================================================================
Received Import Request.
  Time since last request: 0.000127 seconds.
  path: Assets/Animations/Main Camera.controller
  artifactKey: Guid(7d07afdca678d234fbafa3f872070530) Importer(2089858483,192608db42251d675da83286b1cce702)
Start importing Assets/Animations/Main Camera.controller using Guid(7d07afdca678d234fbafa3f872070530) Importer(2089858483,192608db42251d675da83286b1cce702) (ScriptedImporter) -> (artifact id: '9bad42856dab37bdecc0f41bb6297f83') in 0.0146899 seconds
Number of updated asset objects reloaded before import = 0Number of asset objects unloaded after import = 7

========================================================================
Received Import Request.
  Time since last request: 0.000089 seconds.
  path: Assets/GameAnalytics/Readme.txt
  artifactKey: Guid(203f41d2ec7d045eba31db4f0a89cbc3) Importer(2089858483,192608db42251d675da83286b1cce702)
Start importing Assets/GameAnalytics/Readme.txt using Guid(203f41d2ec7d045eba31db4f0a89cbc3) Importer(2089858483,192608db42251d675da83286b1cce702) (ScriptedImporter) -> (artifact id: '037b56ff1fddc780183150ae5aa399d4') in 0.0088072 seconds
Number of updated asset objects reloaded before import = 0Number of asset objects unloaded after import = 1

========================================================================
Received Import Request.
  Time since last request: 0.000160 seconds.
  path: Assets/Models/star_red_2.png
  artifactKey: Guid(fcd5a5f1e2d03dd4ba46c2302d77bde3) Importer(2089858483,192608db42251d675da83286b1cce702)
Start importing Assets/Models/star_red_2.png using Guid(fcd5a5f1e2d03dd4ba46c2302d77bde3) Importer(2089858483,192608db42251d675da83286b1cce702) (ScriptedImporter) -> (artifact id: '72f8a84b8c095cee7053962b6ebcf5bb') in 0.0215759 seconds
Number of updated asset objects reloaded before import = 0Number of asset objects unloaded after import = 3

========================================================================
Received Import Request.
  Time since last request: 0.000041 seconds.
  path: Assets/Models/Materials/MAT_PlayerTrail.mat
  artifactKey: Guid(168aa399da5c46a4eb6ab197ca551e91) Importer(2089858483,192608db42251d675da83286b1cce702)
Start importing Assets/Models/Materials/MAT_PlayerTrail.mat using Guid(168aa399da5c46a4eb6ab197ca551e91) Importer(2089858483,192608db42251d675da83286b1cce702) (ScriptedImporter) -> (artifact id: '966c8c20faa983d86cbeff3f722ae92c') in 0.0092571 seconds
Number of updated asset objects reloaded before import = 0Number of asset objects unloaded after import = 1

========================================================================
Received Import Request.
  Time since last request: 0.000199 seconds.
  path: Assets/Animations/ANIM_Basic_noScale.anim
  artifactKey: Guid(6edd9a763067c0643a81b7413e51cb25) Importer(2089858483,192608db42251d675da83286b1cce702)
Start importing Assets/Animations/ANIM_Basic_noScale.anim using Guid(6edd9a763067c0643a81b7413e51cb25) Importer(2089858483,192608db42251d675da83286b1cce702) (ScriptedImporter) -> (artifact id: 'b23aab4146a4ce9077fa46176573f871') in 0.009461 seconds
Number of updated asset objects reloaded before import = 0Number of asset objects unloaded after import = 1

========================================================================
Received Import Request.
  Time since last request: 0.000081 seconds.
  path: Assets/Scripting/BombScript.cs
  artifactKey: Guid(792b50ae56c2d5644954b73140d9100f) Importer(2089858483,192608db42251d675da83286b1cce702)
Start importing Assets/Scripting/BombScript.cs using Guid(792b50ae56c2d5644954b73140d9100f) Importer(2089858483,192608db42251d675da83286b1cce702) (ScriptedImporter) -> (artifact id: '9d670111505820ca2162df2c3fb56d6e') in 0.0097704 seconds
Number of updated asset objects reloaded before import = 0Number of asset objects unloaded after import = 0

========================================================================
Received Import Request.
  Time since last request: 0.000281 seconds.
  path: Assets/FacebookSDK/Examples/AppInvites.unity
  artifactKey: Guid(1beb7e4efae1b4e8d87bb52689540adf) Importer(2089858483,192608db42251d675da83286b1cce702)
Start importing Assets/FacebookSDK/Examples/AppInvites.unity using Guid(1beb7e4efae1b4e8d87bb52689540adf) Importer(2089858483,192608db42251d675da83286b1cce702) (ScriptedImporter) -> (artifact id: 'e7c52278b3e9801e11656bbeda487df3') in 0.0090767 seconds
Number of updated asset objects reloaded before import = 0Number of asset objects unloaded after import = 1

========================================================================
Received Import Request.
  Time since last request: 0.000275 seconds.
  path: Assets/GameAnalytics/Editor/GA_SignUp.cs
  artifactKey: Guid(8badeee0f8f58488c94706222ee1e6fb) Importer(2089858483,192608db42251d675da83286b1cce702)
Start importing Assets/GameAnalytics/Editor/GA_SignUp.cs using Guid(8badeee0f8f58488c94706222ee1e6fb) Importer(2089858483,192608db42251d675da83286b1cce702) (ScriptedImporter) -> (artifact id: '7c51cffdbadb96986f55d8f872bdb470') in 0.006646 seconds
Number of updated asset objects reloaded before import = 0Number of asset objects unloaded after import = 0

========================================================================
Received Import Request.
  Time since last request: 0.000192 seconds.
  path: Assets/Models/Materials/MAT_Point.mat
  artifactKey: Guid(311cf74732189144dbedb49eeb46a991) Importer(2089858483,192608db42251d675da83286b1cce702)
Start importing Assets/Models/Materials/MAT_Point.mat using Guid(311cf74732189144dbedb49eeb46a991) Importer(2089858483,192608db42251d675da83286b1cce702) (ScriptedImporter) -> (artifact id: 'b0b089bb7c1f195aaa3afe0775d06861') in 0.0124449 seconds
Number of updated asset objects reloaded before import = 0Number of asset objects unloaded after import = 1

========================================================================
Received Import Request.
  Time since last request: 0.000044 seconds.
  path: Assets/Prefabs/GAMEMANAGER.prefab
  artifactKey: Guid(7f94cefeba6372048be06e9494b6a46e) Importer(2089858483,192608db42251d675da83286b1cce702)
Start importing Assets/Prefabs/GAMEMANAGER.prefab using Guid(7f94cefeba6372048be06e9494b6a46e) Importer(2089858483,192608db42251d675da83286b1cce702) (ScriptedImporter) -> (artifact id: '89ba60645c799e7ebb9e0ab5af5fee18') in 0.0610117 seconds
Number of updated asset objects reloaded before import = 0Number of asset objects unloaded after import = 5

========================================================================
Received Import Request.
  Time since last request: 0.000035 seconds.
  path: Assets/GameAnalytics/Editor/GA_UpdateWindow.cs
  artifactKey: Guid(b025a92f1fe974e5faf57688a659013a) Importer(2089858483,192608db42251d675da83286b1cce702)
Start importing Assets/GameAnalytics/Editor/GA_UpdateWindow.cs using Guid(b025a92f1fe974e5faf57688a659013a) Importer(2089858483,192608db42251d675da83286b1cce702) (ScriptedImporter) -> (artifact id: '045ca90ef2a8c81d8c1526c24fb0acd6') in 0.0136747 seconds
Number of updated asset objects reloaded before import = 0Number of asset objects unloaded after import = 0

========================================================================
Received Import Request.
  Time since last request: 0.000217 seconds.
  path: Assets/Animations/ANIM_Ui_Pop.anim
  artifactKey: Guid(188330611e77cb54a87787fc104c004b) Importer(2089858483,192608db42251d675da83286b1cce702)
Start importing Assets/Animations/ANIM_Ui_Pop.anim using Guid(188330611e77cb54a87787fc104c004b) Importer(2089858483,192608db42251d675da83286b1cce702) (ScriptedImporter) -> (artifact id: 'ee5ce32baa901b192f88e70a3ec757cb') in 0.014336 seconds
Number of updated asset objects reloaded before import = 0Number of asset objects unloaded after import = 1

========================================================================
Received Import Request.
  Time since last request: 0.000253 seconds.
  path: Assets/Models/circle_glow.png
  artifactKey: Guid(db188f73ce041d042a8ab08d3b0e3b61) Importer(2089858483,192608db42251d675da83286b1cce702)
Start importing Assets/Models/circle_glow.png using Guid(db188f73ce041d042a8ab08d3b0e3b61) Importer(2089858483,192608db42251d675da83286b1cce702) (ScriptedImporter) -> (artifact id: '130adc628d8708a0957ebdc5fa310021') in 0.0218472 seconds
Number of updated asset objects reloaded before import = 0Number of asset objects unloaded after import = 3

========================================================================
Received Import Request.
  Time since last request: 0.000030 seconds.
  path: Assets/FacebookSDK/Plugins/Settings/Facebook.Unity.Settings.dll
  artifactKey: Guid(b96583fe9d2614f3081becbbd70cd55f) Importer(2089858483,192608db42251d675da83286b1cce702)
Start importing Assets/FacebookSDK/Plugins/Settings/Facebook.Unity.Settings.dll using Guid(b96583fe9d2614f3081becbbd70cd55f) Importer(2089858483,192608db42251d675da83286b1cce702) (ScriptedImporter) -> (artifact id: 'c05e09cd1f0b069007300220d21c0e3e') in 0.0116714 seconds
Number of updated asset objects reloaded before import = 0Number of asset objects unloaded after import = 0

========================================================================
Received Import Request.
  Time since last request: 0.000107 seconds.
  path: Assets/Plugins/Android/play-services-basement-10.2.1.aar
  artifactKey: Guid(4ec947f967b48dd4281b0d22e11b5e6f) Importer(2089858483,192608db42251d675da83286b1cce702)
Start importing Assets/Plugins/Android/play-services-basement-10.2.1.aar using Guid(4ec947f967b48dd4281b0d22e11b5e6f) Importer(2089858483,192608db42251d675da83286b1cce702) (ScriptedImporter) -> (artifact id: 'd402432d5680bf1273cee806c171866e') in 0.009003 seconds
Number of updated asset objects reloaded before import = 0Number of asset objects unloaded after import = 0

========================================================================
Received Import Request.
  Time since last request: 0.000209 seconds.
  path: Assets/GameAnalytics/Plugins/Playmaker/SendProgressionEvent.cs
  artifactKey: Guid(b86bf966f50b94d51b995b04fd531177) Importer(2089858483,192608db42251d675da83286b1cce702)
Start importing Assets/GameAnalytics/Plugins/Playmaker/SendProgressionEvent.cs using Guid(b86bf966f50b94d51b995b04fd531177) Importer(2089858483,192608db42251d675da83286b1cce702) (ScriptedImporter) -> (artifact id: '3b0d275c477f9588f0d6b3909f814793') in 0.0073692 seconds
Number of updated asset objects reloaded before import = 0Number of asset objects unloaded after import = 0

========================================================================
Received Import Request.
  Time since last request: 0.000179 seconds.
  path: Assets/Gizmos/GameAnalytics/Images/update_orange.png
  artifactKey: Guid(810bbb19deed24f3cb7b854f9bafde26) Importer(2089858483,192608db42251d675da83286b1cce702)
Start importing Assets/Gizmos/GameAnalytics/Images/update_orange.png using Guid(810bbb19deed24f3cb7b854f9bafde26) Importer(2089858483,192608db42251d675da83286b1cce702) (ScriptedImporter) -> (artifact id: '50e9ab976efbaa2806ee6289ce652858') in 0.0241349 seconds
Number of updated asset objects reloaded before import = 0Number of asset objects unloaded after import = 1

========================================================================
Received Import Request.
  Time since last request: 0.000145 seconds.
  path: Assets/Plugins/Linux/sqlite3.so
  artifactKey: Guid(0683b20eb25df464b8f46d93396af7f6) Importer(2089858483,192608db42251d675da83286b1cce702)
Start importing Assets/Plugins/Linux/sqlite3.so using Guid(0683b20eb25df464b8f46d93396af7f6) Importer(2089858483,192608db42251d675da83286b1cce702) (ScriptedImporter) -> (artifact id: '4833f9792bf0e879c0d1256849a6c43a') in 0.0098908 seconds
Number of updated asset objects reloaded before import = 0Number of asset objects unloaded after import = 0

========================================================================
Received Import Request.
  Time since last request: 0.000147 seconds.
  path: Assets/GameAnalytics/Plugins/Playmaker/SetFacebookID.cs
  artifactKey: Guid(f8681ae77dc664e5ebcb41d47d9dc648) Importer(2089858483,192608db42251d675da83286b1cce702)
Start importing Assets/GameAnalytics/Plugins/Playmaker/SetFacebookID.cs using Guid(f8681ae77dc664e5ebcb41d47d9dc648) Importer(2089858483,192608db42251d675da83286b1cce702) (ScriptedImporter) -> (artifact id: '119c99da7bd966e18f6e09ecea0eaa84') in 0.009373 seconds
Number of updated asset objects reloaded before import = 0Number of asset objects unloaded after import = 0

========================================================================
Received Import Request.
  Time since last request: 0.000091 seconds.
  path: Assets/Gizmos/GameAnalytics/Images/default.png
  artifactKey: Guid(0a098930e63804755878cae3eada3bd7) Importer(2089858483,192608db42251d675da83286b1cce702)
Start importing Assets/Gizmos/GameAnalytics/Images/default.png using Guid(0a098930e63804755878cae3eada3bd7) Importer(2089858483,192608db42251d675da83286b1cce702) (ScriptedImporter) -> (artifact id: '9929b7dd1e60eb9508345ece4c1157a1') in 0.0291456 seconds
Number of updated asset objects reloaded before import = 0Number of asset objects unloaded after import = 1

========================================================================
Received Import Request.
  Time since last request: 0.000112 seconds.
  path: Assets/Plugins/Android/animated-vector-drawable-25.3.1.aar
  artifactKey: Guid(74c1ec775dfd64642aa0d83d134c6003) Importer(2089858483,192608db42251d675da83286b1cce702)
Start importing Assets/Plugins/Android/animated-vector-drawable-25.3.1.aar using Guid(74c1ec775dfd64642aa0d83d134c6003) Importer(2089858483,192608db42251d675da83286b1cce702) (ScriptedImporter) -> (artifact id: 'f4fdcaf12f3fa375bb67d657310bdaa8') in 0.0117983 seconds
Number of updated asset objects reloaded before import = 0Number of asset objects unloaded after import = 0

========================================================================
Received Import Request.
  Time since last request: 0.000217 seconds.
  path: Assets/Plugins/Android/play-services-ads-lite-10.2.1.aar
  artifactKey: Guid(c661e39b8abe37f4286579449e1cda5a) Importer(2089858483,192608db42251d675da83286b1cce702)
Start importing Assets/Plugins/Android/play-services-ads-lite-10.2.1.aar using Guid(c661e39b8abe37f4286579449e1cda5a) Importer(2089858483,192608db42251d675da83286b1cce702) (ScriptedImporter) -> (artifact id: '177825fdc01574e16fb08b8b7f96a528') in 0.0101761 seconds
Number of updated asset objects reloaded before import = 0Number of asset objects unloaded after import = 0

========================================================================
Received Import Request.
  Time since last request: 0.000094 seconds.
  path: Assets/Gizmos/GameAnalytics/Images/question.png
  artifactKey: Guid(f8ea67e311b0c4b2ea05718e90fd3b5b) Importer(2089858483,192608db42251d675da83286b1cce702)
Start importing Assets/Gizmos/GameAnalytics/Images/question.png using Guid(f8ea67e311b0c4b2ea05718e90fd3b5b) Importer(2089858483,192608db42251d675da83286b1cce702) (ScriptedImporter) -> (artifact id: '83f5183efbd9d6846929571aecf8fc6e') in 0.0301362 seconds
Number of updated asset objects reloaded before import = 0Number of asset objects unloaded after import = 1

========================================================================
Received Import Request.
  Time since last request: 0.000061 seconds.
  path: Assets/JMO Assets/Cartoon FX/Shaders/CFX4 Particle AlphaBlend+AddSoft.shader
  artifactKey: Guid(bfafa0382d50c244091509d50ad76a46) Importer(2089858483,192608db42251d675da83286b1cce702)
Start importing Assets/JMO Assets/Cartoon FX/Shaders/CFX4 Particle AlphaBlend+AddSoft.shader using Guid(bfafa0382d50c244091509d50ad76a46) Importer(2089858483,192608db42251d675da83286b1cce702) (ScriptedImporter) -> (artifact id: '341d75c99871b8964b50d99db78b6fe2') in 0.0290501 seconds
Number of updated asset objects reloaded before import = 0Number of asset objects unloaded after import = 1

========================================================================
Received Import Request.
  Time since last request: 0.000129 seconds.
  path: Assets/GameAnalytics/Plugins/Scripts/Enums.cs
  artifactKey: Guid(efee5ff52c83843e08be583cbb6f3c5e) Importer(2089858483,192608db42251d675da83286b1cce702)
Start importing Assets/GameAnalytics/Plugins/Scripts/Enums.cs using Guid(efee5ff52c83843e08be583cbb6f3c5e) Importer(2089858483,192608db42251d675da83286b1cce702) (ScriptedImporter) -> (artifact id: '6497dc8bb23129f4cdb629140522ddf1') in 0.0101478 seconds
Number of updated asset objects reloaded before import = 0Number of asset objects unloaded after import = 0

========================================================================
Received Import Request.
  Time since last request: 0.000175 seconds.
  path: Assets/FacebookSDK/Plugins/Editor/Facebook.Unity.Editor.dll
  artifactKey: Guid(648cc04d996094a769b985fd8de63fad) Importer(2089858483,192608db42251d675da83286b1cce702)
Start importing Assets/FacebookSDK/Plugins/Editor/Facebook.Unity.Editor.dll using Guid(648cc04d996094a769b985fd8de63fad) Importer(2089858483,192608db42251d675da83286b1cce702) (ScriptedImporter) -> (artifact id: '3f4744309a296bb6ab36b6a446cba8ca') in 0.0179036 seconds
Number of updated asset objects reloaded before import = 0Number of asset objects unloaded after import = 0

========================================================================
Received Import Request.
  Time since last request: 0.000203 seconds.
  path: Assets/JMO Assets/Cartoon FX/Shaders/CFX4 Hidden.shader
  artifactKey: Guid(d785c419efa04984c8b2ba4737a9c62e) Importer(2089858483,192608db42251d675da83286b1cce702)
Start importing Assets/JMO Assets/Cartoon FX/Shaders/CFX4 Hidden.shader using Guid(d785c419efa04984c8b2ba4737a9c62e) Importer(2089858483,192608db42251d675da83286b1cce702) (ScriptedImporter) -> (artifact id: '285ece2f41f310237fe316f1a0ba9edd') in 0.0097503 seconds
Number of updated asset objects reloaded before import = 0Number of asset objects unloaded after import = 1

========================================================================
Received Import Request.
  Time since last request: 0.000277 seconds.
  path: Assets/Plugins/WSA/Microsoft.Data.Sqlite.dll
  artifactKey: Guid(0aeb47a1cef7f964db70f8bbf1878ced) Importer(2089858483,192608db42251d675da83286b1cce702)
Start importing Assets/Plugins/WSA/Microsoft.Data.Sqlite.dll using Guid(0aeb47a1cef7f964db70f8bbf1878ced) Importer(2089858483,192608db42251d675da83286b1cce702) (ScriptedImporter) -> (artifact id: 'bd5001084ea3e1ff44e2df397b32faee') in 0.0112408 seconds
Number of updated asset objects reloaded before import = 0Number of asset objects unloaded after import = 0

========================================================================
Received Import Request.
  Time since last request: 0.000150 seconds.
  path: Assets/Plugins/WebGL/GameAnalytics.jspre
  artifactKey: Guid(163ec4bf94c105943aff6929a819f444) Importer(2089858483,192608db42251d675da83286b1cce702)
Start importing Assets/Plugins/WebGL/GameAnalytics.jspre using Guid(163ec4bf94c105943aff6929a819f444) Importer(2089858483,192608db42251d675da83286b1cce702) (ScriptedImporter) -> (artifact id: 'd2adbf9f8a4b5d52d2aaac8fa30fcc35') in 0.0113769 seconds
Number of updated asset objects reloaded before import = 0Number of asset objects unloaded after import = 0

========================================================================
Received Import Request.
  Time since last request: 0.000099 seconds.
  path: Assets/JMO Assets/Cartoon FX/Mesh/CFX_Mesh_CircularAngle.FBX
  artifactKey: Guid(cd0e4347930affd4f81cb4698d17c2ca) Importer(2089858483,192608db42251d675da83286b1cce702)
Start importing Assets/JMO Assets/Cartoon FX/Mesh/CFX_Mesh_CircularAngle.FBX using Guid(cd0e4347930affd4f81cb4698d17c2ca) Importer(2089858483,192608db42251d675da83286b1cce702) (ScriptedImporter) -> (artifact id: 'd340cd564fd564114b51bc0424beadc3') in 0.0255796 seconds
Number of updated asset objects reloaded before import = 0Number of asset objects unloaded after import = 8

========================================================================
Received Import Request.
  Time since last request: 0.000049 seconds.
  path: Assets/Plugins/Android/customtabs-25.3.1.aar
  artifactKey: Guid(ce68662ca99d557408491f2550c082d2) Importer(2089858483,192608db42251d675da83286b1cce702)
Start importing Assets/Plugins/Android/customtabs-25.3.1.aar using Guid(ce68662ca99d557408491f2550c082d2) Importer(2089858483,192608db42251d675da83286b1cce702) (ScriptedImporter) -> (artifact id: 'b29090e8c8cd36dd7c6e0041831d6d57') in 0.0104433 seconds
Number of updated asset objects reloaded before import = 0Number of asset objects unloaded after import = 0

========================================================================
Received Import Request.
  Time since last request: 0.000196 seconds.
  path: Assets/Plugins/Android/support-compat-25.3.1.aar
  artifactKey: Guid(aa5c82bc946afc04e8b9698e9b9079e6) Importer(2089858483,192608db42251d675da83286b1cce702)
Start importing Assets/Plugins/Android/support-compat-25.3.1.aar using Guid(aa5c82bc946afc04e8b9698e9b9079e6) Importer(2089858483,192608db42251d675da83286b1cce702) (ScriptedImporter) -> (artifact id: '60a9f03e876deb52ab79507965f062ee') in 0.0090164 seconds
Number of updated asset objects reloaded before import = 0Number of asset objects unloaded after import = 0

========================================================================
Received Import Request.
  Time since last request: 0.000253 seconds.
  path: Assets/JMO Assets/Cartoon FX/Scripts/CFX_LightIntensityFade.cs
  artifactKey: Guid(c2255468ea97f384a9ebbb13e497e050) Importer(2089858483,192608db42251d675da83286b1cce702)
Start importing Assets/JMO Assets/Cartoon FX/Scripts/CFX_LightIntensityFade.cs using Guid(c2255468ea97f384a9ebbb13e497e050) Importer(2089858483,192608db42251d675da83286b1cce702) (ScriptedImporter) -> (artifact id: '5dd845c458b3f722387ccbf648031ac8') in 0.0100909 seconds
Number of updated asset objects reloaded before import = 0Number of asset objects unloaded after import = 0

========================================================================
Received Import Request.
  Time since last request: 0.000168 seconds.
  path: Assets/JMO Assets/Cartoon FX/Shaders/CFX4 Particle AlphaBlend+Add VColor.shader
  artifactKey: Guid(2b9ccfaa78997ac4b9f709dd47f45e7f) Importer(2089858483,192608db42251d675da83286b1cce702)
Start importing Assets/JMO Assets/Cartoon FX/Shaders/CFX4 Particle AlphaBlend+Add VColor.shader using Guid(2b9ccfaa78997ac4b9f709dd47f45e7f) Importer(2089858483,192608db42251d675da83286b1cce702) (ScriptedImporter) -> (artifact id: '16f886518bed8a3bf5f9daac03321d27') in 0.0126141 seconds
Number of updated asset objects reloaded before import = 0Number of asset objects unloaded after import = 1

========================================================================
Received Import Request.
  Time since last request: 0.000144 seconds.
  path: Assets/JMO Assets/Cartoon FX/Scripts/CFX_LightFlicker.cs
  artifactKey: Guid(74eb290077a495b4f8489f895b2cc599) Importer(2089858483,192608db42251d675da83286b1cce702)
Start importing Assets/JMO Assets/Cartoon FX/Scripts/CFX_LightFlicker.cs using Guid(74eb290077a495b4f8489f895b2cc599) Importer(2089858483,192608db42251d675da83286b1cce702) (ScriptedImporter) -> (artifact id: '2184f7ac7eeb8e0f644c2803ae1e8f5a') in 0.0086806 seconds
Number of updated asset objects reloaded before import = 0Number of asset objects unloaded after import = 0

========================================================================
Received Import Request.
  Time since last request: 0.000227 seconds.
  path: Assets/FacebookSDK/Examples/Scripts/LogView.cs
  artifactKey: Guid(910cbe16250cb4363b70464c39fc701a) Importer(2089858483,192608db42251d675da83286b1cce702)
Start importing Assets/FacebookSDK/Examples/Scripts/LogView.cs using Guid(910cbe16250cb4363b70464c39fc701a) Importer(2089858483,192608db42251d675da83286b1cce702) (ScriptedImporter) -> (artifact id: '4525929978386fe502b2bfde91f97521') in 0.0092122 seconds
Number of updated asset objects reloaded before import = 0Number of asset objects unloaded after import = 0

========================================================================
Received Import Request.
  Time since last request: 0.000241 seconds.
  path: Assets/FacebookSDK/Plugins/Android/Facebook.Unity.IOS.dll
  artifactKey: Guid(8e39eae5889de4cae88efb8e3afdf426) Importer(2089858483,192608db42251d675da83286b1cce702)
Start importing Assets/FacebookSDK/Plugins/Android/Facebook.Unity.IOS.dll using Guid(8e39eae5889de4cae88efb8e3afdf426) Importer(2089858483,192608db42251d675da83286b1cce702) (ScriptedImporter) -> (artifact id: '684e00e11f5a257fd1def56d8fdd9422') in 0.0111421 seconds
Number of updated asset objects reloaded before import = 0Number of asset objects unloaded after import = 0

========================================================================
Received Import Request.
  Time since last request: 0.000303 seconds.
  path: Assets/Plugins/Android/support-core-ui-25.3.1.aar
  artifactKey: Guid(75e0ab03781547740a5b611e2060afa8) Importer(2089858483,192608db42251d675da83286b1cce702)
Start importing Assets/Plugins/Android/support-core-ui-25.3.1.aar using Guid(75e0ab03781547740a5b611e2060afa8) Importer(2089858483,192608db42251d675da83286b1cce702) (ScriptedImporter) -> (artifact id: 'ed38d1d5d3843713a052042749c49ae3') in 0.0094219 seconds
Number of updated asset objects reloaded before import = 0Number of asset objects unloaded after import = 0

========================================================================
Received Import Request.
  Time since last request: 0.000198 seconds.
  path: Assets/GameAnalytics/Plugins/Playmaker/SendResourceEvent.cs
  artifactKey: Guid(b0f8e458451f540a1b0dd6c6381858ec) Importer(2089858483,192608db42251d675da83286b1cce702)
Start importing Assets/GameAnalytics/Plugins/Playmaker/SendResourceEvent.cs using Guid(b0f8e458451f540a1b0dd6c6381858ec) Importer(2089858483,192608db42251d675da83286b1cce702) (ScriptedImporter) -> (artifact id: '577cb6205c6d86202705473424dbdeed') in 0.0091134 seconds
Number of updated asset objects reloaded before import = 0Number of asset objects unloaded after import = 0

========================================================================
Received Import Request.
  Time since last request: 0.000276 seconds.
  path: Assets/Gizmos/GameAnalytics/Images/instrument.png
  artifactKey: Guid(2ba470b4dffd848c6b267c34770cc63e) Importer(2089858483,192608db42251d675da83286b1cce702)
Start importing Assets/Gizmos/GameAnalytics/Images/instrument.png using Guid(2ba470b4dffd848c6b267c34770cc63e) Importer(2089858483,192608db42251d675da83286b1cce702) (ScriptedImporter) -> (artifact id: 'a78d18e4d0e8118ef58b59bce3a5f031') in 0.0203652 seconds
Number of updated asset objects reloaded before import = 0Number of asset objects unloaded after import = 1

========================================================================
Received Import Request.
  Time since last request: 0.000179 seconds.
  path: Assets/Plugins/iOS/GameAnalytics.h
  artifactKey: Guid(47ae3aa637bbf40d58b3c71eda712a7c) Importer(2089858483,192608db42251d675da83286b1cce702)
Start importing Assets/Plugins/iOS/GameAnalytics.h using Guid(47ae3aa637bbf40d58b3c71eda712a7c) Importer(2089858483,192608db42251d675da83286b1cce702) (ScriptedImporter) -> (artifact id: '4f5bd5ffd1a8478a80573c73b8daa9c3') in 0.0088181 seconds
Number of updated asset objects reloaded before import = 0Number of asset objects unloaded after import = 0

========================================================================
Received Import Request.
  Time since last request: 0.000270 seconds.
  path: Assets/Plugins/Android/support-v4-25.3.1.aar
  artifactKey: Guid(a5eab19bd550437409b8b5143b905534) Importer(2089858483,192608db42251d675da83286b1cce702)
Start importing Assets/Plugins/Android/support-v4-25.3.1.aar using Guid(a5eab19bd550437409b8b5143b905534) Importer(2089858483,192608db42251d675da83286b1cce702) (ScriptedImporter) -> (artifact id: '127ef2d18c9ba72b31a2e40015bdda8a') in 0.0078199 seconds
Number of updated asset objects reloaded before import = 0Number of asset objects unloaded after import = 0

========================================================================
Received Import Request.
  Time since last request: 0.000178 seconds.
  path: Assets/FacebookSDK/Examples/Scripts/ConsoleBase.cs
  artifactKey: Guid(e8659f5605d094c19a8b7ef9471c3603) Importer(2089858483,192608db42251d675da83286b1cce702)
Start importing Assets/FacebookSDK/Examples/Scripts/ConsoleBase.cs using Guid(e8659f5605d094c19a8b7ef9471c3603) Importer(2089858483,192608db42251d675da83286b1cce702) (ScriptedImporter) -> (artifact id: 'e8dc604e20006e239b3b860cab9a4ea9') in 0.0103415 seconds
Number of updated asset objects reloaded before import = 0Number of asset objects unloaded after import = 0

========================================================================
Received Import Request.
  Time since last request: 0.000177 seconds.
  path: Assets/Plugins/WSA/MetroLog.dll
  artifactKey: Guid(6b3de5787bfa25a42bdf9810558c381a) Importer(2089858483,192608db42251d675da83286b1cce702)
Start importing Assets/Plugins/WSA/MetroLog.dll using Guid(6b3de5787bfa25a42bdf9810558c381a) Importer(2089858483,192608db42251d675da83286b1cce702) (ScriptedImporter) -> (artifact id: 'e449e22964b246d60baa1976f361bdf3') in 0.0131451 seconds
Number of updated asset objects reloaded before import = 0Number of asset objects unloaded after import = 0

========================================================================
Received Import Request.
  Time since last request: 0.000252 seconds.
  path: Assets/Resources/GameAnalytics/Settings.asset
  artifactKey: Guid(3e607fde52747f14ea7a8c33006d2373) Importer(2089858483,192608db42251d675da83286b1cce702)
Start importing Assets/Resources/GameAnalytics/Settings.asset using Guid(3e607fde52747f14ea7a8c33006d2373) Importer(2089858483,192608db42251d675da83286b1cce702) (ScriptedImporter) -> (artifact id: 'aacc0b79ef96098dfaac1cf0fde66dd6') in 0.0429581 seconds
Number of updated asset objects reloaded before import = 0Number of asset objects unloaded after import = 10

========================================================================
Received Import Request.
  Time since last request: 0.000055 seconds.
  path: Assets/JMO Assets/Cartoon FX/Shaders/CFXM_MobileParticleAdd_Alpha8.shader
  artifactKey: Guid(bccaaca1f83315c4aad8d95e28fd9149) Importer(2089858483,192608db42251d675da83286b1cce702)
Start importing Assets/JMO Assets/Cartoon FX/Shaders/CFXM_MobileParticleAdd_Alpha8.shader using Guid(bccaaca1f83315c4aad8d95e28fd9149) Importer(2089858483,192608db42251d675da83286b1cce702) (ScriptedImporter) -> (artifact id: 'b1793e233f7aa69fd48122cd70c44f1d') in 0.0107681 seconds
Number of updated asset objects reloaded before import = 0Number of asset objects unloaded after import = 1

========================================================================
Received Import Request.
  Time since last request: 0.000267 seconds.
  path: Assets/FacebookSDK/Plugins/iOS/Facebook.Unity.Android.dll
  artifactKey: Guid(b9a25d03b1f684d23802c9f01e45d5b5) Importer(2089858483,192608db42251d675da83286b1cce702)
Start importing Assets/FacebookSDK/Plugins/iOS/Facebook.Unity.Android.dll using Guid(b9a25d03b1f684d23802c9f01e45d5b5) Importer(2089858483,192608db42251d675da83286b1cce702) (ScriptedImporter) -> (artifact id: 'dea8f66ddb5e7131f68c4ac3ea861015') in 0.0110877 seconds
Number of updated asset objects reloaded before import = 0Number of asset objects unloaded after import = 0

========================================================================
Received Import Request.
  Time since last request: 0.000262 seconds.
  path: Assets/Plugins/Android/support-core-utils-25.3.1.aar
  artifactKey: Guid(d7f9cde9bd1588e4bbe0c8770a4b96bd) Importer(2089858483,192608db42251d675da83286b1cce702)
Start importing Assets/Plugins/Android/support-core-utils-25.3.1.aar using Guid(d7f9cde9bd1588e4bbe0c8770a4b96bd) Importer(2089858483,192608db42251d675da83286b1cce702) (ScriptedImporter) -> (artifact id: '64c9f0b35e89144ec70bad965e79327f') in 0.0099827 seconds
Number of updated asset objects reloaded before import = 0Number of asset objects unloaded after import = 0

========================================================================
Received Import Request.
  Time since last request: 0.000163 seconds.
  path: Assets/Gizmos/GameAnalytics/Images/active.png
  artifactKey: Guid(2a410468f562749b09418cdaaa03e6c3) Importer(2089858483,192608db42251d675da83286b1cce702)
Start importing Assets/Gizmos/GameAnalytics/Images/active.png using Guid(2a410468f562749b09418cdaaa03e6c3) Importer(2089858483,192608db42251d675da83286b1cce702) (ScriptedImporter) -> (artifact id: 'fa367c4fa641fb4c1deebd75e5898d0d') in 0.0272812 seconds
Number of updated asset objects reloaded before import = 0Number of asset objects unloaded after import = 1

========================================================================
Received Import Request.
  Time since last request: 0.000219 seconds.
  path: Assets/Plugins/Android/gameanalytics.jar
  artifactKey: Guid(03518abdd0e8c944aa7b42388a9dee86) Importer(2089858483,192608db42251d675da83286b1cce702)
Start importing Assets/Plugins/Android/gameanalytics.jar using Guid(03518abdd0e8c944aa7b42388a9dee86) Importer(2089858483,192608db42251d675da83286b1cce702) (ScriptedImporter) -> (artifact id: '88cf1ec6a54644cdd6fd164c35f88b86') in 0.0102114 seconds
Number of updated asset objects reloaded before import = 0Number of asset objects unloaded after import = 0

========================================================================
Received Import Request.
  Time since last request: 0.000172 seconds.
  path: Assets/Gizmos/GameAnalytics/Images/delete.png
  artifactKey: Guid(85a626f1668244d30a4e9f616991a793) Importer(2089858483,192608db42251d675da83286b1cce702)
Start importing Assets/Gizmos/GameAnalytics/Images/delete.png using Guid(85a626f1668244d30a4e9f616991a793) Importer(2089858483,192608db42251d675da83286b1cce702) (ScriptedImporter) -> (artifact id: '3725e967542b6edd3a979fb7280a8937') in 0.0214156 seconds
Number of updated asset objects reloaded before import = 0Number of asset objects unloaded after import = 1

========================================================================
Received Import Request.
  Time since last request: 0.000115 seconds.
  path: Assets/Plugins/Android/appcompat-v7-25.3.1.aar
  artifactKey: Guid(5bf72dd51fb3b46449e148cafb29bf4c) Importer(2089858483,192608db42251d675da83286b1cce702)
Start importing Assets/Plugins/Android/appcompat-v7-25.3.1.aar using Guid(5bf72dd51fb3b46449e148cafb29bf4c) Importer(2089858483,192608db42251d675da83286b1cce702) (ScriptedImporter) -> (artifact id: '3284b0bfae5c65d14f9cf6911c3d50ba') in 0.0097368 seconds
Number of updated asset objects reloaded before import = 0Number of asset objects unloaded after import = 0

========================================================================
Received Import Request.
  Time since last request: 0.000293 seconds.
  path: Assets/GameAnalytics/Plugins/Playmaker/SendBusinessEvent.cs
  artifactKey: Guid(1c4b16e44b6ce4aa3829724d9730e8b6) Importer(2089858483,192608db42251d675da83286b1cce702)
Start importing Assets/GameAnalytics/Plugins/Playmaker/SendBusinessEvent.cs using Guid(1c4b16e44b6ce4aa3829724d9730e8b6) Importer(2089858483,192608db42251d675da83286b1cce702) (ScriptedImporter) -> (artifact id: '7fff67cfdf01bd84e4cb054d387be7a1') in 0.0069258 seconds
Number of updated asset objects reloaded before import = 0Number of asset objects unloaded after import = 0

========================================================================
Received Import Request.
  Time since last request: 0.000300 seconds.
  path: Assets/JMO Assets/Cartoon FX/Shaders/CFX4 Particle AlphaBlend+Add.shader
  artifactKey: Guid(d0cbb1e8abde3d34985dedf3a1c17ce6) Importer(2089858483,192608db42251d675da83286b1cce702)
Start importing Assets/JMO Assets/Cartoon FX/Shaders/CFX4 Particle AlphaBlend+Add.shader using Guid(d0cbb1e8abde3d34985dedf3a1c17ce6) Importer(2089858483,192608db42251d675da83286b1cce702) (ScriptedImporter) -> (artifact id: '62010228a00dc9640d28bc2b41e07717') in 0.0165633 seconds
Number of updated asset objects reloaded before import = 0Number of asset objects unloaded after import = 1

========================================================================
Received Import Request.
  Time since last request: 0.000148 seconds.
  path: Assets/Plugins/tvOS/libGameAnalyticsTVOS.a
  artifactKey: Guid(d3ca28f8a6c264997b626bff1013edec) Importer(2089858483,192608db42251d675da83286b1cce702)
Start importing Assets/Plugins/tvOS/libGameAnalyticsTVOS.a using Guid(d3ca28f8a6c264997b626bff1013edec) Importer(2089858483,192608db42251d675da83286b1cce702) (ScriptedImporter) -> (artifact id: '797194cb67f44f25b6c28b1cf89cd932') in 0.0111744 seconds
Number of updated asset objects reloaded before import = 0Number of asset objects unloaded after import = 0

========================================================================
Received Import Request.
  Time since last request: 0.000228 seconds.
  path: Assets/GameAnalytics/Plugins/Playmaker/SetBirthYear.cs
  artifactKey: Guid(a33c8b483b1e44d1f8b3f245ddf86a92) Importer(2089858483,192608db42251d675da83286b1cce702)
Start importing Assets/GameAnalytics/Plugins/Playmaker/SetBirthYear.cs using Guid(a33c8b483b1e44d1f8b3f245ddf86a92) Importer(2089858483,192608db42251d675da83286b1cce702) (ScriptedImporter) -> (artifact id: 'bde67bdc773de1dacaf2e0e8845e0988') in 0.0095492 seconds
Number of updated asset objects reloaded before import = 0Number of asset objects unloaded after import = 0

========================================================================
Received Import Request.
  Time since last request: 0.000190 seconds.
  path: Assets/FacebookSDK/Plugins/Gameroom/Facebook.Unity.Gameroom.dll
  artifactKey: Guid(ae27fa02993ca4f10ae3e03a0b3504d4) Importer(2089858483,192608db42251d675da83286b1cce702)
Start importing Assets/FacebookSDK/Plugins/Gameroom/Facebook.Unity.Gameroom.dll using Guid(ae27fa02993ca4f10ae3e03a0b3504d4) Importer(2089858483,192608db42251d675da83286b1cce702) (ScriptedImporter) -> (artifact id: 'fd985be6ce26d7931047bbe753e78bbd') in 0.0121348 seconds
Number of updated asset objects reloaded before import = 0Number of asset objects unloaded after import = 0

========================================================================
Received Import Request.
  Time since last request: 0.000243 seconds.
  path: Assets/Plugins/SamsungTV/sqlite3.h
  artifactKey: Guid(496a0307096f3cb4e816f8e580b26bf1) Importer(2089858483,192608db42251d675da83286b1cce702)
Start importing Assets/Plugins/SamsungTV/sqlite3.h using Guid(496a0307096f3cb4e816f8e580b26bf1) Importer(2089858483,192608db42251d675da83286b1cce702) (ScriptedImporter) -> (artifact id: '0eddb15f3e61bacc1bc1c6136862ac91') in 0.0065066 seconds
Number of updated asset objects reloaded before import = 0Number of asset objects unloaded after import = 0

========================================================================
Received Import Request.
  Time since last request: 0.000232 seconds.
  path: Assets/GameAnalytics/Plugins/Playmaker/SetGender.cs
  artifactKey: Guid(97ec62ec0ef3146848489c895c622d42) Importer(2089858483,192608db42251d675da83286b1cce702)
Start importing Assets/GameAnalytics/Plugins/Playmaker/SetGender.cs using Guid(97ec62ec0ef3146848489c895c622d42) Importer(2089858483,192608db42251d675da83286b1cce702) (ScriptedImporter) -> (artifact id: '3e85164ed56c9171038861ba9b8326ac') in 0.0092474 seconds
Number of updated asset objects reloaded before import = 0Number of asset objects unloaded after import = 0

========================================================================
Received Import Request.
  Time since last request: 0.000248 seconds.
  path: Assets/Gizmos/GameAnalytics/Images/home.png
  artifactKey: Guid(fe7e2ecc9b2fe447bafe90f6395d4709) Importer(2089858483,192608db42251d675da83286b1cce702)
Start importing Assets/Gizmos/GameAnalytics/Images/home.png using Guid(fe7e2ecc9b2fe447bafe90f6395d4709) Importer(2089858483,192608db42251d675da83286b1cce702) (ScriptedImporter) -> (artifact id: '3130bc6b7fe1ac7d08b0545b987416b7') in 0.0189202 seconds
Number of updated asset objects reloaded before import = 0Number of asset objects unloaded after import = 1

========================================================================
Received Import Request.
  Time since last request: 0.000093 seconds.
  path: Assets/Scripting/ProgressionScript.cs
  artifactKey: Guid(e3966f5e511fa174193e01a8e0964127) Importer(2089858483,192608db42251d675da83286b1cce702)
Start importing Assets/Scripting/ProgressionScript.cs using Guid(e3966f5e511fa174193e01a8e0964127) Importer(2089858483,192608db42251d675da83286b1cce702) (ScriptedImporter) -> (artifact id: 'a659b96000992a4f7b08e434a457aacb') in 0.0101402 seconds
Number of updated asset objects reloaded before import = 0Number of asset objects unloaded after import = 0

========================================================================
Received Import Request.
  Time since last request: 0.000286 seconds.
  path: Assets/FacebookSDK/Plugins/Android/Facebook.Unity.Android.dll
  artifactKey: Guid(31f452f376ff7452198deafc9b34e67e) Importer(2089858483,192608db42251d675da83286b1cce702)
Start importing Assets/FacebookSDK/Plugins/Android/Facebook.Unity.Android.dll using Guid(31f452f376ff7452198deafc9b34e67e) Importer(2089858483,192608db42251d675da83286b1cce702) (ScriptedImporter) -> (artifact id: '5a7fef15bef3ddf314436e707ad3ed8c') in 0.0093035 seconds
Number of updated asset objects reloaded before import = 0Number of asset objects unloaded after import = 0

========================================================================
Received Import Request.
  Time since last request: 0.000210 seconds.
  path: Assets/Scripting/CollectibleSpawnerScript.cs
  artifactKey: Guid(063b933fbed86f349adfbfe904c2d07f) Importer(2089858483,192608db42251d675da83286b1cce702)
Start importing Assets/Scripting/CollectibleSpawnerScript.cs using Guid(063b933fbed86f349adfbfe904c2d07f) Importer(2089858483,192608db42251d675da83286b1cce702) (ScriptedImporter) -> (artifact id: 'ad819a248fbdb1a625774d80499dfa20') in 0.0072966 seconds
Number of updated asset objects reloaded before import = 0Number of asset objects unloaded after import = 0

========================================================================
Received Import Request.
  Time since last request: 0.000263 seconds.
  path: Assets/PlayServicesResolver/Editor/play-services-resolver_v1.2.59.0.txt
  artifactKey: Guid(d52999cf5def4ad089097f1f0ac72dcd) Importer(2089858483,192608db42251d675da83286b1cce702)
Start importing Assets/PlayServicesResolver/Editor/play-services-resolver_v1.2.59.0.txt using Guid(d52999cf5def4ad089097f1f0ac72dcd) Importer(2089858483,192608db42251d675da83286b1cce702) (ScriptedImporter) -> (artifact id: '7c79f61b6d1d743a6e51bf5614e48061') in 0.0113119 seconds
Number of updated asset objects reloaded before import = 0Number of asset objects unloaded after import = 1

========================================================================
Received Import Request.
  Time since last request: 0.000127 seconds.
  path: Assets/JMO Assets/Cartoon FX/Editor/CFX_SpawnSystemEditor.cs
  artifactKey: Guid(a20330d93336f2245901dbd9a34b88f8) Importer(2089858483,192608db42251d675da83286b1cce702)
Start importing Assets/JMO Assets/Cartoon FX/Editor/CFX_SpawnSystemEditor.cs using Guid(a20330d93336f2245901dbd9a34b88f8) Importer(2089858483,192608db42251d675da83286b1cce702) (ScriptedImporter) -> (artifact id: 'ee1b026e198bbab3a370add5505e0b84') in 0.0082733 seconds
Number of updated asset objects reloaded before import = 0Number of asset objects unloaded after import = 0

========================================================================
Received Import Request.
  Time since last request: 0.000207 seconds.
  path: Assets/Scripting/ScoreScript.cs
  artifactKey: Guid(b7226ff1b2b8c8544b58b836af8a0758) Importer(2089858483,192608db42251d675da83286b1cce702)
Start importing Assets/Scripting/ScoreScript.cs using Guid(b7226ff1b2b8c8544b58b836af8a0758) Importer(2089858483,192608db42251d675da83286b1cce702) (ScriptedImporter) -> (artifact id: '3efd0cf7054bd0c690583577c8a563db') in 0.0064094 seconds
Number of updated asset objects reloaded before import = 0Number of asset objects unloaded after import = 0

========================================================================
Received Import Request.
  Time since last request: 0.000267 seconds.
  path: Assets/Animations/ANIM_Basic_PopHard.anim
  artifactKey: Guid(96e3318a8ea59654788adaa9739f655e) Importer(2089858483,192608db42251d675da83286b1cce702)
Start importing Assets/Animations/ANIM_Basic_PopHard.anim using Guid(96e3318a8ea59654788adaa9739f655e) Importer(2089858483,192608db42251d675da83286b1cce702) (ScriptedImporter) -> (artifact id: '8444af9dccadbc1eebe6295fa88d72dc') in 0.0116677 seconds
Number of updated asset objects reloaded before import = 0Number of asset objects unloaded after import = 1

========================================================================
Received Import Request.
  Time since last request: 0.000366 seconds.
  path: Assets/Scripting/SnakeScript.cs
  artifactKey: Guid(aa41b2b4d08083c48b052031d3beee1b) Importer(2089858483,192608db42251d675da83286b1cce702)
Start importing Assets/Scripting/SnakeScript.cs using Guid(aa41b2b4d08083c48b052031d3beee1b) Importer(2089858483,192608db42251d675da83286b1cce702) (ScriptedImporter) -> (artifact id: '1f9d4ba9e0943cc6a740a304f3a69995') in 0.0139447 seconds
Number of updated asset objects reloaded before import = 0Number of asset objects unloaded after import = 0

========================================================================
Received Import Request.
  Time since last request: 0.000188 seconds.
  path: Assets/Models/icon_2.png
  artifactKey: Guid(30d80fc3116831e498eaabb1846cf590) Importer(2089858483,192608db42251d675da83286b1cce702)
Start importing Assets/Models/icon_2.png using Guid(30d80fc3116831e498eaabb1846cf590) Importer(2089858483,192608db42251d675da83286b1cce702) (ScriptedImporter) -> (artifact id: '4bcaf37f595abc52b70c01cd8d17cedc') in 0.0295685 seconds
Number of updated asset objects reloaded before import = 0Number of asset objects unloaded after import = 1

========================================================================
Received Import Request.
  Time since last request: 0.110537 seconds.
  path: Assets/JMO Assets/Cartoon FX/Shaders/CFXM_MobileParticleAlphaBlend_Alpha8.shader
  artifactKey: Guid(36fca785fe01d754d967308d5510ecb8) Importer(2089858483,192608db42251d675da83286b1cce702)
Start importing Assets/JMO Assets/Cartoon FX/Shaders/CFXM_MobileParticleAlphaBlend_Alpha8.shader using Guid(36fca785fe01d754d967308d5510ecb8) Importer(2089858483,192608db42251d675da83286b1cce702) (ScriptedImporter) -> (artifact id: '40184f1fe023d58836c78013d9306441') in 0.0145994 seconds
Number of updated asset objects reloaded before import = 0Number of asset objects unloaded after import = 1

========================================================================
Received Import Request.
  Time since last request: 0.000159 seconds.
  path: Assets/JMO Assets/Cartoon FX Easy Editor/Editor/CFXEasyEditor.cs
  artifactKey: Guid(d56b3c7055d81cb44803b5d7db4b65e0) Importer(2089858483,192608db42251d675da83286b1cce702)
Start importing Assets/JMO Assets/Cartoon FX Easy Editor/Editor/CFXEasyEditor.cs using Guid(d56b3c7055d81cb44803b5d7db4b65e0) Importer(2089858483,192608db42251d675da83286b1cce702) (ScriptedImporter) -> (artifact id: '5ed54fe397e40ec8fb813d154039381d') in 0.0084991 seconds
Number of updated asset objects reloaded before import = 0Number of asset objects unloaded after import = 0

========================================================================
Received Import Request.
  Time since last request: 0.000484 seconds.
  path: Assets/JMO Assets/Cartoon FX/Textures/CFX4_T_FadedRay A8.png
  artifactKey: Guid(d0a8896117d930b44941263b3458f8ce) Importer(2089858483,192608db42251d675da83286b1cce702)
Start importing Assets/JMO Assets/Cartoon FX/Textures/CFX4_T_FadedRay A8.png using Guid(d0a8896117d930b44941263b3458f8ce) Importer(2089858483,192608db42251d675da83286b1cce702) (ScriptedImporter) -> (artifact id: '0c9ac5427ae02a517def5d356c2e0561') in 0.0282819 seconds
Number of updated asset objects reloaded before import = 0Number of asset objects unloaded after import = 1

========================================================================
Received Import Request.
  Time since last request: 0.000301 seconds.
  path: Assets/JMO Assets/Cartoon FX/Textures/CFX3_T_SmokePuff.png
  artifactKey: Guid(aff991a95cb92204fa62dffc7e7b6ead) Importer(2089858483,192608db42251d675da83286b1cce702)
Start importing Assets/JMO Assets/Cartoon FX/Textures/CFX3_T_SmokePuff.png using Guid(aff991a95cb92204fa62dffc7e7b6ead) Importer(2089858483,192608db42251d675da83286b1cce702) (ScriptedImporter) -> (artifact id: 'b88613eff3b1fd00e5365bf8edb423f2') in 0.0325873 seconds
Number of updated asset objects reloaded before import = 0Number of asset objects unloaded after import = 1

========================================================================
Received Import Request.
  Time since last request: 0.000191 seconds.
  path: Assets/JMO Assets/Cartoon FX/Textures (Mobile)/CFXM4_T_FadedRay A8.png
  artifactKey: Guid(0c83ed21884aaf7438ea21979f4398d5) Importer(2089858483,192608db42251d675da83286b1cce702)
Start importing Assets/JMO Assets/Cartoon FX/Textures (Mobile)/CFXM4_T_FadedRay A8.png using Guid(0c83ed21884aaf7438ea21979f4398d5) Importer(2089858483,192608db42251d675da83286b1cce702) (ScriptedImporter) -> (artifact id: '3117ce06898a8b9b06b2c3ad4f7feed0') in 0.0226848 seconds
Number of updated asset objects reloaded before import = 0Number of asset objects unloaded after import = 1

========================================================================
Received Import Request.
  Time since last request: 0.000265 seconds.
  path: Assets/JMO Assets/Cartoon FX/Textures (Mobile)/CFXM4_T_Glow A8.png
  artifactKey: Guid(cc8ee3d46f7fc944a99fd713a7c1d7cf) Importer(2089858483,192608db42251d675da83286b1cce702)
Start importing Assets/JMO Assets/Cartoon FX/Textures (Mobile)/CFXM4_T_Glow A8.png using Guid(cc8ee3d46f7fc944a99fd713a7c1d7cf) Importer(2089858483,192608db42251d675da83286b1cce702) (ScriptedImporter) -> (artifact id: '0d49c089eaaf7f00767ffff6a3ac6aba') in 0.0275384 seconds
Number of updated asset objects reloaded before import = 0Number of asset objects unloaded after import = 1

========================================================================
Received Import Request.
  Time since last request: 0.000222 seconds.
  path: Assets/JMO Assets/Cartoon FX/Textures (Mobile)/CFXM4_T_Bubble_A8.png
  artifactKey: Guid(0d0f1b8fe5325fd439f05f83e182f930) Importer(2089858483,192608db42251d675da83286b1cce702)
Start importing Assets/JMO Assets/Cartoon FX/Textures (Mobile)/CFXM4_T_Bubble_A8.png using Guid(0d0f1b8fe5325fd439f05f83e182f930) Importer(2089858483,192608db42251d675da83286b1cce702) (ScriptedImporter) -> (artifact id: 'b87edd6289a17107c27a2162a4d65098') in 0.0332842 seconds
Number of updated asset objects reloaded before import = 0Number of asset objects unloaded after import = 1

========================================================================
Received Import Request.
  Time since last request: 0.000392 seconds.
  path: Assets/JMO Assets/Cartoon FX/Textures (Mobile)/CFXM_T_Bubble.png
  artifactKey: Guid(b835c469deb1d224394223d6a818d630) Importer(2089858483,192608db42251d675da83286b1cce702)
Start importing Assets/JMO Assets/Cartoon FX/Textures (Mobile)/CFXM_T_Bubble.png using Guid(b835c469deb1d224394223d6a818d630) Importer(2089858483,192608db42251d675da83286b1cce702) (ScriptedImporter) -> (artifact id: '36df400875a96311e8c9d4f445cf6e15') in 0.0271777 seconds
Number of updated asset objects reloaded before import = 0Number of asset objects unloaded after import = 1

========================================================================
Received Import Request.
  Time since last request: 0.000116 seconds.
  path: Assets/JMO Assets/Cartoon FX/Textures/CFX_T_WhiteCircleSmall.png
  artifactKey: Guid(7b11eec997e4c3044a59e4a2ff710b4e) Importer(2089858483,192608db42251d675da83286b1cce702)
Start importing Assets/JMO Assets/Cartoon FX/Textures/CFX_T_WhiteCircleSmall.png using Guid(7b11eec997e4c3044a59e4a2ff710b4e) Importer(2089858483,192608db42251d675da83286b1cce702) (ScriptedImporter) -> (artifact id: '8dff1417b150f5922713b54ce8678d15') in 0.0299403 seconds
Number of updated asset objects reloaded before import = 0Number of asset objects unloaded after import = 1

========================================================================
Received Import Request.
  Time since last request: 0.000185 seconds.
  path: Assets/JMO Assets/Cartoon FX/Textures/CFX4_T_DropRipple.png
  artifactKey: Guid(8a2ff51ac55538e40bedae7afa1c4e20) Importer(2089858483,192608db42251d675da83286b1cce702)
Start importing Assets/JMO Assets/Cartoon FX/Textures/CFX4_T_DropRipple.png using Guid(8a2ff51ac55538e40bedae7afa1c4e20) Importer(2089858483,192608db42251d675da83286b1cce702) (ScriptedImporter) -> (artifact id: 'db3fe07aba47e2d8def19cf1a9d54201') in 0.0278724 seconds
Number of updated asset objects reloaded before import = 0Number of asset objects unloaded after import = 1

========================================================================
Received Import Request.
  Time since last request: 0.000147 seconds.
  path: Assets/JMO Assets/Cartoon FX/Textures/CFX4_T_RayStraight AB.png
  artifactKey: Guid(3204d7eee6452df4984d416e14ae237d) Importer(2089858483,192608db42251d675da83286b1cce702)
Start importing Assets/JMO Assets/Cartoon FX/Textures/CFX4_T_RayStraight AB.png using Guid(3204d7eee6452df4984d416e14ae237d) Importer(2089858483,192608db42251d675da83286b1cce702) (ScriptedImporter) -> (artifact id: '4752e4a3901a6a551d634a742874cc46') in 0.026255 seconds
Number of updated asset objects reloaded before import = 0Number of asset objects unloaded after import = 1

========================================================================
Received Import Request.
  Time since last request: 0.000165 seconds.
  path: Assets/JMO Assets/Cartoon FX/Textures (Mobile)/CFXM4_T_BubbleSubtle A8.png
  artifactKey: Guid(fbc728f6ec814ad4ba93bfc367e864d8) Importer(2089858483,192608db42251d675da83286b1cce702)
Start importing Assets/JMO Assets/Cartoon FX/Textures (Mobile)/CFXM4_T_BubbleSubtle A8.png using Guid(fbc728f6ec814ad4ba93bfc367e864d8) Importer(2089858483,192608db42251d675da83286b1cce702) (ScriptedImporter) -> (artifact id: 'c39b004885f2a3955905ddfd98378834') in 0.0210379 seconds
Number of updated asset objects reloaded before import = 0Number of asset objects unloaded after import = 1

========================================================================
Received Import Request.
  Time since last request: 0.000177 seconds.
  path: Assets/JMO Assets/Cartoon FX/Textures/CFX4_T_Glow A8.png
  artifactKey: Guid(c2f0e3d4bb50cb448822ceed5edc5f5f) Importer(2089858483,192608db42251d675da83286b1cce702)
Start importing Assets/JMO Assets/Cartoon FX/Textures/CFX4_T_Glow A8.png using Guid(c2f0e3d4bb50cb448822ceed5edc5f5f) Importer(2089858483,192608db42251d675da83286b1cce702) (ScriptedImporter) -> (artifact id: '707f7151f2b075c0721b6d130f2ee859') in 0.0241229 seconds
Number of updated asset objects reloaded before import = 0Number of asset objects unloaded after import = 1

========================================================================
Received Import Request.
  Time since last request: 0.000285 seconds.
  path: Assets/JMO Assets/Cartoon FX/Textures (Mobile)/CFXM4_T_FireSoft RGB.png
  artifactKey: Guid(5e4858bcc6c74de4e90e2b6767c87d77) Importer(2089858483,192608db42251d675da83286b1cce702)
Start importing Assets/JMO Assets/Cartoon FX/Textures (Mobile)/CFXM4_T_FireSoft RGB.png using Guid(5e4858bcc6c74de4e90e2b6767c87d77) Importer(2089858483,192608db42251d675da83286b1cce702) (ScriptedImporter) -> (artifact id: 'fd9cc889b343730d57580f1c28105e0e') in 0.0255848 seconds
Number of updated asset objects reloaded before import = 0Number of asset objects unloaded after import = 1

========================================================================
Received Import Request.
  Time since last request: 0.000240 seconds.
  path: Assets/JMO Assets/Cartoon FX/Textures/CFX4_T_SpaceThruster RGB.png
  artifactKey: Guid(481635e923fb9904a9aa91f7bb063d50) Importer(2089858483,192608db42251d675da83286b1cce702)
Start importing Assets/JMO Assets/Cartoon FX/Textures/CFX4_T_SpaceThruster RGB.png using Guid(481635e923fb9904a9aa91f7bb063d50) Importer(2089858483,192608db42251d675da83286b1cce702) (ScriptedImporter) -> (artifact id: '4265e67ffd28767e3ec2f7ca034ea7e9') in 0.0215046 seconds
Number of updated asset objects reloaded before import = 0Number of asset objects unloaded after import = 1

========================================================================
Received Import Request.
  Time since last request: 0.000221 seconds.
  path: Assets/JMO Assets/Cartoon FX/Textures/CFX4_T_FireSoft RGB.png
  artifactKey: Guid(4590452e6e05a624c98b4f931f719e56) Importer(2089858483,192608db42251d675da83286b1cce702)
Start importing Assets/JMO Assets/Cartoon FX/Textures/CFX4_T_FireSoft RGB.png using Guid(4590452e6e05a624c98b4f931f719e56) Importer(2089858483,192608db42251d675da83286b1cce702) (ScriptedImporter) -> (artifact id: 'e0b6ca29c7e4c45f64e4888976aed6d0') in 0.0207776 seconds
Number of updated asset objects reloaded before import = 0Number of asset objects unloaded after import = 1

========================================================================
Received Import Request.
  Time since last request: 0.000297 seconds.
  path: Assets/JMO Assets/Cartoon FX/Textures (Mobile)/CFXM3_T_FireSparkle.png
  artifactKey: Guid(ef578d48d4897b14f92f12df68503089) Importer(2089858483,192608db42251d675da83286b1cce702)
Start importing Assets/JMO Assets/Cartoon FX/Textures (Mobile)/CFXM3_T_FireSparkle.png using Guid(ef578d48d4897b14f92f12df68503089) Importer(2089858483,192608db42251d675da83286b1cce702) (ScriptedImporter) -> (artifact id: 'ca2e0e906199411d4d3079d1802a4fee') in 0.0225296 seconds
Number of updated asset objects reloaded before import = 0Number of asset objects unloaded after import = 1

========================================================================
Received Import Request.
  Time since last request: 0.000190 seconds.
  path: Assets/JMO Assets/Cartoon FX/Textures (Mobile)/CFXM3_T_GlowDot.png
  artifactKey: Guid(ae3fa1042e1f4b245970c609dd6952c4) Importer(2089858483,192608db42251d675da83286b1cce702)
Start importing Assets/JMO Assets/Cartoon FX/Textures (Mobile)/CFXM3_T_GlowDot.png using Guid(ae3fa1042e1f4b245970c609dd6952c4) Importer(2089858483,192608db42251d675da83286b1cce702) (ScriptedImporter) -> (artifact id: '36993d37941c0e11f34ca415b399a0a4') in 0.0247727 seconds
Number of updated asset objects reloaded before import = 0Number of asset objects unloaded after import = 1

========================================================================
Received Import Request.
  Time since last request: 0.000228 seconds.
  path: Assets/JMO Assets/Cartoon FX/Textures/CFX4_T_Circle.png
  artifactKey: Guid(b6342c23be279ce4fa9ca506fb0b1b05) Importer(2089858483,192608db42251d675da83286b1cce702)
Start importing Assets/JMO Assets/Cartoon FX/Textures/CFX4_T_Circle.png using Guid(b6342c23be279ce4fa9ca506fb0b1b05) Importer(2089858483,192608db42251d675da83286b1cce702) (ScriptedImporter) -> (artifact id: '7e78131990509b452a6959399d95db68') in 0.0259393 seconds
Number of updated asset objects reloaded before import = 0Number of asset objects unloaded after import = 1

========================================================================
Received Import Request.
  Time since last request: 0.000277 seconds.
  path: Assets/JMO Assets/Cartoon FX/Textures (Mobile)/CFXM3_T_IceSmoke.png
  artifactKey: Guid(8d5678f01a805b84eafa29e231b62e70) Importer(2089858483,192608db42251d675da83286b1cce702)
Start importing Assets/JMO Assets/Cartoon FX/Textures (Mobile)/CFXM3_T_IceSmoke.png using Guid(8d5678f01a805b84eafa29e231b62e70) Importer(2089858483,192608db42251d675da83286b1cce702) (ScriptedImporter) -> (artifact id: 'c596e11c36731cc70ebe6c98ec580261') in 0.0223438 seconds
Number of updated asset objects reloaded before import = 0Number of asset objects unloaded after import = 1

========================================================================
Received Import Request.
  Time since last request: 0.000247 seconds.
  path: Assets/JMO Assets/Cartoon FX/Textures (Mobile)/CFXM4_T_PaintHit.png
  artifactKey: Guid(2f346e5a18b944049985b1504f4bfb7a) Importer(2089858483,192608db42251d675da83286b1cce702)
Start importing Assets/JMO Assets/Cartoon FX/Textures (Mobile)/CFXM4_T_PaintHit.png using Guid(2f346e5a18b944049985b1504f4bfb7a) Importer(2089858483,192608db42251d675da83286b1cce702) (ScriptedImporter) -> (artifact id: '5a2ffdf3388081da4ba007b1a315d322') in 0.0213994 seconds
Number of updated asset objects reloaded before import = 0Number of asset objects unloaded after import = 1

========================================================================
Received Import Request.
  Time since last request: 0.000230 seconds.
  path: Assets/JMO Assets/Cartoon FX/Textures (Mobile)/CFXM4_T_SmokePuff AB.png
  artifactKey: Guid(aaef5940111a28f4cb52faceddaace5b) Importer(2089858483,192608db42251d675da83286b1cce702)
Start importing Assets/JMO Assets/Cartoon FX/Textures (Mobile)/CFXM4_T_SmokePuff AB.png using Guid(aaef5940111a28f4cb52faceddaace5b) Importer(2089858483,192608db42251d675da83286b1cce702) (ScriptedImporter) -> (artifact id: '2048ba08f9386f5ea09c658b0e37ce6e') in 0.0234908 seconds
Number of updated asset objects reloaded before import = 0Number of asset objects unloaded after import = 1

========================================================================
Received Import Request.
  Time since last request: 0.000220 seconds.
  path: Assets/JMO Assets/Cartoon FX/Textures/CFX4_T_RayRounded A8.png
  artifactKey: Guid(63bafb36c6048aa40aa780a532b9107f) Importer(2089858483,192608db42251d675da83286b1cce702)
Start importing Assets/JMO Assets/Cartoon FX/Textures/CFX4_T_RayRounded A8.png using Guid(63bafb36c6048aa40aa780a532b9107f) Importer(2089858483,192608db42251d675da83286b1cce702) (ScriptedImporter) -> (artifact id: '9afad3735b3fec953a34020cb96c857c') in 0.0182682 seconds
Number of updated asset objects reloaded before import = 0Number of asset objects unloaded after import = 1

========================================================================
Received Import Request.
  Time since last request: 0.000113 seconds.
  path: Assets/JMO Assets/Cartoon FX/Textures/CFX4_T_BubbleSubtle A8.png
  artifactKey: Guid(2b1e7eedd7ee0e84495e702c91bc240a) Importer(2089858483,192608db42251d675da83286b1cce702)
Start importing Assets/JMO Assets/Cartoon FX/Textures/CFX4_T_BubbleSubtle A8.png using Guid(2b1e7eedd7ee0e84495e702c91bc240a) Importer(2089858483,192608db42251d675da83286b1cce702) (ScriptedImporter) -> (artifact id: 'f5e7b9129617e5495d9e1f2ac0b271a2') in 0.0200835 seconds
Number of updated asset objects reloaded before import = 0Number of asset objects unloaded after import = 1

========================================================================
Received Import Request.
  Time since last request: 0.000237 seconds.
  path: Assets/JMO Assets/Cartoon FX/Textures/CFX3_T_GlowDot.png
  artifactKey: Guid(3deb8633c6b720d42aab1c61a340a3af) Importer(2089858483,192608db42251d675da83286b1cce702)
Start importing Assets/JMO Assets/Cartoon FX/Textures/CFX3_T_GlowDot.png using Guid(3deb8633c6b720d42aab1c61a340a3af) Importer(2089858483,192608db42251d675da83286b1cce702) (ScriptedImporter) -> (artifact id: '48c1bb992592df7ccfd880c423df6216') in 0.026424 seconds
Number of updated asset objects reloaded before import = 0Number of asset objects unloaded after import = 1

========================================================================
Received Import Request.
  Time since last request: 0.000318 seconds.
  path: Assets/JMO Assets/Cartoon FX/Textures/CFX4_T_SplashBubble A8.png
  artifactKey: Guid(11abeca53e910f843af98d9f2de44a7a) Importer(2089858483,192608db42251d675da83286b1cce702)
Start importing Assets/JMO Assets/Cartoon FX/Textures/CFX4_T_SplashBubble A8.png using Guid(11abeca53e910f843af98d9f2de44a7a) Importer(2089858483,192608db42251d675da83286b1cce702) (ScriptedImporter) -> (artifact id: '5ad2c1e6b33868c79bf889a116640e16') in 0.0195281 seconds
Number of updated asset objects reloaded before import = 0Number of asset objects unloaded after import = 1

========================================================================
Received Import Request.
  Time since last request: 0.000411 seconds.
  path: Assets/JMO Assets/Cartoon FX/Textures/CFX4_T_FireSparkle AB.png
  artifactKey: Guid(a43df71831daf9b46a415af7066b0aee) Importer(2089858483,192608db42251d675da83286b1cce702)
Start importing Assets/JMO Assets/Cartoon FX/Textures/CFX4_T_FireSparkle AB.png using Guid(a43df71831daf9b46a415af7066b0aee) Importer(2089858483,192608db42251d675da83286b1cce702) (ScriptedImporter) -> (artifact id: '9f13395f428f92d716c17462a8cb1080') in 0.022521 seconds
Number of updated asset objects reloaded before import = 0Number of asset objects unloaded after import = 1

========================================================================
Received Import Request.
  Time since last request: 0.000183 seconds.
  path: Assets/JMO Assets/Cartoon FX/Textures (Mobile)/CFXM3_T_GlowStar.png
  artifactKey: Guid(6cfb04d83be10e549887ebb5340a46f9) Importer(2089858483,192608db42251d675da83286b1cce702)
Start importing Assets/JMO Assets/Cartoon FX/Textures (Mobile)/CFXM3_T_GlowStar.png using Guid(6cfb04d83be10e549887ebb5340a46f9) Importer(2089858483,192608db42251d675da83286b1cce702) (ScriptedImporter) -> (artifact id: '6f6e54f6d236faf69098c259ad89283c') in 0.021732 seconds
Number of updated asset objects reloaded before import = 0Number of asset objects unloaded after import = 1

========================================================================
Received Import Request.
  Time since last request: 0.000067 seconds.
  path: Assets/JMO Assets/Cartoon FX/Textures/CFX4_T_GroundDebris AB.png
  artifactKey: Guid(1e3c761df42153c439e30160ebb12adc) Importer(2089858483,192608db42251d675da83286b1cce702)
Start importing Assets/JMO Assets/Cartoon FX/Textures/CFX4_T_GroundDebris AB.png using Guid(1e3c761df42153c439e30160ebb12adc) Importer(2089858483,192608db42251d675da83286b1cce702) (ScriptedImporter) -> (artifact id: '0d19ad376b0d21930691564dc3fd63e4') in 0.0301705 seconds
Number of updated asset objects reloaded before import = 0Number of asset objects unloaded after import = 1

========================================================================
Received Import Request.
  Time since last request: 0.000121 seconds.
  path: Assets/JMO Assets/Cartoon FX/Textures (Mobile)/CFXM4_T_FireSparkle AB.png
  artifactKey: Guid(e9a94c0b81ce22b49b52e1c6874e545c) Importer(2089858483,192608db42251d675da83286b1cce702)
Start importing Assets/JMO Assets/Cartoon FX/Textures (Mobile)/CFXM4_T_FireSparkle AB.png using Guid(e9a94c0b81ce22b49b52e1c6874e545c) Importer(2089858483,192608db42251d675da83286b1cce702) (ScriptedImporter) -> (artifact id: '0698143e2c20124fcb32fbff4981bdf0') in 0.0202059 seconds
Number of updated asset objects reloaded before import = 0Number of asset objects unloaded after import = 1

========================================================================
Received Import Request.
  Time since last request: 0.000149 seconds.
  path: Assets/JMO Assets/Cartoon FX/Textures (Mobile)/CFXM4_T_RayStraight AB.png
  artifactKey: Guid(f1d6964859f171d438f4a27eaf80eb85) Importer(2089858483,192608db42251d675da83286b1cce702)
Start importing Assets/JMO Assets/Cartoon FX/Textures (Mobile)/CFXM4_T_RayStraight AB.png using Guid(f1d6964859f171d438f4a27eaf80eb85) Importer(2089858483,192608db42251d675da83286b1cce702) (ScriptedImporter) -> (artifact id: '1cc88d2a3a7f5a2784197fb513839518') in 0.0205845 seconds
Number of updated asset objects reloaded before import = 0Number of asset objects unloaded after import = 1

========================================================================
Received Import Request.
  Time since last request: 0.000103 seconds.
  path: Assets/JMO Assets/Cartoon FX/Textures (Mobile)/CFXM4_T_Flower.png
  artifactKey: Guid(cdbd2c77446b7584096e2c843a290f68) Importer(2089858483,192608db42251d675da83286b1cce702)
Start importing Assets/JMO Assets/Cartoon FX/Textures (Mobile)/CFXM4_T_Flower.png using Guid(cdbd2c77446b7584096e2c843a290f68) Importer(2089858483,192608db42251d675da83286b1cce702) (ScriptedImporter) -> (artifact id: '5c94d4ce0cd20bcf65ec41ad8d7825e4') in 0.0231516 seconds
Number of updated asset objects reloaded before import = 0Number of asset objects unloaded after import = 1

========================================================================
Received Import Request.
  Time since last request: 0.000062 seconds.
  path: Assets/JMO Assets/Cartoon FX/Textures (Mobile)/CFXM4_T_Anim_WiggleLine.png
  artifactKey: Guid(6656dd1e27cba4c4ba1675fefdc7002d) Importer(2089858483,192608db42251d675da83286b1cce702)
Start importing Assets/JMO Assets/Cartoon FX/Textures (Mobile)/CFXM4_T_Anim_WiggleLine.png using Guid(6656dd1e27cba4c4ba1675fefdc7002d) Importer(2089858483,192608db42251d675da83286b1cce702) (ScriptedImporter) -> (artifact id: '18c3788ad26335a938d07ea5798fe3e8') in 0.0214268 seconds
Number of updated asset objects reloaded before import = 0Number of asset objects unloaded after import = 1

========================================================================
Received Import Request.
  Time since last request: 0.000101 seconds.
  path: Assets/Plugins/Windows/x86/sqlite3.dll
  artifactKey: Guid(68544a0857d96482ca2440c0ffef392a) Importer(2089858483,192608db42251d675da83286b1cce702)
Start importing Assets/Plugins/Windows/x86/sqlite3.dll using Guid(68544a0857d96482ca2440c0ffef392a) Importer(2089858483,192608db42251d675da83286b1cce702) (ScriptedImporter) -> (artifact id: '43150719c6e7c3bd2cb1bd03bf667fd4') in 0.0091234 seconds
Number of updated asset objects reloaded before import = 0Number of asset objects unloaded after import = 0

========================================================================
Received Import Request.
  Time since last request: 0.000250 seconds.
  path: Assets/JMO Assets/Cartoon FX/Textures (Mobile)/CFXM4_T_SplashWave A8.png
  artifactKey: Guid(9e8b2f1d791ee3b4a81f05242a19cd0a) Importer(2089858483,192608db42251d675da83286b1cce702)
Start importing Assets/JMO Assets/Cartoon FX/Textures (Mobile)/CFXM4_T_SplashWave A8.png using Guid(9e8b2f1d791ee3b4a81f05242a19cd0a) Importer(2089858483,192608db42251d675da83286b1cce702) (ScriptedImporter) -> (artifact id: 'd96c7ed96fa730b5f8c390d37af030db') in 0.0217459 seconds
Number of updated asset objects reloaded before import = 0Number of asset objects unloaded after import = 1

========================================================================
Received Import Request.
  Time since last request: 0.000065 seconds.
  path: Assets/GameAnalytics/Plugins/Scripts/State/GAState.cs
  artifactKey: Guid(35cbb352079de40f7aa3f481c1fa42c1) Importer(2089858483,192608db42251d675da83286b1cce702)
Start importing Assets/GameAnalytics/Plugins/Scripts/State/GAState.cs using Guid(35cbb352079de40f7aa3f481c1fa42c1) Importer(2089858483,192608db42251d675da83286b1cce702) (ScriptedImporter) -> (artifact id: '1e7d87276b6e2b455f67b4ad65598c9c') in 0.0101428 seconds
Number of updated asset objects reloaded before import = 0Number of asset objects unloaded after import = 0

========================================================================
Received Import Request.
  Time since last request: 0.000150 seconds.
  path: Assets/Plugins/WSA/PhoneSDK81/System.Data.Common.dll
  artifactKey: Guid(939603f428dd72b4faa6cf4691c1ae81) Importer(2089858483,192608db42251d675da83286b1cce702)
Start importing Assets/Plugins/WSA/PhoneSDK81/System.Data.Common.dll using Guid(939603f428dd72b4faa6cf4691c1ae81) Importer(2089858483,192608db42251d675da83286b1cce702) (ScriptedImporter) -> (artifact id: '31319ee11df86b44bf40e3e080fcbbf9') in 0.0081219 seconds
Number of updated asset objects reloaded before import = 0Number of asset objects unloaded after import = 0

========================================================================
Received Import Request.
  Time since last request: 0.000204 seconds.
  path: Assets/JMO Assets/Cartoon FX/CFX4 Prefabs/Fire/CFX4 Flamme (CFX Blend).prefab
  artifactKey: Guid(22200c07957f44949922840407f97c33) Importer(2089858483,192608db42251d675da83286b1cce702)
Start importing Assets/JMO Assets/Cartoon FX/CFX4 Prefabs/Fire/CFX4 Flamme (CFX Blend).prefab using Guid(22200c07957f44949922840407f97c33) Importer(2089858483,192608db42251d675da83286b1cce702) (ScriptedImporter) -> (artifact id: '3b4734b40db05cfd05ca5beafc378b80') in 0.1476092 seconds
Number of updated asset objects reloaded before import = 0Number of asset objects unloaded after import = 15

========================================================================
Received Import Request.
  Time since last request: 0.000041 seconds.
  path: Assets/Plugins/WSA/x86/sqlite3.dll
  artifactKey: Guid(e0d67af8a5037e14796a31a6cec80537) Importer(2089858483,192608db42251d675da83286b1cce702)
Start importing Assets/Plugins/WSA/x86/sqlite3.dll using Guid(e0d67af8a5037e14796a31a6cec80537) Importer(2089858483,192608db42251d675da83286b1cce702) (ScriptedImporter) -> (artifact id: '6cbc0bbf726a08fc5a731ab86129aafb') in 0.0084506 seconds
Number of updated asset objects reloaded before import = 0Number of asset objects unloaded after import = 0

========================================================================
Received Import Request.
  Time since last request: 0.000074 seconds.
  path: Assets/FacebookSDK/Examples/Scripts/SubMenus/AppEvents.cs
  artifactKey: Guid(e3c0dd81ff77c4c30834810815c69f6d) Importer(2089858483,192608db42251d675da83286b1cce702)
Start importing Assets/FacebookSDK/Examples/Scripts/SubMenus/AppEvents.cs using Guid(e3c0dd81ff77c4c30834810815c69f6d) Importer(2089858483,192608db42251d675da83286b1cce702) (ScriptedImporter) -> (artifact id: '112f6ce3e0d5a0ed431aa56cd9121583') in 0.0071797 seconds
Number of updated asset objects reloaded before import = 0Number of asset objects unloaded after import = 0

========================================================================
Received Import Request.
  Time since last request: 0.000154 seconds.
  path: Assets/JMO Assets/Cartoon FX/CFX4 Prefabs/Misc/CFX4 Drill Ground Hit (NO COLLISION).prefab
  artifactKey: Guid(92ba5b3e25408d242a7f0d1926e15e0d) Importer(2089858483,192608db42251d675da83286b1cce702)
Start importing Assets/JMO Assets/Cartoon FX/CFX4 Prefabs/Misc/CFX4 Drill Ground Hit (NO COLLISION).prefab using Guid(92ba5b3e25408d242a7f0d1926e15e0d) Importer(2089858483,192608db42251d675da83286b1cce702) (ScriptedImporter) -> (artifact id: 'f52baa67a24f8d6054eb9396f9f9cbd8') in 0.0613449 seconds
Number of updated asset objects reloaded before import = 0Number of asset objects unloaded after import = 16

========================================================================
Received Import Request.
  Time since last request: 0.000043 seconds.
  path: Assets/JMO Assets/Cartoon FX/CFX4 Prefabs/Explosions/CFX4 Black Monster Explosion (Big).prefab
  artifactKey: Guid(e716f20fa2e331744a256ca65b770354) Importer(2089858483,192608db42251d675da83286b1cce702)
Start importing Assets/JMO Assets/Cartoon FX/CFX4 Prefabs/Explosions/CFX4 Black Monster Explosion (Big).prefab using Guid(e716f20fa2e331744a256ca65b770354) Importer(2089858483,192608db42251d675da83286b1cce702) (ScriptedImporter) -> (artifact id: '99f068f9051e5d923633a7e11a6b3908') in 0.0687271 seconds
Number of updated asset objects reloaded before import = 0Number of asset objects unloaded after import = 20

========================================================================
Received Import Request.
  Time since last request: 0.000036 seconds.
  path: Assets/JMO Assets/Cartoon FX/CFX4 Prefabs/Explosions/CFX4 Spiky Explosion.prefab
  artifactKey: Guid(0335ac9c6b697e54494e51a7abf8b161) Importer(2089858483,192608db42251d675da83286b1cce702)
Start importing Assets/JMO Assets/Cartoon FX/CFX4 Prefabs/Explosions/CFX4 Spiky Explosion.prefab using Guid(0335ac9c6b697e54494e51a7abf8b161) Importer(2089858483,192608db42251d675da83286b1cce702) (ScriptedImporter) -> (artifact id: 'fffeafe67f054b7992168d985584fc2e') in 0.0627355 seconds
Number of updated asset objects reloaded before import = 0Number of asset objects unloaded after import = 15

========================================================================
Received Import Request.
  Time since last request: 0.000099 seconds.
  path: Assets/JMO Assets/Cartoon FX/CFX4 Prefabs/Fire/CFX4 Flamethrower.prefab
  artifactKey: Guid(1581291ddcec7fe46bc80c9de8fba1ed) Importer(2089858483,192608db42251d675da83286b1cce702)
Start importing Assets/JMO Assets/Cartoon FX/CFX4 Prefabs/Fire/CFX4 Flamethrower.prefab using Guid(1581291ddcec7fe46bc80c9de8fba1ed) Importer(2089858483,192608db42251d675da83286b1cce702) (ScriptedImporter) -> (artifact id: 'bbc8890ab5fa3d24dc56e52c86dbee78') in 0.0579365 seconds
Number of updated asset objects reloaded before import = 0Number of asset objects unloaded after import = 15

========================================================================
Received Import Request.
  Time since last request: 0.000050 seconds.
  path: Assets/JMO Assets/Cartoon FX/CFX4 Prefabs/Light/CFX4 Aura Bubble B (CFX Blend).prefab
  artifactKey: Guid(ad1b23e162e640442a4ab8b204e88dd1) Importer(2089858483,192608db42251d675da83286b1cce702)
Start importing Assets/JMO Assets/Cartoon FX/CFX4 Prefabs/Light/CFX4 Aura Bubble B (CFX Blend).prefab using Guid(ad1b23e162e640442a4ab8b204e88dd1) Importer(2089858483,192608db42251d675da83286b1cce702) (ScriptedImporter) -> (artifact id: '3aed4565f869e02ee7d1e87505898389') in 0.0659811 seconds
Number of updated asset objects reloaded before import = 0Number of asset objects unloaded after import = 10

========================================================================
Received Import Request.
  Time since last request: 0.000043 seconds.
  path: Assets/GameAnalytics/Plugins/Scripts/Wrapper/GA_AndroidWrapper.cs
  artifactKey: Guid(95ca1d00b4a004e3f9f69da6258ecdb1) Importer(2089858483,192608db42251d675da83286b1cce702)
Start importing Assets/GameAnalytics/Plugins/Scripts/Wrapper/GA_AndroidWrapper.cs using Guid(95ca1d00b4a004e3f9f69da6258ecdb1) Importer(2089858483,192608db42251d675da83286b1cce702) (ScriptedImporter) -> (artifact id: '5090d5ce1dd4c09955c1f261111b3afd') in 0.0121951 seconds
Number of updated asset objects reloaded before import = 0Number of asset objects unloaded after import = 0

========================================================================
Received Import Request.
  Time since last request: 0.000223 seconds.
  path: Assets/Plugins/WSA/PhoneSDK81/GameAnalytics.WSA.dll
  artifactKey: Guid(d90bfab77e868704da268da43e09aedf) Importer(2089858483,192608db42251d675da83286b1cce702)
Start importing Assets/Plugins/WSA/PhoneSDK81/GameAnalytics.WSA.dll using Guid(d90bfab77e868704da268da43e09aedf) Importer(2089858483,192608db42251d675da83286b1cce702) (ScriptedImporter) -> (artifact id: 'b7e1d5037df615989d4edb034042dbc9') in 0.0141371 seconds
Number of updated asset objects reloaded before import = 0Number of asset objects unloaded after import = 0

========================================================================
Received Import Request.
  Time since last request: 0.000110 seconds.
  path: Assets/FacebookSDK/Plugins/Android/libs/bolts-applinks-1.4.0.jar
  artifactKey: Guid(ad9abf2a4af9a44f5a5619f301ba9206) Importer(2089858483,192608db42251d675da83286b1cce702)
Start importing Assets/FacebookSDK/Plugins/Android/libs/bolts-applinks-1.4.0.jar using Guid(ad9abf2a4af9a44f5a5619f301ba9206) Importer(2089858483,192608db42251d675da83286b1cce702) (ScriptedImporter) -> (artifact id: 'd4e3f9771af97b4add6eaddc2a1b0289') in 0.0074 seconds
Number of updated asset objects reloaded before import = 0Number of asset objects unloaded after import = 0

========================================================================
Received Import Request.
  Time since last request: 0.000307 seconds.
  path: Assets/FacebookSDK/SDK/Editor/iOS/FBUnityInterface.h
  artifactKey: Guid(511e95bcdad89425999ccbb3e315246a) Importer(2089858483,192608db42251d675da83286b1cce702)
Start importing Assets/FacebookSDK/SDK/Editor/iOS/FBUnityInterface.h using Guid(511e95bcdad89425999ccbb3e315246a) Importer(2089858483,192608db42251d675da83286b1cce702) (ScriptedImporter) -> (artifact id: '9e18c169e30c9ee288db348d0f483f11') in 0.0080328 seconds
Number of updated asset objects reloaded before import = 0Number of asset objects unloaded after import = 0

========================================================================
Received Import Request.
  Time since last request: 0.000168 seconds.
  path: Assets/JMO Assets/Cartoon FX/CFX4 Prefabs/Magic/CFX4 Magical Ring Loop.prefab
  artifactKey: Guid(19c1c55d595ea10499abecf9c0a3352b) Importer(2089858483,192608db42251d675da83286b1cce702)
Start importing Assets/JMO Assets/Cartoon FX/CFX4 Prefabs/Magic/CFX4 Magical Ring Loop.prefab using Guid(19c1c55d595ea10499abecf9c0a3352b) Importer(2089858483,192608db42251d675da83286b1cce702) (ScriptedImporter) -> (artifact id: 'fbf079b3191f2a4c2030e19284241ba4') in 0.0590328 seconds
Number of updated asset objects reloaded before import = 0Number of asset objects unloaded after import = 14

========================================================================
Received Import Request.
  Time since last request: 0.000031 seconds.
  path: Assets/FacebookSDK/Examples/Scripts/SubMenus/AccessTokenMenu.cs
  artifactKey: Guid(4cc408e158eec46b28b93a44fc8819ff) Importer(2089858483,192608db42251d675da83286b1cce702)
Start importing Assets/FacebookSDK/Examples/Scripts/SubMenus/AccessTokenMenu.cs using Guid(4cc408e158eec46b28b93a44fc8819ff) Importer(2089858483,192608db42251d675da83286b1cce702) (ScriptedImporter) -> (artifact id: '420b0058d27befcb5d85e87fb70eae16') in 0.007539 seconds
Number of updated asset objects reloaded before import = 0Number of asset objects unloaded after import = 0

========================================================================
Received Import Request.
  Time since last request: 0.000386 seconds.
  path: Assets/FacebookSDK/Examples/Scripts/SubMenus/AppInvites.cs
  artifactKey: Guid(2dd0cfad778f94eecbb977b7abd5a0ec) Importer(2089858483,192608db42251d675da83286b1cce702)
Start importing Assets/FacebookSDK/Examples/Scripts/SubMenus/AppInvites.cs using Guid(2dd0cfad778f94eecbb977b7abd5a0ec) Importer(2089858483,192608db42251d675da83286b1cce702) (ScriptedImporter) -> (artifact id: '8714bfeb7e6a09af991893a287581420') in 0.0076477 seconds
Number of updated asset objects reloaded before import = 0Number of asset objects unloaded after import = 0

========================================================================
Received Import Request.
  Time since last request: 0.000066 seconds.
  path: Assets/JMO Assets/Cartoon FX/CFX4 Prefabs/Explosions/CFX4 Wave Explosion.prefab
  artifactKey: Guid(458abc31c1901574c81e0230331212b5) Importer(2089858483,192608db42251d675da83286b1cce702)
Start importing Assets/JMO Assets/Cartoon FX/CFX4 Prefabs/Explosions/CFX4 Wave Explosion.prefab using Guid(458abc31c1901574c81e0230331212b5) Importer(2089858483,192608db42251d675da83286b1cce702) (ScriptedImporter) -> (artifact id: '4a6dbb7506daafa672ca29c773c10eeb') in 0.0680901 seconds
Number of updated asset objects reloaded before import = 0Number of asset objects unloaded after import = 24

========================================================================
Received Import Request.
  Time since last request: 0.000043 seconds.
  path: Assets/JMO Assets/Cartoon FX/CFX4 Prefabs/Magic/CFX4 Shiny.prefab
  artifactKey: Guid(fb8acc16a72373a4194d39936eb135a7) Importer(2089858483,192608db42251d675da83286b1cce702)
Start importing Assets/JMO Assets/Cartoon FX/CFX4 Prefabs/Magic/CFX4 Shiny.prefab using Guid(fb8acc16a72373a4194d39936eb135a7) Importer(2089858483,192608db42251d675da83286b1cce702) (ScriptedImporter) -> (artifact id: 'd935fff853ec75614a9b8cd2ba3aed5f') in 0.0620033 seconds
Number of updated asset objects reloaded before import = 0Number of asset objects unloaded after import = 18

========================================================================
Received Import Request.
  Time since last request: 0.000062 seconds.
  path: Assets/JMO Assets/Cartoon FX/CFX4 Prefabs/Misc/CFX4 Hit B (Orange, CFX Blend).prefab
  artifactKey: Guid(8c5a23e1fa204cd41a886439f4552900) Importer(2089858483,192608db42251d675da83286b1cce702)
Start importing Assets/JMO Assets/Cartoon FX/CFX4 Prefabs/Misc/CFX4 Hit B (Orange, CFX Blend).prefab using Guid(8c5a23e1fa204cd41a886439f4552900) Importer(2089858483,192608db42251d675da83286b1cce702) (ScriptedImporter) -> (artifact id: '057a8741c871ee1b973b1f6930a271a4') in 0.0656894 seconds
Number of updated asset objects reloaded before import = 0Number of asset objects unloaded after import = 11

========================================================================
Received Import Request.
  Time since last request: 0.000044 seconds.
  path: Assets/JMO Assets/Cartoon FX/CFX4 Prefabs/Misc/CFX4 Hit Flower.prefab
  artifactKey: Guid(052ffd13d4b7f4646badbb6e3de12fd6) Importer(2089858483,192608db42251d675da83286b1cce702)
Start importing Assets/JMO Assets/Cartoon FX/CFX4 Prefabs/Misc/CFX4 Hit Flower.prefab using Guid(052ffd13d4b7f4646badbb6e3de12fd6) Importer(2089858483,192608db42251d675da83286b1cce702) (ScriptedImporter) -> (artifact id: '8fb62f3c78356e1d2d66a0770c07a13f') in 0.0679023 seconds
Number of updated asset objects reloaded before import = 0Number of asset objects unloaded after import = 15

========================================================================
Received Import Request.
  Time since last request: 0.000047 seconds.
  path: Assets/JMO Assets/Cartoon FX/CFX4 Prefabs/Water/CFX4 Rain (NO COLLISION).prefab
  artifactKey: Guid(9ce5fd06ac549bb48be3607210ad4c5d) Importer(2089858483,192608db42251d675da83286b1cce702)
Start importing Assets/JMO Assets/Cartoon FX/CFX4 Prefabs/Water/CFX4 Rain (NO COLLISION).prefab using Guid(9ce5fd06ac549bb48be3607210ad4c5d) Importer(2089858483,192608db42251d675da83286b1cce702) (ScriptedImporter) -> (artifact id: 'f2738360da791bc9eb9e82c6fbf93a38') in 0.0873649 seconds
Number of updated asset objects reloaded before import = 0Number of asset objects unloaded after import = 16

========================================================================
Received Import Request.
  Time since last request: 0.000051 seconds.
  path: Assets/JMO Assets/Cartoon FX/CFX4 Prefabs/Water/CFX4 Environment Bubbles Dense.prefab
  artifactKey: Guid(6c0c5be12b74beb49a5350eb2f3459c9) Importer(2089858483,192608db42251d675da83286b1cce702)
Start importing Assets/JMO Assets/Cartoon FX/CFX4 Prefabs/Water/CFX4 Environment Bubbles Dense.prefab using Guid(6c0c5be12b74beb49a5350eb2f3459c9) Importer(2089858483,192608db42251d675da83286b1cce702) (ScriptedImporter) -> (artifact id: 'f811dc92937e037b218e354ae5961f59') in 0.0836266 seconds
Number of updated asset objects reloaded before import = 0Number of asset objects unloaded after import = 6

========================================================================
Received Import Request.
  Time since last request: 0.000053 seconds.
  path: Assets/JMO Assets/Cartoon FX/CFX4 Prefabs/Misc/CFX4 SmokePuff Ground A.prefab
  artifactKey: Guid(794c2f5a017428d4a87f5726c32865a8) Importer(2089858483,192608db42251d675da83286b1cce702)
Start importing Assets/JMO Assets/Cartoon FX/CFX4 Prefabs/Misc/CFX4 SmokePuff Ground A.prefab using Guid(794c2f5a017428d4a87f5726c32865a8) Importer(2089858483,192608db42251d675da83286b1cce702) (ScriptedImporter) -> (artifact id: '9117f9680d3be4df1584ffb257374395') in 0.0534819 seconds
Number of updated asset objects reloaded before import = 0Number of asset objects unloaded after import = 7

========================================================================
Received Import Request.
  Time since last request: 0.000043 seconds.
  path: Assets/JMO Assets/Cartoon FX/CFX4 Prefabs/Space/CFX4_Space Thruster B (Blue, CFX Blend).prefab
  artifactKey: Guid(0d44316b57ba91f4ab140bd78dd95ed7) Importer(2089858483,192608db42251d675da83286b1cce702)
Start importing Assets/JMO Assets/Cartoon FX/CFX4 Prefabs/Space/CFX4_Space Thruster B (Blue, CFX Blend).prefab using Guid(0d44316b57ba91f4ab140bd78dd95ed7) Importer(2089858483,192608db42251d675da83286b1cce702) (ScriptedImporter) -> (artifact id: 'c2ddfd884bf0e045091b563cdbeb1140') in 0.06833 seconds
Number of updated asset objects reloaded before import = 0Number of asset objects unloaded after import = 11

========================================================================
Received Import Request.
  Time since last request: 0.000046 seconds.
  path: Assets/JMO Assets/Cartoon FX/CFX4 Prefabs/Space/CFX4 Donut Teleporter (CFX Blend).prefab
  artifactKey: Guid(ab27e9bcc3fcf6749aa3bd88453c7a48) Importer(2089858483,192608db42251d675da83286b1cce702)
Start importing Assets/JMO Assets/Cartoon FX/CFX4 Prefabs/Space/CFX4 Donut Teleporter (CFX Blend).prefab using Guid(ab27e9bcc3fcf6749aa3bd88453c7a48) Importer(2089858483,192608db42251d675da83286b1cce702) (ScriptedImporter) -> (artifact id: '81ff387205dd8c65fcf080b407ae3f07') in 0.0527514 seconds
Number of updated asset objects reloaded before import = 0Number of asset objects unloaded after import = 7

========================================================================
Received Import Request.
  Time since last request: 0.000056 seconds.
  path: Assets/JMO Assets/Cartoon FX/CFX4 Prefabs/Misc/CFX4 Hit Paint A (Cyan).prefab
  artifactKey: Guid(41785d1944950594fba746f59a850412) Importer(2089858483,192608db42251d675da83286b1cce702)
Start importing Assets/JMO Assets/Cartoon FX/CFX4 Prefabs/Misc/CFX4 Hit Paint A (Cyan).prefab using Guid(41785d1944950594fba746f59a850412) Importer(2089858483,192608db42251d675da83286b1cce702) (ScriptedImporter) -> (artifact id: '09730f47b4caab9feadce46dc9114116') in 0.0616689 seconds
Number of updated asset objects reloaded before import = 0Number of asset objects unloaded after import = 11

========================================================================
Received Import Request.
  Time since last request: 0.000034 seconds.
  path: Assets/GameAnalytics/Plugins/Playmaker/Editor/PlayMakerPresenceCheck.cs
  artifactKey: Guid(59b631ff074a747748991261a24f2a0d) Importer(2089858483,192608db42251d675da83286b1cce702)
Start importing Assets/GameAnalytics/Plugins/Playmaker/Editor/PlayMakerPresenceCheck.cs using Guid(59b631ff074a747748991261a24f2a0d) Importer(2089858483,192608db42251d675da83286b1cce702) (ScriptedImporter) -> (artifact id: 'd04698d21c9b493c61de14e2983e6729') in 0.0079911 seconds
Number of updated asset objects reloaded before import = 0Number of asset objects unloaded after import = 0

========================================================================
Received Import Request.
  Time since last request: 0.000164 seconds.
  path: Assets/JMO Assets/Cartoon FX/CFX4 Prefabs/Water/CFX4 Bubbles Breathing.prefab
  artifactKey: Guid(3e4ce1511c5afd941a93d3f0d0577dc3) Importer(2089858483,192608db42251d675da83286b1cce702)
Start importing Assets/JMO Assets/Cartoon FX/CFX4 Prefabs/Water/CFX4 Bubbles Breathing.prefab using Guid(3e4ce1511c5afd941a93d3f0d0577dc3) Importer(2089858483,192608db42251d675da83286b1cce702) (ScriptedImporter) -> (artifact id: '0d4ba6de1b662d3739b1cfc4b8c436e1') in 0.0554502 seconds
Number of updated asset objects reloaded before import = 0Number of asset objects unloaded after import = 7

========================================================================
Received Import Request.
  Time since last request: 0.000038 seconds.
  path: Assets/JMO Assets/Cartoon FX/Textures (Mobile)/CFXM2_T_GlowSoft.png
  artifactKey: Guid(f97ec305e3ceffd4a9866904974792e7) Importer(2089858483,192608db42251d675da83286b1cce702)
Start importing Assets/JMO Assets/Cartoon FX/Textures (Mobile)/CFXM2_T_GlowSoft.png using Guid(f97ec305e3ceffd4a9866904974792e7) Importer(2089858483,192608db42251d675da83286b1cce702) (ScriptedImporter) -> (artifact id: 'b6eaad5c91631c86b6946030a727fc1e') in 0.0184379 seconds
Number of updated asset objects reloaded before import = 0Number of asset objects unloaded after import = 1

========================================================================
Received Import Request.
  Time since last request: 0.000118 seconds.
  path: Assets/JMO Assets/Cartoon FX/Textures/CFX4_T_SparksHit.png
  artifactKey: Guid(a90f18bd790c8ec409e2fa3be62f3ee7) Importer(2089858483,192608db42251d675da83286b1cce702)
Start importing Assets/JMO Assets/Cartoon FX/Textures/CFX4_T_SparksHit.png using Guid(a90f18bd790c8ec409e2fa3be62f3ee7) Importer(2089858483,192608db42251d675da83286b1cce702) (ScriptedImporter) -> (artifact id: 'bec4ce229087ab6482107772f4f81ed0') in 0.0217257 seconds
Number of updated asset objects reloaded before import = 0Number of asset objects unloaded after import = 1

========================================================================
Received Import Request.
  Time since last request: 0.000123 seconds.
  path: Assets/JMO Assets/Cartoon FX/CFX4 Prefabs/Explosions/CFX4 Firework A.prefab
  artifactKey: Guid(3275f8d729d1bf443be1630465fef042) Importer(2089858483,192608db42251d675da83286b1cce702)
Start importing Assets/JMO Assets/Cartoon FX/CFX4 Prefabs/Explosions/CFX4 Firework A.prefab using Guid(3275f8d729d1bf443be1630465fef042) Importer(2089858483,192608db42251d675da83286b1cce702) (ScriptedImporter) -> (artifact id: 'f287575d2fa0e012bdc09fdda04e1f1a') in 0.0471275 seconds
Number of updated asset objects reloaded before import = 0Number of asset objects unloaded after import = 7

========================================================================
Received Import Request.
  Time since last request: 0.000027 seconds.
  path: Assets/JMO Assets/Cartoon FX/CFX4 Prefabs/Misc/CFX4 Flash.prefab
  artifactKey: Guid(28a451ac75e5000478ebc722a9c98dc7) Importer(2089858483,192608db42251d675da83286b1cce702)
Start importing Assets/JMO Assets/Cartoon FX/CFX4 Prefabs/Misc/CFX4 Flash.prefab using Guid(28a451ac75e5000478ebc722a9c98dc7) Importer(2089858483,192608db42251d675da83286b1cce702) (ScriptedImporter) -> (artifact id: 'd87966ca28286ee4955cf42bdefe06d9') in 0.0517552 seconds
Number of updated asset objects reloaded before import = 0Number of asset objects unloaded after import = 11

========================================================================
Received Import Request.
  Time since last request: 0.000030 seconds.
  path: Assets/JMO Assets/Cartoon FX/CFX4 Prefabs/Misc/CFX4 Smoke Trail A (Curved).prefab
  artifactKey: Guid(73e35f859cfce1f43b0b91055e5f2169) Importer(2089858483,192608db42251d675da83286b1cce702)
Start importing Assets/JMO Assets/Cartoon FX/CFX4 Prefabs/Misc/CFX4 Smoke Trail A (Curved).prefab using Guid(73e35f859cfce1f43b0b91055e5f2169) Importer(2089858483,192608db42251d675da83286b1cce702) (ScriptedImporter) -> (artifact id: 'ba73979ea37ef4056c62167e2a5620f1') in 0.0371963 seconds
Number of updated asset objects reloaded before import = 0Number of asset objects unloaded after import = 10

========================================================================
Received Import Request.
  Time since last request: 0.000028 seconds.
  path: Assets/JMO Assets/Cartoon FX/CFX4 Prefabs/Water/CFX4 Rain Storm (COLLIDE).prefab
  artifactKey: Guid(814707bb66d0ffd43a742a243e0b77a9) Importer(2089858483,192608db42251d675da83286b1cce702)
Start importing Assets/JMO Assets/Cartoon FX/CFX4 Prefabs/Water/CFX4 Rain Storm (COLLIDE).prefab using Guid(814707bb66d0ffd43a742a243e0b77a9) Importer(2089858483,192608db42251d675da83286b1cce702) (ScriptedImporter) -> (artifact id: '821cad92ef564e009a1f9a6258230599') in 0.0509018 seconds
Number of updated asset objects reloaded before import = 0Number of asset objects unloaded after import = 20

========================================================================
Received Import Request.
  Time since last request: 0.000036 seconds.
  path: Assets/JMO Assets/Cartoon FX/Textures (Mobile)/CFXM4_T_Glow AB.png
  artifactKey: Guid(6c264a9665c3cc247a26f5d4600228f4) Importer(2089858483,192608db42251d675da83286b1cce702)
Start importing Assets/JMO Assets/Cartoon FX/Textures (Mobile)/CFXM4_T_Glow AB.png using Guid(6c264a9665c3cc247a26f5d4600228f4) Importer(2089858483,192608db42251d675da83286b1cce702) (ScriptedImporter) -> (artifact id: '80eaa4df5e557cfe1646c149e428e043') in 0.0120421 seconds
Number of updated asset objects reloaded before import = 0Number of asset objects unloaded after import = 1

========================================================================
Received Import Request.
  Time since last request: 0.000173 seconds.
  path: Assets/GameAnalytics/Plugins/Scripts/Events/GA_Error.cs
  artifactKey: Guid(e80bd2212bced4389864d19a834a7ae2) Importer(2089858483,192608db42251d675da83286b1cce702)
Start importing Assets/GameAnalytics/Plugins/Scripts/Events/GA_Error.cs using Guid(e80bd2212bced4389864d19a834a7ae2) Importer(2089858483,192608db42251d675da83286b1cce702) (ScriptedImporter) -> (artifact id: '1ff44048cf09551c5df880154528a15b') in 0.0060035 seconds
Number of updated asset objects reloaded before import = 0Number of asset objects unloaded after import = 0

========================================================================
Received Import Request.
  Time since last request: 0.000080 seconds.
  path: Assets/GameAnalytics/Plugins/Scripts/Wrapper/GA_TizenWrapper.cs
  artifactKey: Guid(765d24f4e7ad33545adebb304b525f01) Importer(2089858483,192608db42251d675da83286b1cce702)
Start importing Assets/GameAnalytics/Plugins/Scripts/Wrapper/GA_TizenWrapper.cs using Guid(765d24f4e7ad33545adebb304b525f01) Importer(2089858483,192608db42251d675da83286b1cce702) (ScriptedImporter) -> (artifact id: 'f71bb5ce685be70c4ba1af070013737f') in 0.0048961 seconds
Number of updated asset objects reloaded before import = 0Number of asset objects unloaded after import = 0

========================================================================
Received Import Request.
  Time since last request: 0.000124 seconds.
  path: Assets/JMO Assets/Cartoon FX/Textures (Mobile)/CFXM4_T_SpaceThruster RGB.png
  artifactKey: Guid(2afeaecb789a6354192cc0055a251aeb) Importer(2089858483,192608db42251d675da83286b1cce702)
Start importing Assets/JMO Assets/Cartoon FX/Textures (Mobile)/CFXM4_T_SpaceThruster RGB.png using Guid(2afeaecb789a6354192cc0055a251aeb) Importer(2089858483,192608db42251d675da83286b1cce702) (ScriptedImporter) -> (artifact id: '4beeaa40e963e7d6ee08bcefeb3befea') in 0.0120013 seconds
Number of updated asset objects reloaded before import = 0Number of asset objects unloaded after import = 1

========================================================================
Received Import Request.
  Time since last request: 0.000044 seconds.
  path: Assets/FacebookSDK/Examples/Scripts/SubMenus/Pay.cs
  artifactKey: Guid(7f08c9721703046ec883e57562184726) Importer(2089858483,192608db42251d675da83286b1cce702)
Start importing Assets/FacebookSDK/Examples/Scripts/SubMenus/Pay.cs using Guid(7f08c9721703046ec883e57562184726) Importer(2089858483,192608db42251d675da83286b1cce702) (ScriptedImporter) -> (artifact id: '34c9e821e1e4ae050f2130142b8a112d') in 0.0044226 seconds
Number of updated asset objects reloaded before import = 0Number of asset objects unloaded after import = 0

========================================================================
Received Import Request.
  Time since last request: 0.000128 seconds.
  path: Assets/JMO Assets/Cartoon FX/CFX4 Prefabs/Fire/CFX4 Fire (CFX Blend).prefab
  artifactKey: Guid(7824ce9f85b468a40bc592bb6298b2cb) Importer(2089858483,192608db42251d675da83286b1cce702)
Start importing Assets/JMO Assets/Cartoon FX/CFX4 Prefabs/Fire/CFX4 Fire (CFX Blend).prefab using Guid(7824ce9f85b468a40bc592bb6298b2cb) Importer(2089858483,192608db42251d675da83286b1cce702) (ScriptedImporter) -> (artifact id: '42c4b2234c7221e9d246b7c70c2fc9e1') in 0.0360243 seconds
Number of updated asset objects reloaded before import = 0Number of asset objects unloaded after import = 15

========================================================================
Received Import Request.
  Time since last request: 0.000020 seconds.
  path: Assets/JMO Assets/Cartoon FX/CFX4 Prefabs/Light/CFX4 Aura Bubble A.prefab
  artifactKey: Guid(fad9a6ca071be354daf0864aad7785c1) Importer(2089858483,192608db42251d675da83286b1cce702)
Start importing Assets/JMO Assets/Cartoon FX/CFX4 Prefabs/Light/CFX4 Aura Bubble A.prefab using Guid(fad9a6ca071be354daf0864aad7785c1) Importer(2089858483,192608db42251d675da83286b1cce702) (ScriptedImporter) -> (artifact id: '5322529e3f834a6377f6fc769311edc5') in 0.0292296 seconds
Number of updated asset objects reloaded before import = 0Number of asset objects unloaded after import = 6

========================================================================
Received Import Request.
  Time since last request: 0.000147 seconds.
  path: Assets/JMO Assets/Cartoon FX/CFX4 Prefabs/Space/CFX4_Space Disintegrate (CFX Blend).prefab
  artifactKey: Guid(93e8003aa122fb048a567b8b14d88f8d) Importer(2089858483,192608db42251d675da83286b1cce702)
Start importing Assets/JMO Assets/Cartoon FX/CFX4 Prefabs/Space/CFX4_Space Disintegrate (CFX Blend).prefab using Guid(93e8003aa122fb048a567b8b14d88f8d) Importer(2089858483,192608db42251d675da83286b1cce702) (ScriptedImporter) -> (artifact id: 'bd3a220e19cc89325fffdcf6c7c8cc41') in 0.0443341 seconds
Number of updated asset objects reloaded before import = 0Number of asset objects unloaded after import = 11

========================================================================
Received Import Request.
  Time since last request: 0.000020 seconds.
  path: Assets/FacebookSDK/Examples/Scripts/SubMenus/AppLinks.cs
  artifactKey: Guid(f9f0b7257fa054227be6e26bf1f6b339) Importer(2089858483,192608db42251d675da83286b1cce702)
Start importing Assets/FacebookSDK/Examples/Scripts/SubMenus/AppLinks.cs using Guid(f9f0b7257fa054227be6e26bf1f6b339) Importer(2089858483,192608db42251d675da83286b1cce702) (ScriptedImporter) -> (artifact id: '8111ab402b29bba9f3354227e3f3d800') in 0.0059674 seconds
Number of updated asset objects reloaded before import = 0Number of asset objects unloaded after import = 0

========================================================================
Received Import Request.
  Time since last request: 0.000085 seconds.
  path: Assets/JMO Assets/Cartoon FX/CFX4 Prefabs/Water/CFX4 Bubbles Breath Loop.prefab
  artifactKey: Guid(03f77f2af54d99c439318fee96714d11) Importer(2089858483,192608db42251d675da83286b1cce702)
Start importing Assets/JMO Assets/Cartoon FX/CFX4 Prefabs/Water/CFX4 Bubbles Breath Loop.prefab using Guid(03f77f2af54d99c439318fee96714d11) Importer(2089858483,192608db42251d675da83286b1cce702) (ScriptedImporter) -> (artifact id: '88d004e940d925c5125f2bf11ae2697f') in 0.0345715 seconds
Number of updated asset objects reloaded before import = 0Number of asset objects unloaded after import = 7

========================================================================
Received Import Request.
  Time since last request: 0.000022 seconds.
  path: Assets/JMO Assets/Cartoon FX/CFX4 Prefabs/Fire/CFX4 Fire Vortex.prefab
  artifactKey: Guid(dffe9865d3829844a9277535d5b30198) Importer(2089858483,192608db42251d675da83286b1cce702)
Start importing Assets/JMO Assets/Cartoon FX/CFX4 Prefabs/Fire/CFX4 Fire Vortex.prefab using Guid(dffe9865d3829844a9277535d5b30198) Importer(2089858483,192608db42251d675da83286b1cce702) (ScriptedImporter) -> (artifact id: '3f743a3498326f9a6eb71e40645a5811') in 0.0394357 seconds
Number of updated asset objects reloaded before import = 0Number of asset objects unloaded after import = 19

========================================================================
Received Import Request.
  Time since last request: 0.000030 seconds.
  path: Assets/JMO Assets/Cartoon FX/Textures/CFX3_T_IceSmoke.png
  artifactKey: Guid(962c1ab87533f4147a2a711570bea884) Importer(2089858483,192608db42251d675da83286b1cce702)
Start importing Assets/JMO Assets/Cartoon FX/Textures/CFX3_T_IceSmoke.png using Guid(962c1ab87533f4147a2a711570bea884) Importer(2089858483,192608db42251d675da83286b1cce702) (ScriptedImporter) -> (artifact id: '3a233d32242ca3877f3282ee6fab931d') in 0.0166594 seconds
Number of updated asset objects reloaded before import = 0Number of asset objects unloaded after import = 1

========================================================================
Received Import Request.
  Time since last request: 0.000159 seconds.
  path: Assets/JMO Assets/Cartoon FX/Textures/CFX4_T_Foam A8.png
  artifactKey: Guid(9dd1a066ff7a96b4fa6bc237ac8d61e8) Importer(2089858483,192608db42251d675da83286b1cce702)
Start importing Assets/JMO Assets/Cartoon FX/Textures/CFX4_T_Foam A8.png using Guid(9dd1a066ff7a96b4fa6bc237ac8d61e8) Importer(2089858483,192608db42251d675da83286b1cce702) (ScriptedImporter) -> (artifact id: '0af48e24601b9f72e94505621f508320') in 0.0166224 seconds
Number of updated asset objects reloaded before import = 0Number of asset objects unloaded after import = 1

========================================================================
Received Import Request.
  Time since last request: 0.000220 seconds.
  path: Assets/JMO Assets/Cartoon FX/CFX4 Prefabs/Light/CFX4 Aurora.prefab
  artifactKey: Guid(15db3f8430b912b45a91c9744dcb5fac) Importer(2089858483,192608db42251d675da83286b1cce702)
Start importing Assets/JMO Assets/Cartoon FX/CFX4 Prefabs/Light/CFX4 Aurora.prefab using Guid(15db3f8430b912b45a91c9744dcb5fac) Importer(2089858483,192608db42251d675da83286b1cce702) (ScriptedImporter) -> (artifact id: '87a05358fa64cd203e16c9e28aa31ff2') in 0.0433224 seconds
Number of updated asset objects reloaded before import = 0Number of asset objects unloaded after import = 6

========================================================================
Received Import Request.
  Time since last request: 0.014123 seconds.
  path: Assets/JMO Assets/Cartoon FX/CFX4 Prefabs/Misc/CFX4 Hit Paint C (Cyan).prefab
  artifactKey: Guid(f2dba9e16cd347f44a395b8204544ee5) Importer(2089858483,192608db42251d675da83286b1cce702)
Start importing Assets/JMO Assets/Cartoon FX/CFX4 Prefabs/Misc/CFX4 Hit Paint C (Cyan).prefab using Guid(f2dba9e16cd347f44a395b8204544ee5) Importer(2089858483,192608db42251d675da83286b1cce702) (ScriptedImporter) -> (artifact id: '9d0a9a0da1fa4190caf5dbbd0975fbcb') in 0.0377585 seconds
Number of updated asset objects reloaded before import = 0Number of asset objects unloaded after import = 11

========================================================================
Received Import Request.
  Time since last request: 0.000027 seconds.
  path: Assets/JMO Assets/Cartoon FX/CFX4 Prefabs/Magic/CFX4 Shiny Loop.prefab
  artifactKey: Guid(e25985b3dd3dbdc41988e9ca17e77565) Importer(2089858483,192608db42251d675da83286b1cce702)
Start importing Assets/JMO Assets/Cartoon FX/CFX4 Prefabs/Magic/CFX4 Shiny Loop.prefab using Guid(e25985b3dd3dbdc41988e9ca17e77565) Importer(2089858483,192608db42251d675da83286b1cce702) (ScriptedImporter) -> (artifact id: 'f65e6583226c697c5a74d23698e3e6b5') in 0.0469287 seconds
Number of updated asset objects reloaded before import = 0Number of asset objects unloaded after import = 18

========================================================================
Received Import Request.
  Time since last request: 0.000025 seconds.
  path: Assets/JMO Assets/Cartoon FX/CFX4 Prefabs/Misc/CFX4 Drill Air Hit (NO COLLISION).prefab
  artifactKey: Guid(f01c1eba69de19e44b04d8d651aaac37) Importer(2089858483,192608db42251d675da83286b1cce702)
Start importing Assets/JMO Assets/Cartoon FX/CFX4 Prefabs/Misc/CFX4 Drill Air Hit (NO COLLISION).prefab using Guid(f01c1eba69de19e44b04d8d651aaac37) Importer(2089858483,192608db42251d675da83286b1cce702) (ScriptedImporter) -> (artifact id: '10ee5383584887b1c422748f05c5e66b') in 0.0421071 seconds
Number of updated asset objects reloaded before import = 0Number of asset objects unloaded after import = 16

========================================================================
Received Import Request.
  Time since last request: 0.000028 seconds.
  path: Assets/JMO Assets/Cartoon FX/CFX4 Prefabs/Misc/CFX4 Hit Paint B (Cyan).prefab
  artifactKey: Guid(36423a1b328f479479b3d523b8c335f5) Importer(2089858483,192608db42251d675da83286b1cce702)
Start importing Assets/JMO Assets/Cartoon FX/CFX4 Prefabs/Misc/CFX4 Hit Paint B (Cyan).prefab using Guid(36423a1b328f479479b3d523b8c335f5) Importer(2089858483,192608db42251d675da83286b1cce702) (ScriptedImporter) -> (artifact id: 'c1b387568188d3063fdc37abe9a61e8a') in 0.0446731 seconds
Number of updated asset objects reloaded before import = 0Number of asset objects unloaded after import = 15

========================================================================
Received Import Request.
  Time since last request: 0.000116 seconds.
  path: Assets/FacebookSDK/Examples/Scripts/SubMenus/AppRequests.cs
  artifactKey: Guid(3b4c675f81a254b87adc8ad01006c580) Importer(2089858483,192608db42251d675da83286b1cce702)
Start importing Assets/FacebookSDK/Examples/Scripts/SubMenus/AppRequests.cs using Guid(3b4c675f81a254b87adc8ad01006c580) Importer(2089858483,192608db42251d675da83286b1cce702) (ScriptedImporter) -> (artifact id: '1aedfd9ffd7f55645a5a3f683d366eb2') in 0.005002 seconds
Number of updated asset objects reloaded before import = 0Number of asset objects unloaded after import = 0

========================================================================
Received Import Request.
  Time since last request: 0.000066 seconds.
  path: Assets/JMO Assets/Cartoon FX/CFX4 Prefabs/Space/CFX4_Space Thruster A (Blue, CFX Blend).prefab
  artifactKey: Guid(4f0a0d8f0e062c64998365ddff93c084) Importer(2089858483,192608db42251d675da83286b1cce702)
Start importing Assets/JMO Assets/Cartoon FX/CFX4 Prefabs/Space/CFX4_Space Thruster A (Blue, CFX Blend).prefab using Guid(4f0a0d8f0e062c64998365ddff93c084) Importer(2089858483,192608db42251d675da83286b1cce702) (ScriptedImporter) -> (artifact id: 'db8f97188ba6ca790481391316654b53') in 0.0383856 seconds
Number of updated asset objects reloaded before import = 0Number of asset objects unloaded after import = 12

========================================================================
Received Import Request.
  Time since last request: 0.000024 seconds.
  path: Assets/FacebookSDK/SDK/Editor/iOS/FBUnitySDKDelegate.m
  artifactKey: Guid(fbc51482e3ca248329707d61959f9d9d) Importer(2089858483,192608db42251d675da83286b1cce702)
Start importing Assets/FacebookSDK/SDK/Editor/iOS/FBUnitySDKDelegate.m using Guid(fbc51482e3ca248329707d61959f9d9d) Importer(2089858483,192608db42251d675da83286b1cce702) (ScriptedImporter) -> (artifact id: 'e48460172d24401892bd84a5aa1be7e3') in 0.0048937 seconds
Number of updated asset objects reloaded before import = 0Number of asset objects unloaded after import = 0

========================================================================
Received Import Request.
  Time since last request: 0.000178 seconds.
  path: Assets/JMO Assets/Cartoon FX/CFX4 Prefabs/Water/CFX4 Bubbles Choke.prefab
  artifactKey: Guid(4b3c409f1a7dbb0498ceae793fdeb3d2) Importer(2089858483,192608db42251d675da83286b1cce702)
Start importing Assets/JMO Assets/Cartoon FX/CFX4 Prefabs/Water/CFX4 Bubbles Choke.prefab using Guid(4b3c409f1a7dbb0498ceae793fdeb3d2) Importer(2089858483,192608db42251d675da83286b1cce702) (ScriptedImporter) -> (artifact id: '4212c2978e6d8ee116d0a4b20c2b8104') in 0.0453386 seconds
Number of updated asset objects reloaded before import = 0Number of asset objects unloaded after import = 7

========================================================================
Received Import Request.
  Time since last request: 0.000024 seconds.
  path: Assets/JMO Assets/Cartoon FX/CFX4 Prefabs/Water/CFX4 Bubbles Hit.prefab
  artifactKey: Guid(1b776f6d0b36bf64fb8fc38f7b4c0bc7) Importer(2089858483,192608db42251d675da83286b1cce702)
Start importing Assets/JMO Assets/Cartoon FX/CFX4 Prefabs/Water/CFX4 Bubbles Hit.prefab using Guid(1b776f6d0b36bf64fb8fc38f7b4c0bc7) Importer(2089858483,192608db42251d675da83286b1cce702) (ScriptedImporter) -> (artifact id: '2eb60d36050e98fa9c97b5c2ca15a028') in 0.0482448 seconds
Number of updated asset objects reloaded before import = 0Number of asset objects unloaded after import = 15

========================================================================
Received Import Request.
  Time since last request: 0.000033 seconds.
  path: Assets/FacebookSDK/Plugins/Android/libs/facebook-android-wrapper-7.10.1.aar
  artifactKey: Guid(54ea599a8dfca43d58ff518104d1103f) Importer(2089858483,192608db42251d675da83286b1cce702)
Start importing Assets/FacebookSDK/Plugins/Android/libs/facebook-android-wrapper-7.10.1.aar using Guid(54ea599a8dfca43d58ff518104d1103f) Importer(2089858483,192608db42251d675da83286b1cce702) (ScriptedImporter) -> (artifact id: 'e03246ce6b72ef3cbb8db0380a68f1cf') in 0.0054314 seconds
Number of updated asset objects reloaded before import = 0Number of asset objects unloaded after import = 0

========================================================================
Received Import Request.
  Time since last request: 0.000116 seconds.
  path: Assets/Plugins/WSA/SDK80/GameAnalytics.WSA.dll
  artifactKey: Guid(12deeee9946b61948bc14df559017f4f) Importer(2089858483,192608db42251d675da83286b1cce702)
Start importing Assets/Plugins/WSA/SDK80/GameAnalytics.WSA.dll using Guid(12deeee9946b61948bc14df559017f4f) Importer(2089858483,192608db42251d675da83286b1cce702) (ScriptedImporter) -> (artifact id: '86ed1c4ea6b66340c50a5e4acbba9f3b') in 0.0066628 seconds
Number of updated asset objects reloaded before import = 0Number of asset objects unloaded after import = 0

========================================================================
Received Import Request.
  Time since last request: 0.000174 seconds.
  path: Assets/JMO Assets/Cartoon FX/CFX4 Prefabs/Misc/CFX4 Hit C (White).prefab
  artifactKey: Guid(a2457b449ae815a4abc419d3ade86cbc) Importer(2089858483,192608db42251d675da83286b1cce702)
Start importing Assets/JMO Assets/Cartoon FX/CFX4 Prefabs/Misc/CFX4 Hit C (White).prefab using Guid(a2457b449ae815a4abc419d3ade86cbc) Importer(2089858483,192608db42251d675da83286b1cce702) (ScriptedImporter) -> (artifact id: '94e851e0c0569254fac41212dd5ef610') in 0.0389204 seconds
Number of updated asset objects reloaded before import = 0Number of asset objects unloaded after import = 11

========================================================================
Received Import Request.
  Time since last request: 0.000031 seconds.
  path: Assets/GameAnalytics/Plugins/Playmaker/Editor/SetGenderActionEditor.cs
  artifactKey: Guid(5592b5aec9e2e4a64b39dd56c9bdcb99) Importer(2089858483,192608db42251d675da83286b1cce702)
Start importing Assets/GameAnalytics/Plugins/Playmaker/Editor/SetGenderActionEditor.cs using Guid(5592b5aec9e2e4a64b39dd56c9bdcb99) Importer(2089858483,192608db42251d675da83286b1cce702) (ScriptedImporter) -> (artifact id: '3c564935e7b75b66812fa0b11237fffa') in 0.0051005 seconds
Number of updated asset objects reloaded before import = 0Number of asset objects unloaded after import = 0

========================================================================
Received Import Request.
  Time since last request: 0.000173 seconds.
  path: Assets/JMO Assets/Cartoon FX/CFX4 Prefabs/Magic/CFX4 Shiny (CFX Blend).prefab
  artifactKey: Guid(f739e09169482bc49bb7974c649796b9) Importer(2089858483,192608db42251d675da83286b1cce702)
Start importing Assets/JMO Assets/Cartoon FX/CFX4 Prefabs/Magic/CFX4 Shiny (CFX Blend).prefab using Guid(f739e09169482bc49bb7974c649796b9) Importer(2089858483,192608db42251d675da83286b1cce702) (ScriptedImporter) -> (artifact id: '8bb42f0b92fbca8f51c1594de74fa5a4') in 0.0416693 seconds
Number of updated asset objects reloaded before import = 0Number of asset objects unloaded after import = 19

========================================================================
Received Import Request.
  Time since last request: 0.000030 seconds.
  path: Assets/GameAnalytics/Plugins/Playmaker/Editor/SendProgressionEventActionEditor.cs
  artifactKey: Guid(0d4cc2e81a2a44fcbba82d0af4fe74fc) Importer(2089858483,192608db42251d675da83286b1cce702)
Start importing Assets/GameAnalytics/Plugins/Playmaker/Editor/SendProgressionEventActionEditor.cs using Guid(0d4cc2e81a2a44fcbba82d0af4fe74fc) Importer(2089858483,192608db42251d675da83286b1cce702) (ScriptedImporter) -> (artifact id: 'c24bde3fb33a989fe5458cd3512cbea7') in 0.0045866 seconds
Number of updated asset objects reloaded before import = 0Number of asset objects unloaded after import = 0

========================================================================
Received Import Request.
  Time since last request: 0.000186 seconds.
  path: Assets/GameAnalytics/Plugins/Scripts/Setup/Settings.cs
  artifactKey: Guid(6f78192cec1344d83a177ac5e6139ab3) Importer(2089858483,192608db42251d675da83286b1cce702)
Start importing Assets/GameAnalytics/Plugins/Scripts/Setup/Settings.cs using Guid(6f78192cec1344d83a177ac5e6139ab3) Importer(2089858483,192608db42251d675da83286b1cce702) (ScriptedImporter) -> (artifact id: 'f496e2ccd2e8ccc27c635887fde4aa77') in 0.0047188 seconds
Number of updated asset objects reloaded before import = 0Number of asset objects unloaded after import = 0

========================================================================
Received Import Request.
  Time since last request: 0.000185 seconds.
  path: Assets/FacebookSDK/Plugins/Android/libs/facebook-android-sdk-4.23.0.aar
  artifactKey: Guid(59a6d2870e48f405a82f9fedab98bb98) Importer(2089858483,192608db42251d675da83286b1cce702)
Start importing Assets/FacebookSDK/Plugins/Android/libs/facebook-android-sdk-4.23.0.aar using Guid(59a6d2870e48f405a82f9fedab98bb98) Importer(2089858483,192608db42251d675da83286b1cce702) (ScriptedImporter) -> (artifact id: '9d3ea7b2e1ba3e1392e1d666264c69e6') in 0.0055566 seconds
Number of updated asset objects reloaded before import = 0Number of asset objects unloaded after import = 0

========================================================================
Received Import Request.
  Time since last request: 0.000154 seconds.
  path: Assets/GameAnalytics/Plugins/Scripts/Utilities/GA_MiniJson.cs
  artifactKey: Guid(fb8bd556074cc4e21aa07b59846598e4) Importer(2089858483,192608db42251d675da83286b1cce702)
Start importing Assets/GameAnalytics/Plugins/Scripts/Utilities/GA_MiniJson.cs using Guid(fb8bd556074cc4e21aa07b59846598e4) Importer(2089858483,192608db42251d675da83286b1cce702) (ScriptedImporter) -> (artifact id: 'da277118a4e6f0782475612d093afd7b') in 0.0053734 seconds
Number of updated asset objects reloaded before import = 0Number of asset objects unloaded after import = 0

========================================================================
Received Import Request.
  Time since last request: 0.000089 seconds.
  path: Assets/JMO Assets/Cartoon FX/CFX4 Prefabs/Magic/CFX4 Magic Hit.prefab
  artifactKey: Guid(b395d5d6eb4b4b846acc021ee036b744) Importer(2089858483,192608db42251d675da83286b1cce702)
Start importing Assets/JMO Assets/Cartoon FX/CFX4 Prefabs/Magic/CFX4 Magic Hit.prefab using Guid(b395d5d6eb4b4b846acc021ee036b744) Importer(2089858483,192608db42251d675da83286b1cce702) (ScriptedImporter) -> (artifact id: 'da2108e70ada3deb84da818409870d51') in 0.0350502 seconds
Number of updated asset objects reloaded before import = 0Number of asset objects unloaded after import = 22

========================================================================
Received Import Request.
  Time since last request: 0.000022 seconds.
  path: Assets/JMO Assets/Cartoon FX/CFX4 Prefabs/Misc/CFX4 Drill Air Hit (COLLIDE).prefab
  artifactKey: Guid(8cb3c3aa8731e654692d39a14cdde787) Importer(2089858483,192608db42251d675da83286b1cce702)
Start importing Assets/JMO Assets/Cartoon FX/CFX4 Prefabs/Misc/CFX4 Drill Air Hit (COLLIDE).prefab using Guid(8cb3c3aa8731e654692d39a14cdde787) Importer(2089858483,192608db42251d675da83286b1cce702) (ScriptedImporter) -> (artifact id: '766613d7b19f6e5f4ea895685b113752') in 0.0398399 seconds
Number of updated asset objects reloaded before import = 0Number of asset objects unloaded after import = 17

========================================================================
Received Import Request.
  Time since last request: 0.000026 seconds.
  path: Assets/GameAnalytics/Plugins/Scripts/Wrapper/GA_iOSWrapper.cs
  artifactKey: Guid(b2de1245ae0c4465eaa008dbcc12d8b5) Importer(2089858483,192608db42251d675da83286b1cce702)
Start importing Assets/GameAnalytics/Plugins/Scripts/Wrapper/GA_iOSWrapper.cs using Guid(b2de1245ae0c4465eaa008dbcc12d8b5) Importer(2089858483,192608db42251d675da83286b1cce702) (ScriptedImporter) -> (artifact id: 'a4725cb2890a7dd8c1cba4190844387c') in 0.0045608 seconds
Number of updated asset objects reloaded before import = 0Number of asset objects unloaded after import = 0

========================================================================
Received Import Request.
  Time since last request: 0.000116 seconds.
  path: Assets/Plugins/WSA/PhoneSDK81/Microsoft.Data.Sqlite.dll
  artifactKey: Guid(609d6badf2786ed4498758420c9f21bf) Importer(2089858483,192608db42251d675da83286b1cce702)
Start importing Assets/Plugins/WSA/PhoneSDK81/Microsoft.Data.Sqlite.dll using Guid(609d6badf2786ed4498758420c9f21bf) Importer(2089858483,192608db42251d675da83286b1cce702) (ScriptedImporter) -> (artifact id: 'ad95d6536ca13590502c346b611e9da5') in 0.0057598 seconds
Number of updated asset objects reloaded before import = 0Number of asset objects unloaded after import = 0

========================================================================
Received Import Request.
  Time since last request: 0.000066 seconds.
  path: Assets/JMO Assets/Cartoon FX/CFX4 Prefabs/Electric/CFX4 Sparks Explosion (Yellow).prefab
  artifactKey: Guid(58ab29e62f454b84da3dd7f5208015aa) Importer(2089858483,192608db42251d675da83286b1cce702)
Start importing Assets/JMO Assets/Cartoon FX/CFX4 Prefabs/Electric/CFX4 Sparks Explosion (Yellow).prefab using Guid(58ab29e62f454b84da3dd7f5208015aa) Importer(2089858483,192608db42251d675da83286b1cce702) (ScriptedImporter) -> (artifact id: 'bc8889af2a73173b344b1a52803f6375') in 0.0410568 seconds
Number of updated asset objects reloaded before import = 0Number of asset objects unloaded after import = 11

========================================================================
Received Import Request.
  Time since last request: 0.000036 seconds.
  path: Assets/FacebookSDK/Plugins/Android/libs/bolts-android-1.4.0.jar
  artifactKey: Guid(1d4e6aad8eb184351a9d94c0ab76508e) Importer(2089858483,192608db42251d675da83286b1cce702)
Start importing Assets/FacebookSDK/Plugins/Android/libs/bolts-android-1.4.0.jar using Guid(1d4e6aad8eb184351a9d94c0ab76508e) Importer(2089858483,192608db42251d675da83286b1cce702) (ScriptedImporter) -> (artifact id: '9a2bafc1a4d18611e38046c8e4fac99b') in 0.0054505 seconds
Number of updated asset objects reloaded before import = 0Number of asset objects unloaded after import = 0

========================================================================
Received Import Request.
  Time since last request: 0.000186 seconds.
  path: Assets/Plugins/WSA/x64/sqlite3.dll
  artifactKey: Guid(6ee3dd507c820494696d7da13aba125d) Importer(2089858483,192608db42251d675da83286b1cce702)
Start importing Assets/Plugins/WSA/x64/sqlite3.dll using Guid(6ee3dd507c820494696d7da13aba125d) Importer(2089858483,192608db42251d675da83286b1cce702) (ScriptedImporter) -> (artifact id: '09c970930798ee6f6cf5f7c403d8f406') in 0.005432 seconds
Number of updated asset objects reloaded before import = 0Number of asset objects unloaded after import = 0

========================================================================
Received Import Request.
  Time since last request: 0.000156 seconds.
  path: Assets/JMO Assets/Cartoon FX/CFX4 Prefabs/Magic/CFX4 Secret Place Loop.prefab
  artifactKey: Guid(d26f89c3a9d92134ea531850d0f7e0c5) Importer(2089858483,192608db42251d675da83286b1cce702)
Start importing Assets/JMO Assets/Cartoon FX/CFX4 Prefabs/Magic/CFX4 Secret Place Loop.prefab using Guid(d26f89c3a9d92134ea531850d0f7e0c5) Importer(2089858483,192608db42251d675da83286b1cce702) (ScriptedImporter) -> (artifact id: 'b9fcb3285976fe8bcf91f71487c560af') in 0.0378446 seconds
Number of updated asset objects reloaded before import = 0Number of asset objects unloaded after import = 6

========================================================================
Received Import Request.
  Time since last request: 0.000038 seconds.
  path: Assets/GameAnalytics/Plugins/Scripts/Events/GA_Setup.cs
  artifactKey: Guid(ad35c27ecc9784217817c154d2ff09ff) Importer(2089858483,192608db42251d675da83286b1cce702)
Start importing Assets/GameAnalytics/Plugins/Scripts/Events/GA_Setup.cs using Guid(ad35c27ecc9784217817c154d2ff09ff) Importer(2089858483,192608db42251d675da83286b1cce702) (ScriptedImporter) -> (artifact id: '86b87f0a272bf4bd1d5ee7aa2c8e8879') in 0.0061331 seconds
Number of updated asset objects reloaded before import = 0Number of asset objects unloaded after import = 0

========================================================================
Received Import Request.
  Time since last request: 0.000175 seconds.
  path: Assets/GameAnalytics/Plugins/Scripts/Events/GA_Progression.cs
  artifactKey: Guid(b06eb2deb6e7b4a288b01906f178cbaa) Importer(2089858483,192608db42251d675da83286b1cce702)
Start importing Assets/GameAnalytics/Plugins/Scripts/Events/GA_Progression.cs using Guid(b06eb2deb6e7b4a288b01906f178cbaa) Importer(2089858483,192608db42251d675da83286b1cce702) (ScriptedImporter) -> (artifact id: '9c81065d463228373d87a529ed327535') in 0.004952 seconds
Number of updated asset objects reloaded before import = 0Number of asset objects unloaded after import = 0

========================================================================
Received Import Request.
  Time since last request: 0.000232 seconds.
  path: Assets/JMO Assets/Cartoon FX/Textures (Mobile)/CFXM2_T_FadedRay.png
  artifactKey: Guid(4452d271ed404304eb8d2772997a9d7e) Importer(2089858483,192608db42251d675da83286b1cce702)
Start importing Assets/JMO Assets/Cartoon FX/Textures (Mobile)/CFXM2_T_FadedRay.png using Guid(4452d271ed404304eb8d2772997a9d7e) Importer(2089858483,192608db42251d675da83286b1cce702) (ScriptedImporter) -> (artifact id: '7a9c8c209707dad2d67c5ff45f75ab11') in 0.0228838 seconds
Number of updated asset objects reloaded before import = 0Number of asset objects unloaded after import = 1

========================================================================
Received Import Request.
  Time since last request: 0.000124 seconds.
  path: Assets/JMO Assets/Cartoon FX/CFX4 Prefabs/Misc/CFX4 Smoke Trail A (Curved, Black).prefab
  artifactKey: Guid(f8358b91a80734748b79ab9420c8e384) Importer(2089858483,192608db42251d675da83286b1cce702)
Start importing Assets/JMO Assets/Cartoon FX/CFX4 Prefabs/Misc/CFX4 Smoke Trail A (Curved, Black).prefab using Guid(f8358b91a80734748b79ab9420c8e384) Importer(2089858483,192608db42251d675da83286b1cce702) (ScriptedImporter) -> (artifact id: 'bac8070f78fecb3b8012cc835d9c319e') in 0.0384009 seconds
Number of updated asset objects reloaded before import = 0Number of asset objects unloaded after import = 10

========================================================================
Received Import Request.
  Time since last request: 0.000037 seconds.
  path: Assets/JMO Assets/Cartoon FX/Textures (Mobile)/CFXM4_T_GlowHalf A8.png
  artifactKey: Guid(e917f658524096440adc4ece7df39b8e) Importer(2089858483,192608db42251d675da83286b1cce702)
Start importing Assets/JMO Assets/Cartoon FX/Textures (Mobile)/CFXM4_T_GlowHalf A8.png using Guid(e917f658524096440adc4ece7df39b8e) Importer(2089858483,192608db42251d675da83286b1cce702) (ScriptedImporter) -> (artifact id: 'a4cedfe473b9eab83a5aa409c7b407a3') in 0.013651 seconds
Number of updated asset objects reloaded before import = 0Number of asset objects unloaded after import = 1

========================================================================
Received Import Request.
  Time since last request: 0.000158 seconds.
  path: Assets/JMO Assets/Cartoon FX/Textures (Mobile)/CFXM4_T_Fragments_4frms.png
  artifactKey: Guid(23ec164e67c36b44095f95b6a20dad2b) Importer(2089858483,192608db42251d675da83286b1cce702)
Start importing Assets/JMO Assets/Cartoon FX/Textures (Mobile)/CFXM4_T_Fragments_4frms.png using Guid(23ec164e67c36b44095f95b6a20dad2b) Importer(2089858483,192608db42251d675da83286b1cce702) (ScriptedImporter) -> (artifact id: 'cb843661f87411dbd11e9952ecc2fb7a') in 0.0140303 seconds
Number of updated asset objects reloaded before import = 0Number of asset objects unloaded after import = 1

========================================================================
Received Import Request.
  Time since last request: 0.000084 seconds.
  path: Assets/JMO Assets/Cartoon FX/CFX4 Prefabs/Space/CFX4_Space Thruster A (Blue).prefab
  artifactKey: Guid(c28c66d9456b967489b1884d22afe799) Importer(2089858483,192608db42251d675da83286b1cce702)
Start importing Assets/JMO Assets/Cartoon FX/CFX4 Prefabs/Space/CFX4_Space Thruster A (Blue).prefab using Guid(c28c66d9456b967489b1884d22afe799) Importer(2089858483,192608db42251d675da83286b1cce702) (ScriptedImporter) -> (artifact id: '97348dd5c34cec4b96378113234448b9') in 0.040791 seconds
Number of updated asset objects reloaded before import = 0Number of asset objects unloaded after import = 11

========================================================================
Received Import Request.
  Time since last request: 0.000027 seconds.
  path: Assets/Plugins/Windows/x64/sqlite3.dll
  artifactKey: Guid(d8953a9bb703e45e7b3e4b181c1fc3f8) Importer(2089858483,192608db42251d675da83286b1cce702)
Start importing Assets/Plugins/Windows/x64/sqlite3.dll using Guid(d8953a9bb703e45e7b3e4b181c1fc3f8) Importer(2089858483,192608db42251d675da83286b1cce702) (ScriptedImporter) -> (artifact id: 'c00220c5438ea34c45e62f213edf01cb') in 0.0052017 seconds
Number of updated asset objects reloaded before import = 0Number of asset objects unloaded after import = 0

========================================================================
Received Import Request.
  Time since last request: 0.000215 seconds.
  path: Assets/JMO Assets/Cartoon FX/CFX4 Prefabs/Fire/CFX4 Flamme Round (CFX Blend).prefab
  artifactKey: Guid(a1236e41dc76ee74794c8901b5739b24) Importer(2089858483,192608db42251d675da83286b1cce702)
Start importing Assets/JMO Assets/Cartoon FX/CFX4 Prefabs/Fire/CFX4 Flamme Round (CFX Blend).prefab using Guid(a1236e41dc76ee74794c8901b5739b24) Importer(2089858483,192608db42251d675da83286b1cce702) (ScriptedImporter) -> (artifact id: 'e25e938a95e35b4e12cccf17ae7586ef') in 0.0374377 seconds
Number of updated asset objects reloaded before import = 0Number of asset objects unloaded after import = 15

========================================================================
Received Import Request.
  Time since last request: 0.000021 seconds.
  path: Assets/JMO Assets/Cartoon FX/CFX4 Prefabs/Magic/CFX4 Disruptive Force.prefab
  artifactKey: Guid(db50ab1c866680e4bb870bf5eb72dd3d) Importer(2089858483,192608db42251d675da83286b1cce702)
Start importing Assets/JMO Assets/Cartoon FX/CFX4 Prefabs/Magic/CFX4 Disruptive Force.prefab using Guid(db50ab1c866680e4bb870bf5eb72dd3d) Importer(2089858483,192608db42251d675da83286b1cce702) (ScriptedImporter) -> (artifact id: '3e7c12e0672244ec1ec1f3ab7fb268f9') in 0.0360834 seconds
Number of updated asset objects reloaded before import = 0Number of asset objects unloaded after import = 10

========================================================================
Received Import Request.
  Time since last request: 0.000026 seconds.
  path: Assets/FacebookSDK/Examples/Scripts/SubMenus/GraphRequest.cs
  artifactKey: Guid(23c3cb06c2209474e9a8441e2712d5d2) Importer(2089858483,192608db42251d675da83286b1cce702)
Start importing Assets/FacebookSDK/Examples/Scripts/SubMenus/GraphRequest.cs using Guid(23c3cb06c2209474e9a8441e2712d5d2) Importer(2089858483,192608db42251d675da83286b1cce702) (ScriptedImporter) -> (artifact id: 'ec35032c3bf1b787955105d584e20df6') in 0.0043158 seconds
Number of updated asset objects reloaded before import = 0Number of asset objects unloaded after import = 0

========================================================================
Received Import Request.
  Time since last request: 0.000166 seconds.
  path: Assets/JMO Assets/Cartoon FX/Textures (Mobile)/CFXM4_T_SoftCircle A8.png
  artifactKey: Guid(6293eccc3e30166409600a3dd5e365f8) Importer(2089858483,192608db42251d675da83286b1cce702)
Start importing Assets/JMO Assets/Cartoon FX/Textures (Mobile)/CFXM4_T_SoftCircle A8.png using Guid(6293eccc3e30166409600a3dd5e365f8) Importer(2089858483,192608db42251d675da83286b1cce702) (ScriptedImporter) -> (artifact id: '777a73003a02c8a494999f3e20156314') in 0.0158847 seconds
Number of updated asset objects reloaded before import = 0Number of asset objects unloaded after import = 1

========================================================================
Received Import Request.
  Time since last request: 0.000098 seconds.
  path: Assets/JMO Assets/Cartoon FX/CFX4 Prefabs/Explosions/CFX4 Black Monster Explosion.prefab
  artifactKey: Guid(58b66a524c29d3447a6b7902227307bf) Importer(2089858483,192608db42251d675da83286b1cce702)
Start importing Assets/JMO Assets/Cartoon FX/CFX4 Prefabs/Explosions/CFX4 Black Monster Explosion.prefab using Guid(58b66a524c29d3447a6b7902227307bf) Importer(2089858483,192608db42251d675da83286b1cce702) (ScriptedImporter) -> (artifact id: '318b9e5099bf64f8e167417e73f52b19') in 0.0389941 seconds
Number of updated asset objects reloaded before import = 0Number of asset objects unloaded after import = 20

========================================================================
Received Import Request.
  Time since last request: 0.000033 seconds.
  path: Assets/JMO Assets/Cartoon FX/Textures (Mobile)/CFXM_T_WhiteCircleSmall.png
  artifactKey: Guid(8b61535684d3b3243a077d250c9c1c33) Importer(2089858483,192608db42251d675da83286b1cce702)
Start importing Assets/JMO Assets/Cartoon FX/Textures (Mobile)/CFXM_T_WhiteCircleSmall.png using Guid(8b61535684d3b3243a077d250c9c1c33) Importer(2089858483,192608db42251d675da83286b1cce702) (ScriptedImporter) -> (artifact id: '4ac5ee0563c8b31c2c1823f67db495e7') in 0.0193863 seconds
Number of updated asset objects reloaded before import = 0Number of asset objects unloaded after import = 1

========================================================================
Received Import Request.
  Time since last request: 0.000123 seconds.
  path: Assets/JMO Assets/Cartoon FX/CFX4 Prefabs/Water/CFX4 Bubbles Whirl.prefab
  artifactKey: Guid(18204b98237ccb540808f2cd2d78c2c8) Importer(2089858483,192608db42251d675da83286b1cce702)
Start importing Assets/JMO Assets/Cartoon FX/CFX4 Prefabs/Water/CFX4 Bubbles Whirl.prefab using Guid(18204b98237ccb540808f2cd2d78c2c8) Importer(2089858483,192608db42251d675da83286b1cce702) (ScriptedImporter) -> (artifact id: 'a063313e9e4476e39bba42e63472a4b0') in 0.0502711 seconds
Number of updated asset objects reloaded before import = 0Number of asset objects unloaded after import = 11

========================================================================
Received Import Request.
  Time since last request: 0.000031 seconds.
  path: Assets/JMO Assets/Cartoon FX/CFX4 Prefabs/Misc/CFX4 Radar Rings (CFX Blend).prefab
  artifactKey: Guid(de2828f25ad5a0948a4dd39930c5b765) Importer(2089858483,192608db42251d675da83286b1cce702)
Start importing Assets/JMO Assets/Cartoon FX/CFX4 Prefabs/Misc/CFX4 Radar Rings (CFX Blend).prefab using Guid(de2828f25ad5a0948a4dd39930c5b765) Importer(2089858483,192608db42251d675da83286b1cce702) (ScriptedImporter) -> (artifact id: '7244472ab9ed923f5dacc73338406123') in 0.0406977 seconds
Number of updated asset objects reloaded before import = 0Number of asset objects unloaded after import = 7

========================================================================
Received Import Request.
  Time since last request: 0.000132 seconds.
  path: Assets/JMO Assets/Cartoon FX/Textures (Mobile)/CFXM4_T_FireBulk AB.png
  artifactKey: Guid(6e330ab2e2aa9da4fa71841c23aea2a0) Importer(2089858483,192608db42251d675da83286b1cce702)
Start importing Assets/JMO Assets/Cartoon FX/Textures (Mobile)/CFXM4_T_FireBulk AB.png using Guid(6e330ab2e2aa9da4fa71841c23aea2a0) Importer(2089858483,192608db42251d675da83286b1cce702) (ScriptedImporter) -> (artifact id: '1b723e06310905ffc9f1c9055a00697e') in 0.0182833 seconds
Number of updated asset objects reloaded before import = 0Number of asset objects unloaded after import = 1

========================================================================
Received Import Request.
  Time since last request: 0.000219 seconds.
  path: Assets/GameAnalytics/Plugins/Scripts/Events/GA_Design.cs
  artifactKey: Guid(cc498e43de17b2e4e8cc95006c5007c4) Importer(2089858483,192608db42251d675da83286b1cce702)
Start importing Assets/GameAnalytics/Plugins/Scripts/Events/GA_Design.cs using Guid(cc498e43de17b2e4e8cc95006c5007c4) Importer(2089858483,192608db42251d675da83286b1cce702) (ScriptedImporter) -> (artifact id: 'cb770b612abb803871e302e8b7858e9a') in 0.0057781 seconds
Number of updated asset objects reloaded before import = 0Number of asset objects unloaded after import = 0

========================================================================
Received Import Request.
  Time since last request: 0.000269 seconds.
  path: Assets/JMO Assets/Cartoon FX/Textures (Mobile)/CFXM4_T_SplashBubble A8.png
  artifactKey: Guid(20b685e3d0bd6a341a1fd03c22b11b10) Importer(2089858483,192608db42251d675da83286b1cce702)
Start importing Assets/JMO Assets/Cartoon FX/Textures (Mobile)/CFXM4_T_SplashBubble A8.png using Guid(20b685e3d0bd6a341a1fd03c22b11b10) Importer(2089858483,192608db42251d675da83286b1cce702) (ScriptedImporter) -> (artifact id: '90a42b760fb31bea792b988687b93b66') in 0.0129126 seconds
Number of updated asset objects reloaded before import = 0Number of asset objects unloaded after import = 1

========================================================================
Received Import Request.
  Time since last request: 0.000235 seconds.
  path: Assets/FacebookSDK/Examples/Scripts/SubMenus/MainMenu.cs
  artifactKey: Guid(922e3ad8d88a146b3b392cd8c84edd6a) Importer(2089858483,192608db42251d675da83286b1cce702)
Start importing Assets/FacebookSDK/Examples/Scripts/SubMenus/MainMenu.cs using Guid(922e3ad8d88a146b3b392cd8c84edd6a) Importer(2089858483,192608db42251d675da83286b1cce702) (ScriptedImporter) -> (artifact id: '347fc13e3fafda95b0d907e899670012') in 0.0043526 seconds
Number of updated asset objects reloaded before import = 0Number of asset objects unloaded after import = 0

========================================================================
Received Prepare
Refreshing native plugins compatible for Editor in 27.24 ms, found 6 plugins.
Preloading 0 native plugins for Editor in 0.00 ms.
Unloading 4 Unused Serialized files (Serialized files now loaded: 0)
Unloading 3618 unused Assets / (1.8 MB). Loaded Objects now: 4114.
Memory consumption went from 86.5 MB to 84.7 MB.
Total: 33.461700 ms (FindLiveObjects: 1.205300 ms CreateObjectMapping: 0.515400 ms MarkObjects: 24.379600 ms  DeleteObjects: 7.357000 ms)

Prepare: number of updated asset objects reloaded= 0
========================================================================
Received Prepare
Refreshing native plugins compatible for Editor in 27.12 ms, found 6 plugins.
Preloading 0 native plugins for Editor in 0.00 ms.
Unloading 4 Unused Serialized files (Serialized files now loaded: 0)
Unloading 3617 unused Assets / (1.6 MB). Loaded Objects now: 4114.
Memory consumption went from 86.5 MB to 84.9 MB.
Total: 26.883700 ms (FindLiveObjects: 1.142400 ms CreateObjectMapping: 0.589300 ms MarkObjects: 21.830700 ms  DeleteObjects: 3.318400 ms)

Prepare: number of updated asset objects reloaded= 0
========================================================================
Received Prepare
Refreshing native plugins compatible for Editor in 23.51 ms, found 6 plugins.
Preloading 0 native plugins for Editor in 0.00 ms.
Unloading 4 Unused Serialized files (Serialized files now loaded: 0)
Unloading 3617 unused Assets / (1.2 MB). Loaded Objects now: 4114.
Memory consumption went from 86.5 MB to 85.3 MB.
Total: 23.722800 ms (FindLiveObjects: 0.920200 ms CreateObjectMapping: 0.378700 ms MarkObjects: 20.748700 ms  DeleteObjects: 1.673000 ms)

Prepare: number of updated asset objects reloaded= 0
========================================================================
Received Prepare
Refreshing native plugins compatible for Editor in 26.88 ms, found 6 plugins.
Preloading 0 native plugins for Editor in 0.00 ms.
Unloading 4 Unused Serialized files (Serialized files now loaded: 0)
Unloading 3617 unused Assets / (1.2 MB). Loaded Objects now: 4114.
Memory consumption went from 86.5 MB to 85.3 MB.
Total: 23.340400 ms (FindLiveObjects: 1.117800 ms CreateObjectMapping: 0.448700 ms MarkObjects: 19.409500 ms  DeleteObjects: 2.361900 ms)

Prepare: number of updated asset objects reloaded= 0
========================================================================
Received Prepare
Refreshing native plugins compatible for Editor in 24.07 ms, found 6 plugins.
Preloading 0 native plugins for Editor in 0.00 ms.
Unloading 4 Unused Serialized files (Serialized files now loaded: 0)
Unloading 3617 unused Assets / (1.4 MB). Loaded Objects now: 4114.
Memory consumption went from 86.5 MB to 85.1 MB.
Total: 17.432400 ms (FindLiveObjects: 0.553200 ms CreateObjectMapping: 0.535000 ms MarkObjects: 15.060600 ms  DeleteObjects: 1.281900 ms)

Prepare: number of updated asset objects reloaded= 0
========================================================================
Received Prepare
Refreshing native plugins compatible for Editor in 28.56 ms, found 6 plugins.
Preloading 0 native plugins for Editor in 0.00 ms.
Unloading 4 Unused Serialized files (Serialized files now loaded: 0)
Unloading 3617 unused Assets / (1.3 MB). Loaded Objects now: 4114.
Memory consumption went from 86.5 MB to 85.2 MB.
Total: 18.952600 ms (FindLiveObjects: 0.448800 ms CreateObjectMapping: 0.293200 ms MarkObjects: 15.509700 ms  DeleteObjects: 2.698400 ms)

Prepare: number of updated asset objects reloaded= 0
========================================================================
Received Prepare
Refreshing native plugins compatible for Editor in 27.76 ms, found 6 plugins.
Preloading 0 native plugins for Editor in 0.00 ms.
Unloading 4 Unused Serialized files (Serialized files now loaded: 0)
Unloading 3617 unused Assets / (1.3 MB). Loaded Objects now: 4114.
Memory consumption went from 86.5 MB to 85.2 MB.
Total: 18.142900 ms (FindLiveObjects: 0.673400 ms CreateObjectMapping: 0.341500 ms MarkObjects: 15.277800 ms  DeleteObjects: 1.848300 ms)

Prepare: number of updated asset objects reloaded= 0
========================================================================
Received Prepare
Refreshing native plugins compatible for Editor in 22.52 ms, found 6 plugins.
Preloading 0 native plugins for Editor in 0.00 ms.
Unloading 4 Unused Serialized files (Serialized files now loaded: 0)
Unloading 3617 unused Assets / (1.0 MB). Loaded Objects now: 4114.
Memory consumption went from 86.5 MB to 85.5 MB.
Total: 17.197300 ms (FindLiveObjects: 0.438200 ms CreateObjectMapping: 0.297500 ms MarkObjects: 14.826200 ms  DeleteObjects: 1.632700 ms)

Prepare: number of updated asset objects reloaded= 0
========================================================================
Received Prepare
Refreshing native plugins compatible for Editor in 19.46 ms, found 6 plugins.
Preloading 0 native plugins for Editor in 0.00 ms.
Unloading 4 Unused Serialized files (Serialized files now loaded: 0)
Unloading 3617 unused Assets / (1.4 MB). Loaded Objects now: 4114.
Memory consumption went from 86.5 MB to 85.1 MB.
Total: 16.715500 ms (FindLiveObjects: 0.941700 ms CreateObjectMapping: 0.397000 ms MarkObjects: 14.024900 ms  DeleteObjects: 1.349600 ms)

Prepare: number of updated asset objects reloaded= 0
========================================================================
Received Prepare
Refreshing native plugins compatible for Editor in 25.29 ms, found 6 plugins.
Preloading 0 native plugins for Editor in 0.00 ms.
Unloading 4 Unused Serialized files (Serialized files now loaded: 0)
Unloading 3617 unused Assets / (1.4 MB). Loaded Objects now: 4114.
Memory consumption went from 86.5 MB to 85.1 MB.
Total: 28.923000 ms (FindLiveObjects: 0.496400 ms CreateObjectMapping: 0.547600 ms MarkObjects: 25.976500 ms  DeleteObjects: 1.900800 ms)

Prepare: number of updated asset objects reloaded= 0
========================================================================
Received Prepare
Refreshing native plugins compatible for Editor in 26.26 ms, found 6 plugins.
Preloading 0 native plugins for Editor in 0.00 ms.
Unloading 4 Unused Serialized files (Serialized files now loaded: 0)
Unloading 3617 unused Assets / (1.0 MB). Loaded Objects now: 4114.
Memory consumption went from 86.5 MB to 85.4 MB.
Total: 26.454300 ms (FindLiveObjects: 0.521700 ms CreateObjectMapping: 1.454800 ms MarkObjects: 22.524400 ms  DeleteObjects: 1.951600 ms)

Prepare: number of updated asset objects reloaded= 0
========================================================================
Received Prepare
Refreshing native plugins compatible for Editor in 20.48 ms, found 6 plugins.
Preloading 0 native plugins for Editor in 0.00 ms.
Unloading 4 Unused Serialized files (Serialized files now loaded: 0)
Unloading 3617 unused Assets / (1.2 MB). Loaded Objects now: 4114.
Memory consumption went from 86.5 MB to 85.3 MB.
Total: 22.148700 ms (FindLiveObjects: 0.674500 ms CreateObjectMapping: 0.309500 ms MarkObjects: 19.542300 ms  DeleteObjects: 1.620800 ms)

Prepare: number of updated asset objects reloaded= 0
========================================================================
Received Prepare
Refreshing native plugins compatible for Editor in 17.81 ms, found 6 plugins.
Preloading 0 native plugins for Editor in 0.00 ms.
Unloading 4 Unused Serialized files (Serialized files now loaded: 0)
Unloading 3617 unused Assets / (1.4 MB). Loaded Objects now: 4114.
Memory consumption went from 86.5 MB to 85.0 MB.
Total: 17.669400 ms (FindLiveObjects: 0.397200 ms CreateObjectMapping: 0.263100 ms MarkObjects: 15.759200 ms  DeleteObjects: 1.248700 ms)

Prepare: number of updated asset objects reloaded= 0
========================================================================
Received Prepare
Refreshing native plugins compatible for Editor in 22.57 ms, found 6 plugins.
Preloading 0 native plugins for Editor in 0.00 ms.
Unloading 4 Unused Serialized files (Serialized files now loaded: 0)
Unloading 3617 unused Assets / (1.2 MB). Loaded Objects now: 4114.
Memory consumption went from 86.5 MB to 85.3 MB.
Total: 29.091000 ms (FindLiveObjects: 2.588500 ms CreateObjectMapping: 0.671600 ms MarkObjects: 23.516200 ms  DeleteObjects: 2.310600 ms)

Prepare: number of updated asset objects reloaded= 0
========================================================================
Received Prepare
Refreshing native plugins compatible for Editor in 27.12 ms, found 6 plugins.
Preloading 0 native plugins for Editor in 0.00 ms.
Unloading 4 Unused Serialized files (Serialized files now loaded: 0)
Unloading 3617 unused Assets / (1.4 MB). Loaded Objects now: 4114.
Memory consumption went from 86.5 MB to 85.1 MB.
Total: 18.662400 ms (FindLiveObjects: 0.734900 ms CreateObjectMapping: 0.365400 ms MarkObjects: 16.097200 ms  DeleteObjects: 1.463200 ms)

Prepare: number of updated asset objects reloaded= 0
========================================================================
Received Import Request.
  Time since last request: 13.559232 seconds.
  path: Assets/JMO Assets/Cartoon FX/CFX4 Prefabs/Water/CFX4 Splash Huge.prefab
  artifactKey: Guid(d441d3f90a8667a4bbc8a779107d022f) Importer(2089858483,192608db42251d675da83286b1cce702)
Start importing Assets/JMO Assets/Cartoon FX/CFX4 Prefabs/Water/CFX4 Splash Huge.prefab using Guid(d441d3f90a8667a4bbc8a779107d022f) Importer(2089858483,192608db42251d675da83286b1cce702) (ScriptedImporter) -> (artifact id: 'f1ae7640e812a6e03fd4f9654e957e06') in 0.6275886 seconds
Number of updated asset objects reloaded before import = 0Number of asset objects unloaded after import = 27

========================================================================
Received Import Request.
  Time since last request: 0.000037 seconds.
  path: Assets/JMO Assets/Cartoon FX/CFX4 Prefabs (Mobile)/Space/CFXM4_Plasma Ball Bigger (Blue-Purple, CFX Blend).prefab
  artifactKey: Guid(628a1d358f4fea642a99ea9f278cbe7a) Importer(2089858483,192608db42251d675da83286b1cce702)
Start importing Assets/JMO Assets/Cartoon FX/CFX4 Prefabs (Mobile)/Space/CFXM4_Plasma Ball Bigger (Blue-Purple, CFX Blend).prefab using Guid(628a1d358f4fea642a99ea9f278cbe7a) Importer(2089858483,192608db42251d675da83286b1cce702) (ScriptedImporter) -> (artifact id: '4e7f8fd2009012b48be3092583982e4d') in 0.0707087 seconds
Number of updated asset objects reloaded before import = 0Number of asset objects unloaded after import = 11

========================================================================
Received Import Request.
  Time since last request: 0.000040 seconds.
  path: Assets/JMO Assets/Cartoon FX/CFX4 Prefabs (Mobile)/Water/CFXM4 Splash Big.prefab
  artifactKey: Guid(38c28ac364d4ff14e86523ca5a258298) Importer(2089858483,192608db42251d675da83286b1cce702)
Start importing Assets/JMO Assets/Cartoon FX/CFX4 Prefabs (Mobile)/Water/CFXM4 Splash Big.prefab using Guid(38c28ac364d4ff14e86523ca5a258298) Importer(2089858483,192608db42251d675da83286b1cce702) (ScriptedImporter) -> (artifact id: '4a8623602b3b11d5d8e2113a993042bd') in 0.0489853 seconds
Number of updated asset objects reloaded before import = 0Number of asset objects unloaded after import = 27

========================================================================
Received Import Request.
  Time since last request: 0.000024 seconds.
  path: Assets/JMO Assets/Cartoon FX/Demo/Assets/CFX_Demo_New.cs
  artifactKey: Guid(8b17383a625e88348a99a6eeef772d40) Importer(2089858483,192608db42251d675da83286b1cce702)
Start importing Assets/JMO Assets/Cartoon FX/Demo/Assets/CFX_Demo_New.cs using Guid(8b17383a625e88348a99a6eeef772d40) Importer(2089858483,192608db42251d675da83286b1cce702) (ScriptedImporter) -> (artifact id: '091aec4318a4e44a4f6e48657f9b562e') in 0.0053287 seconds
Number of updated asset objects reloaded before import = 0Number of asset objects unloaded after import = 0

========================================================================
Received Import Request.
  Time since last request: 0.000158 seconds.
  path: Assets/JMO Assets/Cartoon FX/CFX4 Prefabs/Water/CFX4 Water Explosion Small.prefab
  artifactKey: Guid(f2e650da6d67b2c4f9f9b82885255606) Importer(2089858483,192608db42251d675da83286b1cce702)
Start importing Assets/JMO Assets/Cartoon FX/CFX4 Prefabs/Water/CFX4 Water Explosion Small.prefab using Guid(f2e650da6d67b2c4f9f9b82885255606) Importer(2089858483,192608db42251d675da83286b1cce702) (ScriptedImporter) -> (artifact id: '69f4c3e7f405e28ed7f8a439d51a2e46') in 0.0444726 seconds
Number of updated asset objects reloaded before import = 0Number of asset objects unloaded after import = 19

========================================================================
Received Import Request.
  Time since last request: 0.000038 seconds.
  path: Assets/JMO Assets/Cartoon FX/CFX4 Prefabs (Mobile)/Misc/CFXM4 Hit Paint C (Cyan).prefab
  artifactKey: Guid(6e4d1f572d1e1834ca78c676dc2fb92c) Importer(2089858483,192608db42251d675da83286b1cce702)
Start importing Assets/JMO Assets/Cartoon FX/CFX4 Prefabs (Mobile)/Misc/CFXM4 Hit Paint C (Cyan).prefab using Guid(6e4d1f572d1e1834ca78c676dc2fb92c) Importer(2089858483,192608db42251d675da83286b1cce702) (ScriptedImporter) -> (artifact id: '752f6be2830a532a61543e16d07a5840') in 0.0524908 seconds
Number of updated asset objects reloaded before import = 0Number of asset objects unloaded after import = 11

========================================================================
Received Import Request.
  Time since last request: 0.000029 seconds.
  path: Assets/JMO Assets/Cartoon FX/CFX4 Prefabs (Mobile)/Fire/CFXM4 Flamme Round (CFX Blend).prefab
  artifactKey: Guid(53e47d66befabfa4a8174f7d372949d9) Importer(2089858483,192608db42251d675da83286b1cce702)
Start importing Assets/JMO Assets/Cartoon FX/CFX4 Prefabs (Mobile)/Fire/CFXM4 Flamme Round (CFX Blend).prefab using Guid(53e47d66befabfa4a8174f7d372949d9) Importer(2089858483,192608db42251d675da83286b1cce702) (ScriptedImporter) -> (artifact id: '013809ea09d3b48502e963fafcb382a6') in 0.0499673 seconds
Number of updated asset objects reloaded before import = 0Number of asset objects unloaded after import = 11

========================================================================
Received Import Request.
  Time since last request: 0.000032 seconds.
  path: Assets/JMO Assets/Cartoon FX/CFX4 Prefabs (Mobile)/Light/CFXM4 Aura Bubble A (CFX Blend).prefab
  artifactKey: Guid(7438c31b271dcdd4aa4e06ae711cfa76) Importer(2089858483,192608db42251d675da83286b1cce702)
Start importing Assets/JMO Assets/Cartoon FX/CFX4 Prefabs (Mobile)/Light/CFXM4 Aura Bubble A (CFX Blend).prefab using Guid(7438c31b271dcdd4aa4e06ae711cfa76) Importer(2089858483,192608db42251d675da83286b1cce702) (ScriptedImporter) -> (artifact id: '3d8ae7f8076c1f8ee651754fea4d8221') in 0.0451534 seconds
Number of updated asset objects reloaded before import = 0Number of asset objects unloaded after import = 6

========================================================================
Received Import Request.
  Time since last request: 15.860225 seconds.
  path: Assets/JMO Assets/Cartoon FX/CFX4 Prefabs/Water/CFX4 Wet Drops Environment (COLLIDE).prefab
  artifactKey: Guid(dc5d286dc4dd8084a943c60e962fda77) Importer(2089858483,192608db42251d675da83286b1cce702)
Start importing Assets/JMO Assets/Cartoon FX/CFX4 Prefabs/Water/CFX4 Wet Drops Environment (COLLIDE).prefab using Guid(dc5d286dc4dd8084a943c60e962fda77) Importer(2089858483,192608db42251d675da83286b1cce702) (ScriptedImporter) -> (artifact id: '072ca1675c0b855231575b7dd344b6e1') in 0.9010913 seconds
Number of updated asset objects reloaded before import = 0Number of asset objects unloaded after import = 16

========================================================================
Received Import Request.
  Time since last request: 0.000030 seconds.
  path: Assets/JMO Assets/Cartoon FX/Materials/Misc/CFX2_WhiteCircle AB.mat
  artifactKey: Guid(7c9d6983f275678479ebf019a670f9cf) Importer(2089858483,192608db42251d675da83286b1cce702)
Start importing Assets/JMO Assets/Cartoon FX/Materials/Misc/CFX2_WhiteCircle AB.mat using Guid(7c9d6983f275678479ebf019a670f9cf) Importer(2089858483,192608db42251d675da83286b1cce702) (ScriptedImporter) -> (artifact id: '0df4ae1d338ac156149bd7c57dc3db2e') in 0.0174435 seconds
Number of updated asset objects reloaded before import = 0Number of asset objects unloaded after import = 2

========================================================================
Received Import Request.
  Time since last request: 0.000036 seconds.
  path: Assets/JMO Assets/Cartoon FX/Materials (Mobile)/Fire/CFXM4_FireBulk_Round AB+AddSoft VColor.mat
  artifactKey: Guid(ef6203c43c7b1164ab97502c5c25a1ab) Importer(2089858483,192608db42251d675da83286b1cce702)
Start importing Assets/JMO Assets/Cartoon FX/Materials (Mobile)/Fire/CFXM4_FireBulk_Round AB+AddSoft VColor.mat using Guid(ef6203c43c7b1164ab97502c5c25a1ab) Importer(2089858483,192608db42251d675da83286b1cce702) (ScriptedImporter) -> (artifact id: 'd4e6e0e87653bc5c98324becdb9dd288') in 0.0209237 seconds
Number of updated asset objects reloaded before import = 0Number of asset objects unloaded after import = 3

========================================================================
Received Import Request.
  Time since last request: 0.000027 seconds.
  path: Assets/JMO Assets/Cartoon FX/Materials/Light/CFX4_GlowDot INV.mat
  artifactKey: Guid(971cd83dc8d10bf41b42c120f40f8fd9) Importer(2089858483,192608db42251d675da83286b1cce702)
Start importing Assets/JMO Assets/Cartoon FX/Materials/Light/CFX4_GlowDot INV.mat using Guid(971cd83dc8d10bf41b42c120f40f8fd9) Importer(2089858483,192608db42251d675da83286b1cce702) (ScriptedImporter) -> (artifact id: 'e87cd46903c71708a606059226ad34ed') in 0.0141157 seconds
Number of updated asset objects reloaded before import = 0Number of asset objects unloaded after import = 2

========================================================================
Received Import Request.
  Time since last request: 0.000037 seconds.
  path: Assets/JMO Assets/Cartoon FX/CFX4 Prefabs (Mobile)/Water/CFXM4 Rain Storm (NO COLLISION).prefab
  artifactKey: Guid(01d20e8acec3bba4da8ea0c2af29a135) Importer(2089858483,192608db42251d675da83286b1cce702)
Start importing Assets/JMO Assets/Cartoon FX/CFX4 Prefabs (Mobile)/Water/CFXM4 Rain Storm (NO COLLISION).prefab using Guid(01d20e8acec3bba4da8ea0c2af29a135) Importer(2089858483,192608db42251d675da83286b1cce702) (ScriptedImporter) -> (artifact id: '0cea3bcf23edf196f3bf3bf7cf15f529') in 0.0540218 seconds
Number of updated asset objects reloaded before import = 0Number of asset objects unloaded after import = 20

========================================================================
Received Import Request.
  Time since last request: 0.000024 seconds.
  path: Assets/JMO Assets/Cartoon FX/Demo/UI Canvas/CFX4 Demo Logo.png
  artifactKey: Guid(db8ec42c9f48282458fe93cfc5f48a18) Importer(2089858483,192608db42251d675da83286b1cce702)
Start importing Assets/JMO Assets/Cartoon FX/Demo/UI Canvas/CFX4 Demo Logo.png using Guid(db8ec42c9f48282458fe93cfc5f48a18) Importer(2089858483,192608db42251d675da83286b1cce702) (ScriptedImporter) -> (artifact id: 'a9becddfd0fe20cad1048a5f9b04cca1') in 0.0204164 seconds
Number of updated asset objects reloaded before import = 0Number of asset objects unloaded after import = 3

========================================================================
Received Import Request.
  Time since last request: 0.000029 seconds.
  path: Assets/JMO Assets/Cartoon FX/Materials/Fire/CFX4_FireSoft AB+Add VColor.mat
  artifactKey: Guid(ac7d1da8dce40f04b96d559569b4624a) Importer(2089858483,192608db42251d675da83286b1cce702)
Start importing Assets/JMO Assets/Cartoon FX/Materials/Fire/CFX4_FireSoft AB+Add VColor.mat using Guid(ac7d1da8dce40f04b96d559569b4624a) Importer(2089858483,192608db42251d675da83286b1cce702) (ScriptedImporter) -> (artifact id: '4b0b699f8ffea8dcf624dc823892efce') in 0.0129341 seconds
Number of updated asset objects reloaded before import = 0Number of asset objects unloaded after import = 3

========================================================================
Received Import Request.
  Time since last request: 0.000023 seconds.
  path: Assets/JMO Assets/Cartoon FX/Materials/Water/CFX3_IceSmoke ADD.mat
  artifactKey: Guid(bb55ee7afd6389e40b30d89d435fa574) Importer(2089858483,192608db42251d675da83286b1cce702)
Start importing Assets/JMO Assets/Cartoon FX/Materials/Water/CFX3_IceSmoke ADD.mat using Guid(bb55ee7afd6389e40b30d89d435fa574) Importer(2089858483,192608db42251d675da83286b1cce702) (ScriptedImporter) -> (artifact id: 'cb504f15877b79b33c720adb8cbd0907') in 0.0163038 seconds
Number of updated asset objects reloaded before import = 0Number of asset objects unloaded after import = 2

========================================================================
Received Import Request.
  Time since last request: 0.000036 seconds.
  path: Assets/JMO Assets/Cartoon FX/Materials (Mobile)/Light/CFXM4_GlowStar AB+Add VColor.mat
  artifactKey: Guid(47a0edac84ae53847af23cb854fabffe) Importer(2089858483,192608db42251d675da83286b1cce702)
Start importing Assets/JMO Assets/Cartoon FX/Materials (Mobile)/Light/CFXM4_GlowStar AB+Add VColor.mat using Guid(47a0edac84ae53847af23cb854fabffe) Importer(2089858483,192608db42251d675da83286b1cce702) (ScriptedImporter) -> (artifact id: '832646a16ee345326eb14f6eef1dba44') in 0.0118641 seconds
Number of updated asset objects reloaded before import = 0Number of asset objects unloaded after import = 3

========================================================================
Received Import Request.
  Time since last request: 0.000029 seconds.
  path: Assets/JMO Assets/Cartoon FX/CFX4 Prefabs (Mobile)/Explosions/CFXM4 Wave Explosion.prefab
  artifactKey: Guid(2931b6773f1a1b741982559a575e6163) Importer(2089858483,192608db42251d675da83286b1cce702)
Start importing Assets/JMO Assets/Cartoon FX/CFX4 Prefabs (Mobile)/Explosions/CFXM4 Wave Explosion.prefab using Guid(2931b6773f1a1b741982559a575e6163) Importer(2089858483,192608db42251d675da83286b1cce702) (ScriptedImporter) -> (artifact id: 'abb447177e7350676d53f08edee1d739') in 0.0552093 seconds
Number of updated asset objects reloaded before import = 0Number of asset objects unloaded after import = 24

========================================================================
Received Import Request.
  Time since last request: 0.000029 seconds.
  path: Assets/JMO Assets/Cartoon FX/Materials/Misc/CFX3_SmokePuff MULT.mat
  artifactKey: Guid(25cbaca39ac0e3f47b4db172e11cb9aa) Importer(2089858483,192608db42251d675da83286b1cce702)
Start importing Assets/JMO Assets/Cartoon FX/Materials/Misc/CFX3_SmokePuff MULT.mat using Guid(25cbaca39ac0e3f47b4db172e11cb9aa) Importer(2089858483,192608db42251d675da83286b1cce702) (ScriptedImporter) -> (artifact id: '62a07e719db72b60961f1fa9f1ca58b4') in 0.0144574 seconds
Number of updated asset objects reloaded before import = 0Number of asset objects unloaded after import = 2

========================================================================
Received Import Request.
  Time since last request: 0.000054 seconds.
  path: Assets/JMO Assets/Cartoon FX/Demo/Assets/CFX_Demo_RotateCamera.cs
  artifactKey: Guid(f71e90e62dfae594490eb4d9b611f930) Importer(2089858483,192608db42251d675da83286b1cce702)
Start importing Assets/JMO Assets/Cartoon FX/Demo/Assets/CFX_Demo_RotateCamera.cs using Guid(f71e90e62dfae594490eb4d9b611f930) Importer(2089858483,192608db42251d675da83286b1cce702) (ScriptedImporter) -> (artifact id: 'edff3aa60db50b09627bbbc115c3ba29') in 0.0083273 seconds
Number of updated asset objects reloaded before import = 0Number of asset objects unloaded after import = 0

========================================================================
Received Import Request.
  Time since last request: 0.000220 seconds.
  path: Assets/JMO Assets/Cartoon FX/CFX4 Prefabs (Mobile)/Water/CFXM4 Water Explosion Medium.prefab
  artifactKey: Guid(93bf367d828f1e342b9366bc95c8cb09) Importer(2089858483,192608db42251d675da83286b1cce702)
Start importing Assets/JMO Assets/Cartoon FX/CFX4 Prefabs (Mobile)/Water/CFXM4 Water Explosion Medium.prefab using Guid(93bf367d828f1e342b9366bc95c8cb09) Importer(2089858483,192608db42251d675da83286b1cce702) (ScriptedImporter) -> (artifact id: '3785cf8d6a536301df2779933c4f75b5') in 0.0567491 seconds
Number of updated asset objects reloaded before import = 0Number of asset objects unloaded after import = 19

========================================================================
Received Import Request.
  Time since last request: 0.000024 seconds.
  path: Assets/JMO Assets/Cartoon FX/CFX4 Prefabs/Explosions/Variants/CFX4 Firework A (Blue).prefab
  artifactKey: Guid(480d485e2c076ce46ac77f0420bc2b59) Importer(2089858483,192608db42251d675da83286b1cce702)
Start importing Assets/JMO Assets/Cartoon FX/CFX4 Prefabs/Explosions/Variants/CFX4 Firework A (Blue).prefab using Guid(480d485e2c076ce46ac77f0420bc2b59) Importer(2089858483,192608db42251d675da83286b1cce702) (ScriptedImporter) -> (artifact id: '474f0132a1f4a2644c104ce926982eac') in 0.050182 seconds
Number of updated asset objects reloaded before import = 0Number of asset objects unloaded after import = 7

========================================================================
Received Import Request.
  Time since last request: 0.000023 seconds.
  path: Assets/JMO Assets/Cartoon FX/CFX4 Prefabs/Explosions/Variants/CFX4 Firework B (Blue).prefab
  artifactKey: Guid(3afec1bce40938344aa33249ab854d0e) Importer(2089858483,192608db42251d675da83286b1cce702)
Start importing Assets/JMO Assets/Cartoon FX/CFX4 Prefabs/Explosions/Variants/CFX4 Firework B (Blue).prefab using Guid(3afec1bce40938344aa33249ab854d0e) Importer(2089858483,192608db42251d675da83286b1cce702) (ScriptedImporter) -> (artifact id: '7fcd5674054410dff3d9c696942caae3') in 0.0416166 seconds
Number of updated asset objects reloaded before import = 0Number of asset objects unloaded after import = 15

========================================================================
Received Import Request.
  Time since last request: 0.000032 seconds.
  path: Assets/JMO Assets/Cartoon FX/CFX4 Prefabs (Mobile)/Space/CFXM4_Space Thruster A (Blue, CFX Blend).prefab
  artifactKey: Guid(86017ee9e15dc394a81643a1ef414e69) Importer(2089858483,192608db42251d675da83286b1cce702)
Start importing Assets/JMO Assets/Cartoon FX/CFX4 Prefabs (Mobile)/Space/CFXM4_Space Thruster A (Blue, CFX Blend).prefab using Guid(86017ee9e15dc394a81643a1ef414e69) Importer(2089858483,192608db42251d675da83286b1cce702) (ScriptedImporter) -> (artifact id: 'b02535b5e422bd26673f81f011bb23be') in 0.0560991 seconds
Number of updated asset objects reloaded before import = 0Number of asset objects unloaded after import = 8

========================================================================
Received Import Request.
  Time since last request: 0.000031 seconds.
  path: Assets/JMO Assets/Cartoon FX/Demo/Assets/CFX_AutoStopLoopedEffect.cs
  artifactKey: Guid(d9c4e89389fa607479b0744ec6611490) Importer(2089858483,192608db42251d675da83286b1cce702)
Start importing Assets/JMO Assets/Cartoon FX/Demo/Assets/CFX_AutoStopLoopedEffect.cs using Guid(d9c4e89389fa607479b0744ec6611490) Importer(2089858483,192608db42251d675da83286b1cce702) (ScriptedImporter) -> (artifact id: 'ee69b1cea94b697b02861f2bbb5477b8') in 0.0050546 seconds
Number of updated asset objects reloaded before import = 0Number of asset objects unloaded after import = 0

========================================================================
Received Import Request.
  Time since last request: 0.000115 seconds.
  path: Assets/JMO Assets/Cartoon FX/CFX4 Prefabs/Electric/Variants/CFX4 Sparks Explosion (Orange).prefab
  artifactKey: Guid(18aefae790ed7b24baf314c0b00d0ac6) Importer(2089858483,192608db42251d675da83286b1cce702)
Start importing Assets/JMO Assets/Cartoon FX/CFX4 Prefabs/Electric/Variants/CFX4 Sparks Explosion (Orange).prefab using Guid(18aefae790ed7b24baf314c0b00d0ac6) Importer(2089858483,192608db42251d675da83286b1cce702) (ScriptedImporter) -> (artifact id: '4e3fbc265bd8489142377d7bdeebcd92') in 0.0466916 seconds
Number of updated asset objects reloaded before import = 0Number of asset objects unloaded after import = 11

========================================================================
Received Import Request.
  Time since last request: 0.000043 seconds.
  path: Assets/JMO Assets/Cartoon FX/CFX4 Prefabs (Mobile)/Fire/CFXM4 Fire (CFX Blend).prefab
  artifactKey: Guid(4a98090294fee804aadf6458315b2326) Importer(2089858483,192608db42251d675da83286b1cce702)
Start importing Assets/JMO Assets/Cartoon FX/CFX4 Prefabs (Mobile)/Fire/CFXM4 Fire (CFX Blend).prefab using Guid(4a98090294fee804aadf6458315b2326) Importer(2089858483,192608db42251d675da83286b1cce702) (ScriptedImporter) -> (artifact id: '916a2e7cebdf92a85df2b24ccc10bfc8') in 0.0514059 seconds
Number of updated asset objects reloaded before import = 0Number of asset objects unloaded after import = 11

========================================================================
Received Import Request.
  Time since last request: 0.000029 seconds.
  path: Assets/JMO Assets/Cartoon FX/Materials/Light/CFX3_RayStraight ADD.mat
  artifactKey: Guid(695873166113ab64997efed81c2426c7) Importer(2089858483,192608db42251d675da83286b1cce702)
Start importing Assets/JMO Assets/Cartoon FX/Materials/Light/CFX3_RayStraight ADD.mat using Guid(695873166113ab64997efed81c2426c7) Importer(2089858483,192608db42251d675da83286b1cce702) (ScriptedImporter) -> (artifact id: 'c9fc9d2931401d6852ccc269a0558f24') in 0.0105873 seconds
Number of updated asset objects reloaded before import = 0Number of asset objects unloaded after import = 2

========================================================================
Received Import Request.
  Time since last request: 0.000035 seconds.
  path: Assets/JMO Assets/Cartoon FX/CFX4 Prefabs/Explosions/Variants/CFX4 Firework B (Orange).prefab
  artifactKey: Guid(963efaa4b32ec5d4ea662970b246a35f) Importer(2089858483,192608db42251d675da83286b1cce702)
Start importing Assets/JMO Assets/Cartoon FX/CFX4 Prefabs/Explosions/Variants/CFX4 Firework B (Orange).prefab using Guid(963efaa4b32ec5d4ea662970b246a35f) Importer(2089858483,192608db42251d675da83286b1cce702) (ScriptedImporter) -> (artifact id: 'dcde67f689f1fadd7511361fde68cac8') in 0.0412272 seconds
Number of updated asset objects reloaded before import = 0Number of asset objects unloaded after import = 15

========================================================================
Received Import Request.
  Time since last request: 0.000038 seconds.
  path: Assets/Plugins/WSA/SDK80/ARM/sqlite3.dll
  artifactKey: Guid(8757c772bb03ce94b851bff9a664b553) Importer(2089858483,192608db42251d675da83286b1cce702)
Start importing Assets/Plugins/WSA/SDK80/ARM/sqlite3.dll using Guid(8757c772bb03ce94b851bff9a664b553) Importer(2089858483,192608db42251d675da83286b1cce702) (ScriptedImporter) -> (artifact id: 'b34a2d62d20065b1bd2fb3c420022a96') in 0.0082389 seconds
Number of updated asset objects reloaded before import = 0Number of asset objects unloaded after import = 0

========================================================================
Received Import Request.
  Time since last request: 0.000128 seconds.
  path: Assets/JMO Assets/Cartoon FX/CFX4 Prefabs/Explosions/Variants/CFX4 Wave Explosion (Blue).prefab
  artifactKey: Guid(48602ed332bcebe43b8728beeacea243) Importer(2089858483,192608db42251d675da83286b1cce702)
Start importing Assets/JMO Assets/Cartoon FX/CFX4 Prefabs/Explosions/Variants/CFX4 Wave Explosion (Blue).prefab using Guid(48602ed332bcebe43b8728beeacea243) Importer(2089858483,192608db42251d675da83286b1cce702) (ScriptedImporter) -> (artifact id: 'e295de5e3dbf4d6cdd3cca715e580040') in 0.0665974 seconds
Number of updated asset objects reloaded before import = 0Number of asset objects unloaded after import = 24

========================================================================
Received Import Request.
  Time since last request: 0.000037 seconds.
  path: Assets/JMO Assets/Cartoon FX/CFX4 Prefabs/Electric/Variants/CFX4 Sparks Explosion Bigger (White).prefab
  artifactKey: Guid(dcc129c5932765246b56f5759436f0e5) Importer(2089858483,192608db42251d675da83286b1cce702)
Start importing Assets/JMO Assets/Cartoon FX/CFX4 Prefabs/Electric/Variants/CFX4 Sparks Explosion Bigger (White).prefab using Guid(dcc129c5932765246b56f5759436f0e5) Importer(2089858483,192608db42251d675da83286b1cce702) (ScriptedImporter) -> (artifact id: 'da74b0c3e0ed05f6f7cb9b8d2b781285') in 0.0521915 seconds
Number of updated asset objects reloaded before import = 0Number of asset objects unloaded after import = 11

========================================================================
Received Import Request.
  Time since last request: 0.000075 seconds.
  path: Assets/JMO Assets/Cartoon FX/CFX4 Prefabs/Explosions/Variants/CFX4 Spiky Explosion (Blue).prefab
  artifactKey: Guid(1fb658763a76b2040ba59bb2b3e81446) Importer(2089858483,192608db42251d675da83286b1cce702)
Start importing Assets/JMO Assets/Cartoon FX/CFX4 Prefabs/Explosions/Variants/CFX4 Spiky Explosion (Blue).prefab using Guid(1fb658763a76b2040ba59bb2b3e81446) Importer(2089858483,192608db42251d675da83286b1cce702) (ScriptedImporter) -> (artifact id: '676274143e79c93c948079b179a4dd71') in 0.0716958 seconds
Number of updated asset objects reloaded before import = 0Number of asset objects unloaded after import = 15

========================================================================
Received Import Request.
  Time since last request: 0.000050 seconds.
  path: Assets/JMO Assets/Cartoon FX/CFX4 Prefabs (Mobile)/Magic/CFXM4 Magic Drain.prefab
  artifactKey: Guid(6b317396d4f506b47b1f599e383802cb) Importer(2089858483,192608db42251d675da83286b1cce702)
Start importing Assets/JMO Assets/Cartoon FX/CFX4 Prefabs (Mobile)/Magic/CFXM4 Magic Drain.prefab using Guid(6b317396d4f506b47b1f599e383802cb) Importer(2089858483,192608db42251d675da83286b1cce702) (ScriptedImporter) -> (artifact id: '6372875df945d304e414b56a01e59b59') in 0.0727827 seconds
Number of updated asset objects reloaded before import = 0Number of asset objects unloaded after import = 18

========================================================================
Received Import Request.
  Time since last request: 0.000056 seconds.
  path: Assets/JMO Assets/Cartoon FX/CFX4 Prefabs/Space/Variants/CFX4_Plasma Ball (Green-Purple, CFX Blend).prefab
  artifactKey: Guid(006e53bba485db64f8af64731781ac23) Importer(2089858483,192608db42251d675da83286b1cce702)
Start importing Assets/JMO Assets/Cartoon FX/CFX4 Prefabs/Space/Variants/CFX4_Plasma Ball (Green-Purple, CFX Blend).prefab using Guid(006e53bba485db64f8af64731781ac23) Importer(2089858483,192608db42251d675da83286b1cce702) (ScriptedImporter) -> (artifact id: '284de66e26467fff4b1e862c3b4e0717') in 0.0618323 seconds
Number of updated asset objects reloaded before import = 0Number of asset objects unloaded after import = 15

========================================================================
Received Import Request.
  Time since last request: 0.000029 seconds.
  path: Assets/JMO Assets/Cartoon FX/CFX4 Prefabs/Fire/Variants/CFX4 Sun (Blue, CFX Blend).prefab
  artifactKey: Guid(38c9c3edf91c8284f8723ecc377e39b3) Importer(2089858483,192608db42251d675da83286b1cce702)
Start importing Assets/JMO Assets/Cartoon FX/CFX4 Prefabs/Fire/Variants/CFX4 Sun (Blue, CFX Blend).prefab using Guid(38c9c3edf91c8284f8723ecc377e39b3) Importer(2089858483,192608db42251d675da83286b1cce702) (ScriptedImporter) -> (artifact id: '7ef038ca43374ee089d62dd89b3cdd20') in 0.1422556 seconds
Number of updated asset objects reloaded before import = 0Number of asset objects unloaded after import = 19

========================================================================
Received Import Request.
  Time since last request: 0.000025 seconds.
  path: Assets/JMO Assets/Cartoon FX/CFX4 Prefabs/Misc/Variants/CFX4 Hit Flower (Rainbow).prefab
  artifactKey: Guid(b5adfae310d598a4693909a4bffd5eff) Importer(2089858483,192608db42251d675da83286b1cce702)
Start importing Assets/JMO Assets/Cartoon FX/CFX4 Prefabs/Misc/Variants/CFX4 Hit Flower (Rainbow).prefab using Guid(b5adfae310d598a4693909a4bffd5eff) Importer(2089858483,192608db42251d675da83286b1cce702) (ScriptedImporter) -> (artifact id: 'b3f6e7925cc7b3497e8aa7c610ca9282') in 0.0786005 seconds
Number of updated asset objects reloaded before import = 0Number of asset objects unloaded after import = 15

========================================================================
Received Import Request.
  Time since last request: 0.000069 seconds.
  path: Assets/JMO Assets/Cartoon FX/CFX4 Prefabs/Fire/Variants/CFX4 Flamme (Yellow, CFX Blend).prefab
  artifactKey: Guid(eeb44e66f2497be4aa5fd631e1d090ca) Importer(2089858483,192608db42251d675da83286b1cce702)
Start importing Assets/JMO Assets/Cartoon FX/CFX4 Prefabs/Fire/Variants/CFX4 Flamme (Yellow, CFX Blend).prefab using Guid(eeb44e66f2497be4aa5fd631e1d090ca) Importer(2089858483,192608db42251d675da83286b1cce702) (ScriptedImporter) -> (artifact id: '46e116cd5b286974c9bac78f85a8a903') in 0.3028825 seconds
Number of updated asset objects reloaded before import = 0Number of asset objects unloaded after import = 15

========================================================================
Received Import Request.
  Time since last request: 0.000147 seconds.
  path: Assets/JMO Assets/Cartoon FX/CFX4 Prefabs (Mobile)/Explosions/Variants/CFXM4 Firework B (Blue).prefab
  artifactKey: Guid(60692637c50e78340bb77b9c89cbc4d7) Importer(2089858483,192608db42251d675da83286b1cce702)
Start importing Assets/JMO Assets/Cartoon FX/CFX4 Prefabs (Mobile)/Explosions/Variants/CFXM4 Firework B (Blue).prefab using Guid(60692637c50e78340bb77b9c89cbc4d7) Importer(2089858483,192608db42251d675da83286b1cce702) (ScriptedImporter) -> (artifact id: 'd72b0197d9ee4403759ebc1d7040d3b4') in 0.0767038 seconds
Number of updated asset objects reloaded before import = 0Number of asset objects unloaded after import = 15

========================================================================
Received Import Request.
  Time since last request: 0.000030 seconds.
  path: Assets/JMO Assets/Cartoon FX/CFX4 Prefabs/Space/Variants/CFX4_Space Thruster B (Green, CFX Blend).prefab
  artifactKey: Guid(878959affde6cd849bd4396da8546f8b) Importer(2089858483,192608db42251d675da83286b1cce702)
Start importing Assets/JMO Assets/Cartoon FX/CFX4 Prefabs/Space/Variants/CFX4_Space Thruster B (Green, CFX Blend).prefab using Guid(878959affde6cd849bd4396da8546f8b) Importer(2089858483,192608db42251d675da83286b1cce702) (ScriptedImporter) -> (artifact id: 'db10a153dbd568d9a14fd1cb9c873b1d') in 0.0557394 seconds
Number of updated asset objects reloaded before import = 0Number of asset objects unloaded after import = 11

========================================================================
Received Import Request.
  Time since last request: 0.000027 seconds.
  path: Assets/JMO Assets/Cartoon FX/CFX4 Prefabs/Light/Variants/CFX4 Aurora (Cyan Purple).prefab
  artifactKey: Guid(c3b221c3ec2e3cc4e90ea10e2567a22d) Importer(2089858483,192608db42251d675da83286b1cce702)
Start importing Assets/JMO Assets/Cartoon FX/CFX4 Prefabs/Light/Variants/CFX4 Aurora (Cyan Purple).prefab using Guid(c3b221c3ec2e3cc4e90ea10e2567a22d) Importer(2089858483,192608db42251d675da83286b1cce702) (ScriptedImporter) -> (artifact id: 'c7cb610887da645853dd027e61d9dff4') in 0.0529302 seconds
Number of updated asset objects reloaded before import = 0Number of asset objects unloaded after import = 6

========================================================================
Received Import Request.
  Time since last request: 0.000036 seconds.
  path: Assets/JMO Assets/Cartoon FX/CFX4 Prefabs (Mobile)/Explosions/Variants/CFXM4 Explosion SoftEdge Air (No Smoke).prefab
  artifactKey: Guid(fe12347815731664cb431a307191ae7c) Importer(2089858483,192608db42251d675da83286b1cce702)
Start importing Assets/JMO Assets/Cartoon FX/CFX4 Prefabs (Mobile)/Explosions/Variants/CFXM4 Explosion SoftEdge Air (No Smoke).prefab using Guid(fe12347815731664cb431a307191ae7c) Importer(2089858483,192608db42251d675da83286b1cce702) (ScriptedImporter) -> (artifact id: 'cb3457cddd42bde96284126660fdb5a3') in 0.0644755 seconds
Number of updated asset objects reloaded before import = 0Number of asset objects unloaded after import = 15

========================================================================
Received Import Request.
  Time since last request: 0.000045 seconds.
  path: Assets/JMO Assets/Cartoon FX/Materials/Fire/CFX3_FireSparkle ADD.mat
  artifactKey: Guid(c9386fd37103dcb479f09e942849a1ce) Importer(2089858483,192608db42251d675da83286b1cce702)
Start importing Assets/JMO Assets/Cartoon FX/Materials/Fire/CFX3_FireSparkle ADD.mat using Guid(c9386fd37103dcb479f09e942849a1ce) Importer(2089858483,192608db42251d675da83286b1cce702) (ScriptedImporter) -> (artifact id: '09b89a6adcb46aeed8c52bf0d60ec87c') in 0.0144705 seconds
Number of updated asset objects reloaded before import = 0Number of asset objects unloaded after import = 2

========================================================================
Received Import Request.
  Time since last request: 0.000061 seconds.
  path: Assets/JMO Assets/Cartoon FX/CFX4 Prefabs/Fire/Variants/CFX4 Flamme Soft (Pink, CFX Blend).prefab
  artifactKey: Guid(08238ee53a3a3e14c873e9df7308b491) Importer(2089858483,192608db42251d675da83286b1cce702)
Start importing Assets/JMO Assets/Cartoon FX/CFX4 Prefabs/Fire/Variants/CFX4 Flamme Soft (Pink, CFX Blend).prefab using Guid(08238ee53a3a3e14c873e9df7308b491) Importer(2089858483,192608db42251d675da83286b1cce702) (ScriptedImporter) -> (artifact id: 'f2751b05130ff78acb43eaf51914f109') in 0.0549453 seconds
Number of updated asset objects reloaded before import = 0Number of asset objects unloaded after import = 15

========================================================================
Received Import Request.
  Time since last request: 0.000033 seconds.
  path: Assets/JMO Assets/Cartoon FX/CFX4 Prefabs (Mobile)/Light/CFXM4 Aurora.prefab
  artifactKey: Guid(0c12a1f0e126d1b4eb5b667416699762) Importer(2089858483,192608db42251d675da83286b1cce702)
Start importing Assets/JMO Assets/Cartoon FX/CFX4 Prefabs (Mobile)/Light/CFXM4 Aurora.prefab using Guid(0c12a1f0e126d1b4eb5b667416699762) Importer(2089858483,192608db42251d675da83286b1cce702) (ScriptedImporter) -> (artifact id: 'f84540e8b2824886c4cfba4c75bb95a7') in 0.0568692 seconds
Number of updated asset objects reloaded before import = 0Number of asset objects unloaded after import = 6

========================================================================
Received Import Request.
  Time since last request: 0.000035 seconds.
  path: Assets/JMO Assets/Cartoon FX/CFX4 Prefabs/Misc/Variants/CFX4 Hit A (Yellow, CFX Blend).prefab
  artifactKey: Guid(9faceee1bc40f364db3e0f9e600e23eb) Importer(2089858483,192608db42251d675da83286b1cce702)
Start importing Assets/JMO Assets/Cartoon FX/CFX4 Prefabs/Misc/Variants/CFX4 Hit A (Yellow, CFX Blend).prefab using Guid(9faceee1bc40f364db3e0f9e600e23eb) Importer(2089858483,192608db42251d675da83286b1cce702) (ScriptedImporter) -> (artifact id: '1be46cc6a709431471eac8309285de8f') in 0.066612 seconds
Number of updated asset objects reloaded before import = 0Number of asset objects unloaded after import = 15

========================================================================
Received Import Request.
  Time since last request: 0.000028 seconds.
  path: Assets/JMO Assets/Cartoon FX/Materials/Light/CFX4_Glow AB.mat
  artifactKey: Guid(93f6abd42d539794b9621e87786bdf78) Importer(2089858483,192608db42251d675da83286b1cce702)
Start importing Assets/JMO Assets/Cartoon FX/Materials/Light/CFX4_Glow AB.mat using Guid(93f6abd42d539794b9621e87786bdf78) Importer(2089858483,192608db42251d675da83286b1cce702) (ScriptedImporter) -> (artifact id: '61c90584440a37ca305a6cb184f67f53') in 0.0131798 seconds
Number of updated asset objects reloaded before import = 0Number of asset objects unloaded after import = 2

========================================================================
Received Import Request.
  Time since last request: 0.000036 seconds.
  path: Assets/JMO Assets/Cartoon FX/CFX4 Prefabs (Mobile)/Magic/CFXM4 Secret Place Loop.prefab
  artifactKey: Guid(3961f130ccc2d7e419a373e63f546181) Importer(2089858483,192608db42251d675da83286b1cce702)
Start importing Assets/JMO Assets/Cartoon FX/CFX4 Prefabs (Mobile)/Magic/CFXM4 Secret Place Loop.prefab using Guid(3961f130ccc2d7e419a373e63f546181) Importer(2089858483,192608db42251d675da83286b1cce702) (ScriptedImporter) -> (artifact id: 'a8bfb8df938e67458df79f9dbefcac4d') in 0.0607445 seconds
Number of updated asset objects reloaded before import = 0Number of asset objects unloaded after import = 6

========================================================================
Received Import Request.
  Time since last request: 0.000059 seconds.
  path: Assets/JMO Assets/Cartoon FX/CFX4 Prefabs (Mobile)/Light/Variants/CFXM4 Aura Bubble B (Pink, CFX Blend).prefab
  artifactKey: Guid(e840ef12278c6cb4385eb4c4a2ade35b) Importer(2089858483,192608db42251d675da83286b1cce702)
Start importing Assets/JMO Assets/Cartoon FX/CFX4 Prefabs (Mobile)/Light/Variants/CFXM4 Aura Bubble B (Pink, CFX Blend).prefab using Guid(e840ef12278c6cb4385eb4c4a2ade35b) Importer(2089858483,192608db42251d675da83286b1cce702) (ScriptedImporter) -> (artifact id: 'ed4a07f556feacb35dca99b28608cfd4') in 0.0651668 seconds
Number of updated asset objects reloaded before import = 0Number of asset objects unloaded after import = 10

========================================================================
Received Import Request.
  Time since last request: 0.000049 seconds.
  path: Assets/JMO Assets/Cartoon FX/CFX4 Prefabs (Mobile)/Misc/Variants/CFXM4 Hit B (White).prefab
  artifactKey: Guid(0e576ebcf23291b4595ee23438b850d4) Importer(2089858483,192608db42251d675da83286b1cce702)
Start importing Assets/JMO Assets/Cartoon FX/CFX4 Prefabs (Mobile)/Misc/Variants/CFXM4 Hit B (White).prefab using Guid(0e576ebcf23291b4595ee23438b850d4) Importer(2089858483,192608db42251d675da83286b1cce702) (ScriptedImporter) -> (artifact id: 'e47a47f4913ca6c4ff4e174bc222018a') in 0.0611786 seconds
Number of updated asset objects reloaded before import = 0Number of asset objects unloaded after import = 11

========================================================================
Received Import Request.
  Time since last request: 0.000048 seconds.
  path: Assets/JMO Assets/Cartoon FX/CFX4 Prefabs (Mobile)/Magic/Variants/CFXM4 Fairy Dust (Green).prefab
  artifactKey: Guid(3f5aed4c1b7a3fa47a4f0a4a702147ac) Importer(2089858483,192608db42251d675da83286b1cce702)
Start importing Assets/JMO Assets/Cartoon FX/CFX4 Prefabs (Mobile)/Magic/Variants/CFXM4 Fairy Dust (Green).prefab using Guid(3f5aed4c1b7a3fa47a4f0a4a702147ac) Importer(2089858483,192608db42251d675da83286b1cce702) (ScriptedImporter) -> (artifact id: 'fc4e263975588210a9965406dc2f1457') in 0.0674446 seconds
Number of updated asset objects reloaded before import = 0Number of asset objects unloaded after import = 11

========================================================================
Received Import Request.
  Time since last request: 0.000025 seconds.
  path: Assets/JMO Assets/Cartoon FX/CFX4 Prefabs (Mobile)/Fire/Variants/CFXM4 Flamme (Rainbow, CFX Blend).prefab
  artifactKey: Guid(b1d41fbe7d7a7df4b8bf0099b5b72b00) Importer(2089858483,192608db42251d675da83286b1cce702)
Start importing Assets/JMO Assets/Cartoon FX/CFX4 Prefabs (Mobile)/Fire/Variants/CFXM4 Flamme (Rainbow, CFX Blend).prefab using Guid(b1d41fbe7d7a7df4b8bf0099b5b72b00) Importer(2089858483,192608db42251d675da83286b1cce702) (ScriptedImporter) -> (artifact id: 'a999c373598822a046e39cd9de8b03f3') in 0.0478455 seconds
Number of updated asset objects reloaded before import = 0Number of asset objects unloaded after import = 11

========================================================================
Received Import Request.
  Time since last request: 0.000021 seconds.
  path: Assets/JMO Assets/Cartoon FX/CFX4 Prefabs/Magic/Variants/CFX4 Shiny (Blue, CFX Blend).prefab
  artifactKey: Guid(467a68ef082ca4f46aa56d39b790aba4) Importer(2089858483,192608db42251d675da83286b1cce702)
Start importing Assets/JMO Assets/Cartoon FX/CFX4 Prefabs/Magic/Variants/CFX4 Shiny (Blue, CFX Blend).prefab using Guid(467a68ef082ca4f46aa56d39b790aba4) Importer(2089858483,192608db42251d675da83286b1cce702) (ScriptedImporter) -> (artifact id: 'cd07d2411d4beb637348da1a06e08b9f') in 0.0521543 seconds
Number of updated asset objects reloaded before import = 0Number of asset objects unloaded after import = 15

========================================================================
Received Import Request.
  Time since last request: 0.000025 seconds.
  path: Assets/JMO Assets/Cartoon FX/CFX4 Prefabs (Mobile)/Magic/Variants/CFXM4 Shiny (Red).prefab
  artifactKey: Guid(7e540d5dd04554246aec11cca898de0b) Importer(2089858483,192608db42251d675da83286b1cce702)
Start importing Assets/JMO Assets/Cartoon FX/CFX4 Prefabs (Mobile)/Magic/Variants/CFXM4 Shiny (Red).prefab using Guid(7e540d5dd04554246aec11cca898de0b) Importer(2089858483,192608db42251d675da83286b1cce702) (ScriptedImporter) -> (artifact id: '2fb1654fd937d4370bea34d25152df82') in 0.0474279 seconds
Number of updated asset objects reloaded before import = 0Number of asset objects unloaded after import = 18

========================================================================
Received Import Request.
  Time since last request: 0.000046 seconds.
  path: Assets/JMO Assets/Cartoon FX/CFX4 Prefabs (Mobile)/Fire/CFXM4_Fire Disintegrate (CFXM Blend).prefab
  artifactKey: Guid(7f2573f3fe0d46043aab10eddf5abb5e) Importer(2089858483,192608db42251d675da83286b1cce702)
Start importing Assets/JMO Assets/Cartoon FX/CFX4 Prefabs (Mobile)/Fire/CFXM4_Fire Disintegrate (CFXM Blend).prefab using Guid(7f2573f3fe0d46043aab10eddf5abb5e) Importer(2089858483,192608db42251d675da83286b1cce702) (ScriptedImporter) -> (artifact id: 'b060221e1c576aa73b8132de994e9f12') in 0.0475983 seconds
Number of updated asset objects reloaded before import = 0Number of asset objects unloaded after import = 11

========================================================================
Received Import Request.
  Time since last request: 0.000036 seconds.
  path: Assets/JMO Assets/Cartoon FX/CFX4 Prefabs/Magic/Variants/CFX4 Fairy Dust (Orange).prefab
  artifactKey: Guid(47e064929f8a80f4d875a734004a0c4b) Importer(2089858483,192608db42251d675da83286b1cce702)
Start importing Assets/JMO Assets/Cartoon FX/CFX4 Prefabs/Magic/Variants/CFX4 Fairy Dust (Orange).prefab using Guid(47e064929f8a80f4d875a734004a0c4b) Importer(2089858483,192608db42251d675da83286b1cce702) (ScriptedImporter) -> (artifact id: '6a738ca508dde71c2a6955c884a06a61') in 0.0531688 seconds
Number of updated asset objects reloaded before import = 0Number of asset objects unloaded after import = 11

========================================================================
Received Import Request.
  Time since last request: 0.000030 seconds.
  path: Assets/JMO Assets/Cartoon FX/Materials/Fire/CFX4_FireBulk AB+AddSoft Red.mat
  artifactKey: Guid(691f403af0420c148b80030e5a17f00d) Importer(2089858483,192608db42251d675da83286b1cce702)
Start importing Assets/JMO Assets/Cartoon FX/Materials/Fire/CFX4_FireBulk AB+AddSoft Red.mat using Guid(691f403af0420c148b80030e5a17f00d) Importer(2089858483,192608db42251d675da83286b1cce702) (ScriptedImporter) -> (artifact id: '1a9942ba1b79f03c8bb3c73052f601f7') in 0.0136402 seconds
Number of updated asset objects reloaded before import = 0Number of asset objects unloaded after import = 3

========================================================================
Received Import Request.
  Time since last request: 0.000022 seconds.
  path: Assets/JMO Assets/Cartoon FX/CFX4 Prefabs (Mobile)/Magic/CFXM4 Magic Hit (CFXM Blend).prefab
  artifactKey: Guid(30a063a2dbaab6e40a92f1841c80e2ef) Importer(2089858483,192608db42251d675da83286b1cce702)
Start importing Assets/JMO Assets/Cartoon FX/CFX4 Prefabs (Mobile)/Magic/CFXM4 Magic Hit (CFXM Blend).prefab using Guid(30a063a2dbaab6e40a92f1841c80e2ef) Importer(2089858483,192608db42251d675da83286b1cce702) (ScriptedImporter) -> (artifact id: '2234a32da95bc45736484c0620ee11df') in 0.046209 seconds
Number of updated asset objects reloaded before import = 0Number of asset objects unloaded after import = 22

========================================================================
Received Import Request.
  Time since last request: 0.000021 seconds.
  path: Assets/JMO Assets/Cartoon FX/CFX4 Prefabs (Mobile)/Magic/Variants/CFXM4 Shiny (Blue).prefab
  artifactKey: Guid(bf00a3d8230cdbe46831b1f132c7c234) Importer(2089858483,192608db42251d675da83286b1cce702)
Start importing Assets/JMO Assets/Cartoon FX/CFX4 Prefabs (Mobile)/Magic/Variants/CFXM4 Shiny (Blue).prefab using Guid(bf00a3d8230cdbe46831b1f132c7c234) Importer(2089858483,192608db42251d675da83286b1cce702) (ScriptedImporter) -> (artifact id: '57e27bff1956678189189b46e9535cec') in 0.0416926 seconds
Number of updated asset objects reloaded before import = 0Number of asset objects unloaded after import = 18

========================================================================
Received Import Request.
  Time since last request: 0.000028 seconds.
  path: Assets/JMO Assets/Cartoon FX/CFX4 Prefabs (Mobile)/Misc/Variants/CFXM4 Radar Rings (White, CFX Blend).prefab
  artifactKey: Guid(b00cacdb142338e42b3ca15a8e5b04f4) Importer(2089858483,192608db42251d675da83286b1cce702)
Start importing Assets/JMO Assets/Cartoon FX/CFX4 Prefabs (Mobile)/Misc/Variants/CFXM4 Radar Rings (White, CFX Blend).prefab using Guid(b00cacdb142338e42b3ca15a8e5b04f4) Importer(2089858483,192608db42251d675da83286b1cce702) (ScriptedImporter) -> (artifact id: 'fea4a31689fa59a08f6ec3c91e020f7e') in 0.0390205 seconds
Number of updated asset objects reloaded before import = 0Number of asset objects unloaded after import = 7

========================================================================
Received Import Request.
  Time since last request: 0.000037 seconds.
  path: Assets/JMO Assets/Cartoon FX/CFX4 Prefabs (Mobile)/Space/Variants/CFXM4_Plasma Ball Bigger (Red-Orange, CFX Blend).prefab
  artifactKey: Guid(2470a5b81cfdd64459aef6dae0d3d7e8) Importer(2089858483,192608db42251d675da83286b1cce702)
Start importing Assets/JMO Assets/Cartoon FX/CFX4 Prefabs (Mobile)/Space/Variants/CFXM4_Plasma Ball Bigger (Red-Orange, CFX Blend).prefab using Guid(2470a5b81cfdd64459aef6dae0d3d7e8) Importer(2089858483,192608db42251d675da83286b1cce702) (ScriptedImporter) -> (artifact id: '363ab391bbc480c5679978cdc7c5d85c') in 0.0506038 seconds
Number of updated asset objects reloaded before import = 0Number of asset objects unloaded after import = 11

========================================================================
Received Import Request.
  Time since last request: 0.000024 seconds.
  path: Assets/JMO Assets/Cartoon FX/CFX4 Prefabs (Mobile)/Misc/Variants/CFXM4 Radar Rings (White).prefab
  artifactKey: Guid(1b21713868afd0d42be476dd07c1487f) Importer(2089858483,192608db42251d675da83286b1cce702)
Start importing Assets/JMO Assets/Cartoon FX/CFX4 Prefabs (Mobile)/Misc/Variants/CFXM4 Radar Rings (White).prefab using Guid(1b21713868afd0d42be476dd07c1487f) Importer(2089858483,192608db42251d675da83286b1cce702) (ScriptedImporter) -> (artifact id: '3ad3ecf8c7ff9fbd9aec53b2342fddd4') in 0.0371716 seconds
Number of updated asset objects reloaded before import = 0Number of asset objects unloaded after import = 7

========================================================================
Received Import Request.
  Time since last request: 0.000026 seconds.
  path: Assets/JMO Assets/Cartoon FX/CFX4 Prefabs (Mobile)/Space/Variants/CFXM4 Donut Teleporter (Straight).prefab
  artifactKey: Guid(9223744dd8bc2aa478cae82630b5d1df) Importer(2089858483,192608db42251d675da83286b1cce702)
Start importing Assets/JMO Assets/Cartoon FX/CFX4 Prefabs (Mobile)/Space/Variants/CFXM4 Donut Teleporter (Straight).prefab using Guid(9223744dd8bc2aa478cae82630b5d1df) Importer(2089858483,192608db42251d675da83286b1cce702) (ScriptedImporter) -> (artifact id: 'ff2de3cd13d61634c58e7a1177d16b0e') in 0.0461734 seconds
Number of updated asset objects reloaded before import = 0Number of asset objects unloaded after import = 6

========================================================================
Received Import Request.
  Time since last request: 0.000023 seconds.
  path: Assets/JMO Assets/Cartoon FX/CFX4 Prefabs/Explosions/Variants/CFX4 Wave Explosion (Green).prefab
  artifactKey: Guid(cc39a47f22d6890468febc2157117072) Importer(2089858483,192608db42251d675da83286b1cce702)
Start importing Assets/JMO Assets/Cartoon FX/CFX4 Prefabs/Explosions/Variants/CFX4 Wave Explosion (Green).prefab using Guid(cc39a47f22d6890468febc2157117072) Importer(2089858483,192608db42251d675da83286b1cce702) (ScriptedImporter) -> (artifact id: '33cc9ba3f2a51e4a920b47fbba4e3fc5') in 0.043207 seconds
Number of updated asset objects reloaded before import = 0Number of asset objects unloaded after import = 24

========================================================================
Received Import Request.
  Time since last request: 0.000027 seconds.
  path: Assets/JMO Assets/Cartoon FX/CFX4 Prefabs (Mobile)/Fire/Variants/CFXM4 Flamme (Purple, CFX Blend).prefab
  artifactKey: Guid(ed30410c47bf79f4ab5ae5a65dcec85b) Importer(2089858483,192608db42251d675da83286b1cce702)
Start importing Assets/JMO Assets/Cartoon FX/CFX4 Prefabs (Mobile)/Fire/Variants/CFXM4 Flamme (Purple, CFX Blend).prefab using Guid(ed30410c47bf79f4ab5ae5a65dcec85b) Importer(2089858483,192608db42251d675da83286b1cce702) (ScriptedImporter) -> (artifact id: '89420de4ed1555e9db5d2bcb0527d21a') in 0.0474374 seconds
Number of updated asset objects reloaded before import = 0Number of asset objects unloaded after import = 11

========================================================================
Received Import Request.
  Time since last request: 0.000027 seconds.
  path: Assets/JMO Assets/Cartoon FX/CFX4 Prefabs (Mobile)/Misc/Variants/CFXM4 Hit Paint B (Blue).prefab
  artifactKey: Guid(c2b07bb8396736b42a9e448415f598b9) Importer(2089858483,192608db42251d675da83286b1cce702)
Start importing Assets/JMO Assets/Cartoon FX/CFX4 Prefabs (Mobile)/Misc/Variants/CFXM4 Hit Paint B (Blue).prefab using Guid(c2b07bb8396736b42a9e448415f598b9) Importer(2089858483,192608db42251d675da83286b1cce702) (ScriptedImporter) -> (artifact id: 'a0e78b4b0b632824f2cee4771ebf434f') in 0.0474287 seconds
Number of updated asset objects reloaded before import = 0Number of asset objects unloaded after import = 15

========================================================================
Received Import Request.
  Time since last request: 0.000041 seconds.
  path: Assets/JMO Assets/Cartoon FX/CFX4 Prefabs (Mobile)/Magic/Variants/CFXM4 Magic Drain (Purple, CFX Blend).prefab
  artifactKey: Guid(1bb7d023429668a4080c0e81f4aaa51f) Importer(2089858483,192608db42251d675da83286b1cce702)
Start importing Assets/JMO Assets/Cartoon FX/CFX4 Prefabs (Mobile)/Magic/Variants/CFXM4 Magic Drain (Purple, CFX Blend).prefab using Guid(1bb7d023429668a4080c0e81f4aaa51f) Importer(2089858483,192608db42251d675da83286b1cce702) (ScriptedImporter) -> (artifact id: 'b2924cd85151a6c03291ff8a39b7c7af') in 0.0478798 seconds
Number of updated asset objects reloaded before import = 0Number of asset objects unloaded after import = 19

========================================================================
Received Import Request.
  Time since last request: 0.000027 seconds.
  path: Assets/JMO Assets/Cartoon FX/CFX4 Prefabs (Mobile)/Magic/Variants/CFXM4 Magical Ring Loop (Orange).prefab
  artifactKey: Guid(611378cbb8bf47745b53ff9b17107505) Importer(2089858483,192608db42251d675da83286b1cce702)
Start importing Assets/JMO Assets/Cartoon FX/CFX4 Prefabs (Mobile)/Magic/Variants/CFXM4 Magical Ring Loop (Orange).prefab using Guid(611378cbb8bf47745b53ff9b17107505) Importer(2089858483,192608db42251d675da83286b1cce702) (ScriptedImporter) -> (artifact id: '48bc957948e5171c924a3f61cabfac81') in 0.040611 seconds
Number of updated asset objects reloaded before import = 0Number of asset objects unloaded after import = 14

========================================================================
Received Import Request.
  Time since last request: 0.000031 seconds.
  path: Assets/JMO Assets/Cartoon FX/CFX4 Prefabs (Mobile)/Explosions/Variants/CFXM4 Firework A (Green).prefab
  artifactKey: Guid(00b2a34e2fe912d4193c0abe5911a70e) Importer(2089858483,192608db42251d675da83286b1cce702)
Start importing Assets/JMO Assets/Cartoon FX/CFX4 Prefabs (Mobile)/Explosions/Variants/CFXM4 Firework A (Green).prefab using Guid(00b2a34e2fe912d4193c0abe5911a70e) Importer(2089858483,192608db42251d675da83286b1cce702) (ScriptedImporter) -> (artifact id: 'f1bb497db91570c40156fd453a5f5d25') in 0.0453853 seconds
Number of updated asset objects reloaded before import = 0Number of asset objects unloaded after import = 7

========================================================================
Received Import Request.
  Time since last request: 0.000030 seconds.
  path: Assets/JMO Assets/Cartoon FX/CFX4 Prefabs (Mobile)/Misc/Variants/CFXM4 Hit Paint A (Orange).prefab
  artifactKey: Guid(14ce47f8b5c78ec409262e4c67a3bd13) Importer(2089858483,192608db42251d675da83286b1cce702)
Start importing Assets/JMO Assets/Cartoon FX/CFX4 Prefabs (Mobile)/Misc/Variants/CFXM4 Hit Paint A (Orange).prefab using Guid(14ce47f8b5c78ec409262e4c67a3bd13) Importer(2089858483,192608db42251d675da83286b1cce702) (ScriptedImporter) -> (artifact id: '3ae593b94db7552559f4b79c3d048feb') in 0.0436074 seconds
Number of updated asset objects reloaded before import = 0Number of asset objects unloaded after import = 11

========================================================================
Received Import Request.
  Time since last request: 0.000024 seconds.
  path: Assets/JMO Assets/Cartoon FX/CFX4 Prefabs (Mobile)/Explosions/Variants/CFXM4 Firework B (Green).prefab
  artifactKey: Guid(eea3ecf09db3d0b44bc9fbfcb8ebbe62) Importer(2089858483,192608db42251d675da83286b1cce702)
Start importing Assets/JMO Assets/Cartoon FX/CFX4 Prefabs (Mobile)/Explosions/Variants/CFXM4 Firework B (Green).prefab using Guid(eea3ecf09db3d0b44bc9fbfcb8ebbe62) Importer(2089858483,192608db42251d675da83286b1cce702) (ScriptedImporter) -> (artifact id: 'aeed90a66d3b1d03046f61a3b02e7318') in 0.0439043 seconds
Number of updated asset objects reloaded before import = 0Number of asset objects unloaded after import = 15

========================================================================
Received Import Request.
  Time since last request: 0.000042 seconds.
  path: Assets/JMO Assets/Cartoon FX/CFX4 Prefabs (Mobile)/Light/Variants/CFXM4 Aurora (White).prefab
  artifactKey: Guid(3e7c1f7a3b7caf5418cafa71ea77bc75) Importer(2089858483,192608db42251d675da83286b1cce702)
Start importing Assets/JMO Assets/Cartoon FX/CFX4 Prefabs (Mobile)/Light/Variants/CFXM4 Aurora (White).prefab using Guid(3e7c1f7a3b7caf5418cafa71ea77bc75) Importer(2089858483,192608db42251d675da83286b1cce702) (ScriptedImporter) -> (artifact id: '7d72fe30ae56024e1e585d51b7566660') in 0.0462324 seconds
Number of updated asset objects reloaded before import = 0Number of asset objects unloaded after import = 6

========================================================================
Received Import Request.
  Time since last request: 0.000038 seconds.
  path: Assets/JMO Assets/Cartoon FX/CFX4 Prefabs (Mobile)/Water/CFXM4 Wet Drops Character (COLLIDE).prefab
  artifactKey: Guid(af1aaabca8291ad4f937e5a9717bc8a8) Importer(2089858483,192608db42251d675da83286b1cce702)
Start importing Assets/JMO Assets/Cartoon FX/CFX4 Prefabs (Mobile)/Water/CFXM4 Wet Drops Character (COLLIDE).prefab using Guid(af1aaabca8291ad4f937e5a9717bc8a8) Importer(2089858483,192608db42251d675da83286b1cce702) (ScriptedImporter) -> (artifact id: '5e7a8a089f24a8bbf01a26b3707cde42') in 0.0575344 seconds
Number of updated asset objects reloaded before import = 0Number of asset objects unloaded after import = 17

========================================================================
Received Import Request.
  Time since last request: 0.000034 seconds.
  path: Assets/JMO Assets/Cartoon FX/CFX4 Prefabs/Fire/Variants/CFX4 Flamme Soft (Red, CFX Blend).prefab
  artifactKey: Guid(0f165bb282a43a64cbb6172965a3653c) Importer(2089858483,192608db42251d675da83286b1cce702)
Start importing Assets/JMO Assets/Cartoon FX/CFX4 Prefabs/Fire/Variants/CFX4 Flamme Soft (Red, CFX Blend).prefab using Guid(0f165bb282a43a64cbb6172965a3653c) Importer(2089858483,192608db42251d675da83286b1cce702) (ScriptedImporter) -> (artifact id: 'f701bf8823aa3ee8c6413a9dd1b11b33') in 0.0464583 seconds
Number of updated asset objects reloaded before import = 0Number of asset objects unloaded after import = 15

========================================================================
Received Import Request.
  Time since last request: 0.000032 seconds.
  path: Assets/JMO Assets/Cartoon FX/Materials (Mobile)/Stretched/CFXM_RayRounded.mat
  artifactKey: Guid(8164c58bbdb1a1944af4c3c06492ccc0) Importer(2089858483,192608db42251d675da83286b1cce702)
Start importing Assets/JMO Assets/Cartoon FX/Materials (Mobile)/Stretched/CFXM_RayRounded.mat using Guid(8164c58bbdb1a1944af4c3c06492ccc0) Importer(2089858483,192608db42251d675da83286b1cce702) (ScriptedImporter) -> (artifact id: '13ce270c15e31482f3deb1e6451bf98f') in 0.0114671 seconds
Number of updated asset objects reloaded before import = 0Number of asset objects unloaded after import = 2

========================================================================
Received Import Request.
  Time since last request: 0.000035 seconds.
  path: Assets/JMO Assets/Cartoon FX/Demo/Assets/CFX3_T_Ground.png
  artifactKey: Guid(eaf4a9d9f8ba2d847b4febb8ec639803) Importer(2089858483,192608db42251d675da83286b1cce702)
Start importing Assets/JMO Assets/Cartoon FX/Demo/Assets/CFX3_T_Ground.png using Guid(eaf4a9d9f8ba2d847b4febb8ec639803) Importer(2089858483,192608db42251d675da83286b1cce702) (ScriptedImporter) -> (artifact id: '2ea9222a2b1a5b35b56b090991e9120a') in 0.0190124 seconds
Number of updated asset objects reloaded before import = 0Number of asset objects unloaded after import = 1

========================================================================
Received Import Request.
  Time since last request: 0.000247 seconds.
  path: Assets/JMO Assets/Cartoon FX/CFX4 Prefabs (Mobile)/Misc/Variants/CFXM4 Hit Paint C (Purple).prefab
  artifactKey: Guid(3e724a2abfb340f45a8f94b15fee0187) Importer(2089858483,192608db42251d675da83286b1cce702)
Start importing Assets/JMO Assets/Cartoon FX/CFX4 Prefabs (Mobile)/Misc/Variants/CFXM4 Hit Paint C (Purple).prefab using Guid(3e724a2abfb340f45a8f94b15fee0187) Importer(2089858483,192608db42251d675da83286b1cce702) (ScriptedImporter) -> (artifact id: '941bf8d6e7c592f852ae736997c173b7') in 0.0459897 seconds
Number of updated asset objects reloaded before import = 0Number of asset objects unloaded after import = 11

========================================================================
Received Import Request.
  Time since last request: 0.000025 seconds.
  path: Assets/JMO Assets/Cartoon FX/Materials (Mobile)/Misc/CFXM4_Anim_WiggleLine Add.mat
  artifactKey: Guid(e863cb53518708d4ca4aff4d221c7264) Importer(2089858483,192608db42251d675da83286b1cce702)
Start importing Assets/JMO Assets/Cartoon FX/Materials (Mobile)/Misc/CFXM4_Anim_WiggleLine Add.mat using Guid(e863cb53518708d4ca4aff4d221c7264) Importer(2089858483,192608db42251d675da83286b1cce702) (ScriptedImporter) -> (artifact id: 'b83f05e9c27d06ef0f52bc8150664033') in 0.0093137 seconds
Number of updated asset objects reloaded before import = 0Number of asset objects unloaded after import = 2

========================================================================
Received Import Request.
  Time since last request: 0.000035 seconds.
  path: Assets/JMO Assets/Cartoon FX/CFX4 Prefabs (Mobile)/Misc/CFXM4 Hit B (Orange).prefab
  artifactKey: Guid(c9aa7de90585ed04ab29d3eab6f4d26c) Importer(2089858483,192608db42251d675da83286b1cce702)
Start importing Assets/JMO Assets/Cartoon FX/CFX4 Prefabs (Mobile)/Misc/CFXM4 Hit B (Orange).prefab using Guid(c9aa7de90585ed04ab29d3eab6f4d26c) Importer(2089858483,192608db42251d675da83286b1cce702) (ScriptedImporter) -> (artifact id: '05add68d3856fbb87accd66818885186') in 0.0490514 seconds
Number of updated asset objects reloaded before import = 0Number of asset objects unloaded after import = 11

========================================================================
Received Import Request.
  Time since last request: 0.000066 seconds.
  path: Assets/JMO Assets/Cartoon FX/CFX4 Prefabs (Mobile)/Space/Variants/CFXM4_Plasma Ball (Red-Orange, CFX Blend).prefab
  artifactKey: Guid(f4115158beb421e4b9ce406680538a60) Importer(2089858483,192608db42251d675da83286b1cce702)
Start importing Assets/JMO Assets/Cartoon FX/CFX4 Prefabs (Mobile)/Space/Variants/CFXM4_Plasma Ball (Red-Orange, CFX Blend).prefab using Guid(f4115158beb421e4b9ce406680538a60) Importer(2089858483,192608db42251d675da83286b1cce702) (ScriptedImporter) -> (artifact id: 'c02bfd1da0321537555a525b4e446f3b') in 0.0562658 seconds
Number of updated asset objects reloaded before import = 0Number of asset objects unloaded after import = 11

========================================================================
Received Import Request.
  Time since last request: 0.000059 seconds.
  path: Assets/JMO Assets/Cartoon FX/CFX4 Prefabs (Mobile)/Space/Variants/CFXM4_Space Thruster B (Green, CFX Blend).prefab
  artifactKey: Guid(1589bb57cec58da4e80c0baed2a5547b) Importer(2089858483,192608db42251d675da83286b1cce702)
Start importing Assets/JMO Assets/Cartoon FX/CFX4 Prefabs (Mobile)/Space/Variants/CFXM4_Space Thruster B (Green, CFX Blend).prefab using Guid(1589bb57cec58da4e80c0baed2a5547b) Importer(2089858483,192608db42251d675da83286b1cce702) (ScriptedImporter) -> (artifact id: '2a9865897b1790749fd64b8f7daeb5ba') in 0.0549566 seconds
Number of updated asset objects reloaded before import = 0Number of asset objects unloaded after import = 7

========================================================================
Received Import Request.
  Time since last request: 0.000029 seconds.
  path: Assets/JMO Assets/Cartoon FX/Materials/Misc/CFX4_Anim_WiggleLine Add.mat
  artifactKey: Guid(399e2b3ed7a51a34aa2171ddcc535cb2) Importer(2089858483,192608db42251d675da83286b1cce702)
Start importing Assets/JMO Assets/Cartoon FX/Materials/Misc/CFX4_Anim_WiggleLine Add.mat using Guid(399e2b3ed7a51a34aa2171ddcc535cb2) Importer(2089858483,192608db42251d675da83286b1cce702) (ScriptedImporter) -> (artifact id: 'e3fa12a6b2276bae77cda9a3dcdac826') in 0.0103853 seconds
Number of updated asset objects reloaded before import = 0Number of asset objects unloaded after import = 2

========================================================================
Received Import Request.
  Time since last request: 0.000023 seconds.
  path: Assets/JMO Assets/Cartoon FX/CFX4 Prefabs (Mobile)/Misc/Variants/CFXM4 Hit Paint C (Green).prefab
  artifactKey: Guid(4efd87400d6219b4f8cb249382ff7d5a) Importer(2089858483,192608db42251d675da83286b1cce702)
Start importing Assets/JMO Assets/Cartoon FX/CFX4 Prefabs (Mobile)/Misc/Variants/CFXM4 Hit Paint C (Green).prefab using Guid(4efd87400d6219b4f8cb249382ff7d5a) Importer(2089858483,192608db42251d675da83286b1cce702) (ScriptedImporter) -> (artifact id: 'c8af47280ec6dcae70e28530928d3351') in 0.0557717 seconds
Number of updated asset objects reloaded before import = 0Number of asset objects unloaded after import = 11

========================================================================
Received Import Request.
  Time since last request: 0.000029 seconds.
  path: Assets/JMO Assets/Cartoon FX/CFX4 Prefabs (Mobile)/Space/CFXM4 Donut Teleporter (CFX Blend).prefab
  artifactKey: Guid(16ff7cb529e765a47972eecbdc306924) Importer(2089858483,192608db42251d675da83286b1cce702)
Start importing Assets/JMO Assets/Cartoon FX/CFX4 Prefabs (Mobile)/Space/CFXM4 Donut Teleporter (CFX Blend).prefab using Guid(16ff7cb529e765a47972eecbdc306924) Importer(2089858483,192608db42251d675da83286b1cce702) (ScriptedImporter) -> (artifact id: '260f2ac3eef395e686697607a7c0e7aa') in 0.0457375 seconds
Number of updated asset objects reloaded before import = 0Number of asset objects unloaded after import = 7

========================================================================
Received Import Request.
  Time since last request: 0.000032 seconds.
  path: Assets/JMO Assets/Cartoon FX/CFX4 Prefabs (Mobile)/Misc/Variants/CFXM4 Hit B (Purple).prefab
  artifactKey: Guid(0ef59eda2ecd2e94ea68dfaccf5d533c) Importer(2089858483,192608db42251d675da83286b1cce702)
Start importing Assets/JMO Assets/Cartoon FX/CFX4 Prefabs (Mobile)/Misc/Variants/CFXM4 Hit B (Purple).prefab using Guid(0ef59eda2ecd2e94ea68dfaccf5d533c) Importer(2089858483,192608db42251d675da83286b1cce702) (ScriptedImporter) -> (artifact id: '38ecba3e22817c1a0778202dbcebc518') in 0.0458049 seconds
Number of updated asset objects reloaded before import = 0Number of asset objects unloaded after import = 11

========================================================================
Received Import Request.
  Time since last request: 0.000037 seconds.
  path: Assets/JMO Assets/Cartoon FX/CFX4 Prefabs/Magic/Variants/CFX4 Shiny (Purple, CFX Blend).prefab
  artifactKey: Guid(de976f8de2384e74c9116e8da3647b0e) Importer(2089858483,192608db42251d675da83286b1cce702)
Start importing Assets/JMO Assets/Cartoon FX/CFX4 Prefabs/Magic/Variants/CFX4 Shiny (Purple, CFX Blend).prefab using Guid(de976f8de2384e74c9116e8da3647b0e) Importer(2089858483,192608db42251d675da83286b1cce702) (ScriptedImporter) -> (artifact id: '703f6f434a8d3ee8999fddacfa9b243f') in 0.0407308 seconds
Number of updated asset objects reloaded before import = 0Number of asset objects unloaded after import = 15

========================================================================
Received Import Request.
  Time since last request: 0.000045 seconds.
  path: Assets/JMO Assets/Cartoon FX/CFX4 Prefabs (Mobile)/Magic/CFXM4 Disruptive Force.prefab
  artifactKey: Guid(f83c35907a909474181a08332c386af3) Importer(2089858483,192608db42251d675da83286b1cce702)
Start importing Assets/JMO Assets/Cartoon FX/CFX4 Prefabs (Mobile)/Magic/CFXM4 Disruptive Force.prefab using Guid(f83c35907a909474181a08332c386af3) Importer(2089858483,192608db42251d675da83286b1cce702) (ScriptedImporter) -> (artifact id: '5af9a2523e5cdbdd204c20ea87ba148c') in 0.0403193 seconds
Number of updated asset objects reloaded before import = 0Number of asset objects unloaded after import = 10

========================================================================
Received Import Request.
  Time since last request: 0.000023 seconds.
  path: Assets/JMO Assets/Cartoon FX/Materials (Mobile)/Light/CFXM3_GlowDot ADDSOFT.mat
  artifactKey: Guid(62081b2b7f838d849912103df9370500) Importer(2089858483,192608db42251d675da83286b1cce702)
Start importing Assets/JMO Assets/Cartoon FX/Materials (Mobile)/Light/CFXM3_GlowDot ADDSOFT.mat using Guid(62081b2b7f838d849912103df9370500) Importer(2089858483,192608db42251d675da83286b1cce702) (ScriptedImporter) -> (artifact id: '0124b9dd97e7396dab993819c22fb16a') in 0.011016 seconds
Number of updated asset objects reloaded before import = 0Number of asset objects unloaded after import = 2

========================================================================
Received Import Request.
  Time since last request: 0.000033 seconds.
  path: Assets/JMO Assets/Cartoon FX/CFX4 Prefabs (Mobile)/Misc/CFXM4 Hit A (Blue, CFX Blend).prefab
  artifactKey: Guid(a2dee96d17cf0fd4a8028d2507e7dba6) Importer(2089858483,192608db42251d675da83286b1cce702)
Start importing Assets/JMO Assets/Cartoon FX/CFX4 Prefabs (Mobile)/Misc/CFXM4 Hit A (Blue, CFX Blend).prefab using Guid(a2dee96d17cf0fd4a8028d2507e7dba6) Importer(2089858483,192608db42251d675da83286b1cce702) (ScriptedImporter) -> (artifact id: '4ecbc85cedc6940213f82c869aca746f') in 0.0419392 seconds
Number of updated asset objects reloaded before import = 0Number of asset objects unloaded after import = 15

========================================================================
Received Import Request.
  Time since last request: 0.000044 seconds.
  path: Assets/JMO Assets/Cartoon FX/CFX4 Prefabs/Explosions/Variants/CFX4 Explosion SoftEdge Air (Green).prefab
  artifactKey: Guid(ee24f1eaef0d51144add93b32d225267) Importer(2089858483,192608db42251d675da83286b1cce702)
Start importing Assets/JMO Assets/Cartoon FX/CFX4 Prefabs/Explosions/Variants/CFX4 Explosion SoftEdge Air (Green).prefab using Guid(ee24f1eaef0d51144add93b32d225267) Importer(2089858483,192608db42251d675da83286b1cce702) (ScriptedImporter) -> (artifact id: '8d54411b094184a3c0d785e045b938b2') in 0.0486212 seconds
Number of updated asset objects reloaded before import = 0Number of asset objects unloaded after import = 23

========================================================================
Received Import Request.
  Time since last request: 0.000024 seconds.
  path: Assets/JMO Assets/Cartoon FX/CFX4 Prefabs (Mobile)/Magic/CFXM4 Shiny.prefab
  artifactKey: Guid(60442b2a4f11cd948890ef98afc513a6) Importer(2089858483,192608db42251d675da83286b1cce702)
Start importing Assets/JMO Assets/Cartoon FX/CFX4 Prefabs (Mobile)/Magic/CFXM4 Shiny.prefab using Guid(60442b2a4f11cd948890ef98afc513a6) Importer(2089858483,192608db42251d675da83286b1cce702) (ScriptedImporter) -> (artifact id: '479df0c6a2500f6b6943df336071152b') in 0.0438605 seconds
Number of updated asset objects reloaded before import = 0Number of asset objects unloaded after import = 18

========================================================================
Received Import Request.
  Time since last request: 0.000027 seconds.
  path: Assets/JMO Assets/Cartoon FX/CFX4 Prefabs/Space/Variants/CFX4 Donut Teleporter (Straight, CFX Blend).prefab
  artifactKey: Guid(9022ee116b0d65a429899625f3da5928) Importer(2089858483,192608db42251d675da83286b1cce702)
Start importing Assets/JMO Assets/Cartoon FX/CFX4 Prefabs/Space/Variants/CFX4 Donut Teleporter (Straight, CFX Blend).prefab using Guid(9022ee116b0d65a429899625f3da5928) Importer(2089858483,192608db42251d675da83286b1cce702) (ScriptedImporter) -> (artifact id: '409f69a9e3396b4a024144ae71bd3558') in 0.0374425 seconds
Number of updated asset objects reloaded before import = 0Number of asset objects unloaded after import = 6

========================================================================
Received Import Request.
  Time since last request: 0.000040 seconds.
  path: Assets/JMO Assets/Cartoon FX/CFX4 Prefabs/Fire/Variants/CFX4 Flamme (Purple, CFX Blend).prefab
  artifactKey: Guid(3d9ec0749ea76e74d85640f02e9b0974) Importer(2089858483,192608db42251d675da83286b1cce702)
Start importing Assets/JMO Assets/Cartoon FX/CFX4 Prefabs/Fire/Variants/CFX4 Flamme (Purple, CFX Blend).prefab using Guid(3d9ec0749ea76e74d85640f02e9b0974) Importer(2089858483,192608db42251d675da83286b1cce702) (ScriptedImporter) -> (artifact id: '767b23c3c94487b78f64581822320e9f') in 0.0432817 seconds
Number of updated asset objects reloaded before import = 0Number of asset objects unloaded after import = 15

========================================================================
Received Import Request.
  Time since last request: 0.000042 seconds.
  path: Assets/JMO Assets/Cartoon FX/CFX4 Prefabs/Space/Variants/CFX4 Donut Teleporter (Straight).prefab
  artifactKey: Guid(47b31135304a2e84d872e1275bbf4936) Importer(2089858483,192608db42251d675da83286b1cce702)
Start importing Assets/JMO Assets/Cartoon FX/CFX4 Prefabs/Space/Variants/CFX4 Donut Teleporter (Straight).prefab using Guid(47b31135304a2e84d872e1275bbf4936) Importer(2089858483,192608db42251d675da83286b1cce702) (ScriptedImporter) -> (artifact id: 'ade35cb88dc1175d07499b93e8d059ca') in 0.0468386 seconds
Number of updated asset objects reloaded before import = 0Number of asset objects unloaded after import = 6

========================================================================
Received Import Request.
  Time since last request: 0.000027 seconds.
  path: Assets/JMO Assets/Cartoon FX/CFX4 Prefabs (Mobile)/Water/CFXM4 Water Explosion Big.prefab
  artifactKey: Guid(9254eae5919ef594586bd6150d3887d6) Importer(2089858483,192608db42251d675da83286b1cce702)
Start importing Assets/JMO Assets/Cartoon FX/CFX4 Prefabs (Mobile)/Water/CFXM4 Water Explosion Big.prefab using Guid(9254eae5919ef594586bd6150d3887d6) Importer(2089858483,192608db42251d675da83286b1cce702) (ScriptedImporter) -> (artifact id: 'aa73a1ba2bb91b0800e1ef4a71a36cba') in 0.041112 seconds
Number of updated asset objects reloaded before import = 0Number of asset objects unloaded after import = 19

========================================================================
Received Import Request.
  Time since last request: 0.000024 seconds.
  path: Assets/Plugins/WSA/SDK81/ARM/sqlite3.dll
  artifactKey: Guid(432a8d7fe5789f2418143a4ae8ee7d41) Importer(2089858483,192608db42251d675da83286b1cce702)
Start importing Assets/Plugins/WSA/SDK81/ARM/sqlite3.dll using Guid(432a8d7fe5789f2418143a4ae8ee7d41) Importer(2089858483,192608db42251d675da83286b1cce702) (ScriptedImporter) -> (artifact id: '6565474a2cbaf56cc4be8cf9ab8dfc5d') in 0.0071286 seconds
Number of updated asset objects reloaded before import = 0Number of asset objects unloaded after import = 0

========================================================================
Received Prepare
Begin MonoManager ReloadAssembly
[Licensing::Client] Successfully resolved entitlement details
[Licensing::Module] License group:
  Id: F4-6VBU-GQ76-3YAQ-GU2D-XXXX
  Product: Unity Personal
  Type: ULF
  Expiration: Unlimited
[Licensing::Module] License group:
  Id: 3440655-UnityPersXXXX
  Product: Unity Personal
  Type: Assigned
  Expiration: Unlimited
Assembly 'Assets/PlayServicesResolver/Editor/Google.JarResolver_v1.2.59.0.dll' will not be loaded due to errors:
Assembly name 'Google.JarResolver' does not match file name 'Google.JarResolver_v1.2.59.0'
Assembly 'Assets/PlayServicesResolver/Editor/Google.IOSResolver_v1.2.59.0.dll' will not be loaded due to errors:
Unable to resolve reference 'UnityEditor.iOS.Extensions.Xcode'. Is the assembly missing or incompatible with the current platform?
Reference validation can be disabled in the Plugin Inspector.
Assembly name 'Google.IOSResolver' does not match file name 'Google.IOSResolver_v1.2.59.0'
Assembly 'Assets/PlayServicesResolver/Editor/Google.VersionHandlerImpl_v1.2.59.0.dll' will not be loaded due to errors:
Assembly name 'Google.VersionHandlerImpl' does not match file name 'Google.VersionHandlerImpl_v1.2.59.0'
- Loaded All Assemblies, in  1.387 seconds
Refreshing native plugins compatible for Editor in 23.06 ms, found 6 plugins.
Native extension for Android target not found
Native extension for WindowsStandalone target not found
[Package Manager] Failed to launch server process. Reason: Unity was launched with the -noUpm command-line argument
[Package Manager] Unable to send message (not connected to server process).
[Package Manager] Cannot connect to Unity Package Manager local server
Non-secure network connections disabled in Player Settings
UnityEngine.Debug:ExtractStackTraceNoAlloc (byte*,int,string)
UnityEngine.StackTraceUtility:ExtractStackTrace ()
UnityEngine.Networking.UnityWebRequest:BeginWebRequest ()
UnityEngine.Networking.UnityWebRequest:SendWebRequest ()
UnityEngine.WWW:.ctor (string)
JMOAssets.JMOAssets_Menu:StartDownload ()
JMOAssets.JMOAssets_Menu:CheckStartupUpdate ()
JMOAssets.JMOAssets_Menu:.cctor ()
System.Runtime.CompilerServices.RuntimeHelpers:RunClassConstructor (System.RuntimeTypeHandle)
UnityEditor.EditorAssemblies:ProcessInitializeOnLoadAttributes (System.Type[])

[C:\build\output\unity\unity\Modules\UnityWebRequest\Public\Prototypes\UnityWebRequestProto.h line 519]

System.InvalidOperationException: Insecure connection not allowed
  at (wrapper managed-to-native) UnityEngine.Networking.UnityWebRequest.BeginWebRequest_Injected(intptr)
  at UnityEngine.Networking.UnityWebRequest.BeginWebRequest () [0x0000f] in <a5693f6f1faf4f39a6c9cefc1a5b2555>:0 
  at UnityEngine.Networking.UnityWebRequest.SendWebRequest () [0x00001] in <a5693f6f1faf4f39a6c9cefc1a5b2555>:0 
  at UnityEngine.WWW..ctor (System.String url) [0x00014] in <37916183dd3c4f44ab9cf13ab9ae239c>:0 
  at JMOAssets.JMOAssets_Menu.StartDownload () [0x00013] in <a7aa7c6095e5420583c7f523f7294ab4>:0 
  at JMOAssets.JMOAssets_Menu.CheckStartupUpdate () [0x00001] in <a7aa7c6095e5420583c7f523f7294ab4>:0 
  at JMOAssets.JMOAssets_Menu..cctor () [0x000a1] in <a7aa7c6095e5420583c7f523f7294ab4>:0 
UnityEngine.Debug:ExtractStackTraceNoAlloc (byte*,int,string)
UnityEngine.StackTraceUtility:ExtractStackTrace ()
UnityEngine.DebugLogHandler:Internal_Log (UnityEngine.LogType,UnityEngine.LogOption,string,UnityEngine.Object)
UnityEngine.DebugLogHandler:LogFormat (UnityEngine.LogType,UnityEngine.Object,string,object[])
UnityEngine.Logger:Log (UnityEngine.LogType,object)
UnityEngine.Debug:LogError (object)
UnityEditor.EditorAssemblies:ProcessInitializeOnLoadAttributes (System.Type[])

Mono: successfully reloaded assembly
- Finished resetting the current domain, in  1.755 seconds
Domain Reload Profiling: 3139ms
	BeginReloadAssembly (380ms)
		ExecutionOrderSort (0ms)
		DisableScriptedObjects (15ms)
		BackupInstance (0ms)
		ReleaseScriptingObjects (0ms)
		CreateAndSetChildDomain (107ms)
	RebuildCommonClasses (56ms)
	RebuildNativeTypeToScriptingClass (25ms)
	initialDomainReloadingComplete (58ms)
	LoadAllAssembliesAndSetupDomain (863ms)
		LoadAssemblies (730ms)
		RebuildTransferFunctionScriptingTraits (0ms)
		AnalyzeDomain (301ms)
			TypeCache.Refresh (16ms)
				TypeCache.ScanAssembly (0ms)
			BuildScriptInfoCaches (272ms)
			ResolveRequiredComponents (7ms)
	FinalizeReload (1756ms)
		ReleaseScriptCaches (0ms)
		RebuildScriptCaches (0ms)
		SetupLoadedEditorAssemblies (1560ms)
			LogAssemblyErrors (0ms)
			InitializePlatformSupportModulesInManaged (14ms)
			SetLoadedEditorAssemblies (8ms)
			BeforeProcessingInitializeOnLoad (204ms)
			ProcessInitializeOnLoadAttributes (1067ms)
			ProcessInitializeOnLoadMethodAttributes (259ms)
			AfterProcessingInitializeOnLoad (8ms)
			EditorAssembliesLoaded (1ms)
		ExecutionOrderSort2 (0ms)
		AwakeInstancesAfterBackupRestoration (12ms)
Refreshing native plugins compatible for Editor in 21.63 ms, found 6 plugins.
Preloading 0 native plugins for Editor in 0.00 ms.
Unloading 4 Unused Serialized files (Serialized files now loaded: 0)
Unloading 3743 unused Assets / (1.7 MB). Loaded Objects now: 4151.
Memory consumption went from 87.9 MB to 86.2 MB.
Total: 16.033500 ms (FindLiveObjects: 0.461600 ms CreateObjectMapping: 0.283000 ms MarkObjects: 12.118600 ms  DeleteObjects: 3.167300 ms)

Prepare: number of updated asset objects reloaded= 0
========================================================================
Received Prepare
Refreshing native plugins compatible for Editor in 27.98 ms, found 6 plugins.
Preloading 0 native plugins for Editor in 0.00 ms.
Unloading 4 Unused Serialized files (Serialized files now loaded: 0)
Unloading 3638 unused Assets / (1.3 MB). Loaded Objects now: 4151.
Memory consumption went from 87.4 MB to 86.1 MB.
Total: 15.256900 ms (FindLiveObjects: 0.609300 ms CreateObjectMapping: 0.348300 ms MarkObjects: 11.685700 ms  DeleteObjects: 2.610700 ms)

Prepare: number of updated asset objects reloaded= 0
========================================================================
Received Prepare
Refreshing native plugins compatible for Editor in 55.37 ms, found 6 plugins.
Preloading 0 native plugins for Editor in 0.00 ms.
Unloading 4 Unused Serialized files (Serialized files now loaded: 0)
Unloading 3638 unused Assets / (1.8 MB). Loaded Objects now: 4151.
Memory consumption went from 87.4 MB to 85.6 MB.
Total: 31.575600 ms (FindLiveObjects: 1.034600 ms CreateObjectMapping: 0.724700 ms MarkObjects: 26.783200 ms  DeleteObjects: 3.030800 ms)

Prepare: number of updated asset objects reloaded= 0
========================================================================
Received Prepare
Refreshing native plugins compatible for Editor in 56.27 ms, found 6 plugins.
Preloading 0 native plugins for Editor in 0.00 ms.
Unloading 4 Unused Serialized files (Serialized files now loaded: 0)
Unloading 3638 unused Assets / (1.8 MB). Loaded Objects now: 4151.
Memory consumption went from 87.4 MB to 85.6 MB.
Total: 36.058700 ms (FindLiveObjects: 0.918000 ms CreateObjectMapping: 1.146600 ms MarkObjects: 30.113500 ms  DeleteObjects: 3.877800 ms)

Prepare: number of updated asset objects reloaded= 0
========================================================================
Received Prepare
Refreshing native plugins compatible for Editor in 58.12 ms, found 6 plugins.
Preloading 0 native plugins for Editor in 0.00 ms.
Unloading 4 Unused Serialized files (Serialized files now loaded: 0)
Unloading 3638 unused Assets / (1.9 MB). Loaded Objects now: 4151.
Memory consumption went from 87.4 MB to 85.5 MB.
Total: 26.228500 ms (FindLiveObjects: 1.019000 ms CreateObjectMapping: 0.711900 ms MarkObjects: 21.064900 ms  DeleteObjects: 3.429000 ms)

Prepare: number of updated asset objects reloaded= 0
========================================================================
Received Prepare
Refreshing native plugins compatible for Editor in 54.07 ms, found 6 plugins.
Preloading 0 native plugins for Editor in 0.00 ms.
Unloading 4 Unused Serialized files (Serialized files now loaded: 0)
Unloading 3638 unused Assets / (1.5 MB). Loaded Objects now: 4151.
Memory consumption went from 87.4 MB to 85.8 MB.
Total: 32.619800 ms (FindLiveObjects: 0.906800 ms CreateObjectMapping: 0.593400 ms MarkObjects: 27.920300 ms  DeleteObjects: 3.196100 ms)

Prepare: number of updated asset objects reloaded= 0
========================================================================
Received Prepare
Refreshing native plugins compatible for Editor in 29.03 ms, found 6 plugins.
Preloading 0 native plugins for Editor in 0.00 ms.
Unloading 4 Unused Serialized files (Serialized files now loaded: 0)
Unloading 3638 unused Assets / (1.1 MB). Loaded Objects now: 4151.
Memory consumption went from 87.4 MB to 86.3 MB.
Total: 15.534200 ms (FindLiveObjects: 0.421700 ms CreateObjectMapping: 0.342400 ms MarkObjects: 12.874300 ms  DeleteObjects: 1.893400 ms)

Prepare: number of updated asset objects reloaded= 0
========================================================================
Received Prepare
Refreshing native plugins compatible for Editor in 27.36 ms, found 6 plugins.
Preloading 0 native plugins for Editor in 0.00 ms.
Unloading 4 Unused Serialized files (Serialized files now loaded: 0)
Unloading 3638 unused Assets / (1.3 MB). Loaded Objects now: 4151.
Memory consumption went from 87.4 MB to 86.0 MB.
Total: 14.787000 ms (FindLiveObjects: 0.725100 ms CreateObjectMapping: 0.393900 ms MarkObjects: 11.977100 ms  DeleteObjects: 1.687400 ms)

Prepare: number of updated asset objects reloaded= 0
========================================================================
Received Prepare
Refreshing native plugins compatible for Editor in 27.03 ms, found 6 plugins.
Preloading 0 native plugins for Editor in 0.00 ms.
Unloading 4 Unused Serialized files (Serialized files now loaded: 0)
Unloading 3638 unused Assets / (1.5 MB). Loaded Objects now: 4151.
Memory consumption went from 87.4 MB to 85.9 MB.
Total: 17.054300 ms (FindLiveObjects: 0.592300 ms CreateObjectMapping: 0.675200 ms MarkObjects: 12.882200 ms  DeleteObjects: 2.901200 ms)

Prepare: number of updated asset objects reloaded= 0
========================================================================
Received Prepare
Refreshing native plugins compatible for Editor in 28.30 ms, found 6 plugins.
Preloading 0 native plugins for Editor in 0.00 ms.
Unloading 4 Unused Serialized files (Serialized files now loaded: 0)
Unloading 3638 unused Assets / (1.2 MB). Loaded Objects now: 4151.
Memory consumption went from 87.4 MB to 86.2 MB.
Total: 14.443800 ms (FindLiveObjects: 0.684100 ms CreateObjectMapping: 0.356800 ms MarkObjects: 11.407200 ms  DeleteObjects: 1.994100 ms)

Prepare: number of updated asset objects reloaded= 0
========================================================================
Received Prepare
Refreshing native plugins compatible for Editor in 116.97 ms, found 6 plugins.
Preloading 0 native plugins for Editor in 0.00 ms.
Unloading 4 Unused Serialized files (Serialized files now loaded: 0)
Unloading 3638 unused Assets / (1.1 MB). Loaded Objects now: 4151.
Memory consumption went from 87.4 MB to 86.2 MB.
Total: 60.894700 ms (FindLiveObjects: 2.037700 ms CreateObjectMapping: 1.506800 ms MarkObjects: 52.835400 ms  DeleteObjects: 4.511300 ms)

Prepare: number of updated asset objects reloaded= 0
========================================================================
Received Prepare
Refreshing native plugins compatible for Editor in 110.31 ms, found 6 plugins.
Preloading 0 native plugins for Editor in 0.00 ms.
Unloading 4 Unused Serialized files (Serialized files now loaded: 0)
Unloading 3638 unused Assets / (1.1 MB). Loaded Objects now: 4151.
Memory consumption went from 87.4 MB to 86.2 MB.
Total: 47.328000 ms (FindLiveObjects: 2.186700 ms CreateObjectMapping: 1.403200 ms MarkObjects: 38.210900 ms  DeleteObjects: 5.523500 ms)

Prepare: number of updated asset objects reloaded= 0
========================================================================
Received Prepare
Begin MonoManager ReloadAssembly
Assembly 'Assets/PlayServicesResolver/Editor/Google.JarResolver_v1.2.59.0.dll' will not be loaded due to errors:
Assembly name 'Google.JarResolver' does not match file name 'Google.JarResolver_v1.2.59.0'
Assembly 'Assets/PlayServicesResolver/Editor/Google.IOSResolver_v1.2.59.0.dll' will not be loaded due to errors:
Unable to resolve reference 'UnityEditor.iOS.Extensions.Xcode'. Is the assembly missing or incompatible with the current platform?
Reference validation can be disabled in the Plugin Inspector.
Assembly name 'Google.IOSResolver' does not match file name 'Google.IOSResolver_v1.2.59.0'
Assembly 'Assets/PlayServicesResolver/Editor/Google.VersionHandlerImpl_v1.2.59.0.dll' will not be loaded due to errors:
Assembly name 'Google.VersionHandlerImpl' does not match file name 'Google.VersionHandlerImpl_v1.2.59.0'
- Loaded All Assemblies, in  1.206 seconds
Refreshing native plugins compatible for Editor in 30.26 ms, found 6 plugins.
Native extension for Android target not found
Native extension for WindowsStandalone target not found
[Package Manager] Failed to launch server process. Reason: Unity was launched with the -noUpm command-line argument
[Package Manager] Unable to send message (not connected to server process).
[Package Manager] Cannot connect to Unity Package Manager local server
Non-secure network connections disabled in Player Settings
UnityEngine.Debug:ExtractStackTraceNoAlloc (byte*,int,string)
UnityEngine.StackTraceUtility:ExtractStackTrace ()
UnityEngine.Networking.UnityWebRequest:BeginWebRequest ()
UnityEngine.Networking.UnityWebRequest:SendWebRequest ()
UnityEngine.WWW:.ctor (string)
JMOAssets.JMOAssets_Menu:StartDownload ()
JMOAssets.JMOAssets_Menu:CheckStartupUpdate ()
JMOAssets.JMOAssets_Menu:.cctor ()
System.Runtime.CompilerServices.RuntimeHelpers:RunClassConstructor (System.RuntimeTypeHandle)
UnityEditor.EditorAssemblies:ProcessInitializeOnLoadAttributes (System.Type[])

[C:\build\output\unity\unity\Modules\UnityWebRequest\Public\Prototypes\UnityWebRequestProto.h line 519]

System.InvalidOperationException: Insecure connection not allowed
  at (wrapper managed-to-native) UnityEngine.Networking.UnityWebRequest.BeginWebRequest_Injected(intptr)
  at UnityEngine.Networking.UnityWebRequest.BeginWebRequest () [0x0000f] in <a5693f6f1faf4f39a6c9cefc1a5b2555>:0 
  at UnityEngine.Networking.UnityWebRequest.SendWebRequest () [0x00001] in <a5693f6f1faf4f39a6c9cefc1a5b2555>:0 
  at UnityEngine.WWW..ctor (System.String url) [0x00014] in <37916183dd3c4f44ab9cf13ab9ae239c>:0 
  at JMOAssets.JMOAssets_Menu.StartDownload () [0x00013] in <a7aa7c6095e5420583c7f523f7294ab4>:0 
  at JMOAssets.JMOAssets_Menu.CheckStartupUpdate () [0x00001] in <a7aa7c6095e5420583c7f523f7294ab4>:0 
  at JMOAssets.JMOAssets_Menu..cctor () [0x000a1] in <a7aa7c6095e5420583c7f523f7294ab4>:0 
UnityEngine.Debug:ExtractStackTraceNoAlloc (byte*,int,string)
UnityEngine.StackTraceUtility:ExtractStackTrace ()
UnityEngine.DebugLogHandler:Internal_Log (UnityEngine.LogType,UnityEngine.LogOption,string,UnityEngine.Object)
UnityEngine.DebugLogHandler:LogFormat (UnityEngine.LogType,UnityEngine.Object,string,object[])
UnityEngine.Logger:Log (UnityEngine.LogType,object)
UnityEngine.Debug:LogError (object)
UnityEditor.EditorAssemblies:ProcessInitializeOnLoadAttributes (System.Type[])

Mono: successfully reloaded assembly
- Finished resetting the current domain, in  1.369 seconds
Domain Reload Profiling: 2570ms
	BeginReloadAssembly (328ms)
		ExecutionOrderSort (0ms)
		DisableScriptedObjects (7ms)
		BackupInstance (0ms)
		ReleaseScriptingObjects (0ms)
		CreateAndSetChildDomain (74ms)
	RebuildCommonClasses (57ms)
	RebuildNativeTypeToScriptingClass (18ms)
	initialDomainReloadingComplete (50ms)
	LoadAllAssembliesAndSetupDomain (748ms)
		LoadAssemblies (758ms)
		RebuildTransferFunctionScriptingTraits (0ms)
		AnalyzeDomain (175ms)
			TypeCache.Refresh (11ms)
				TypeCache.ScanAssembly (0ms)
			BuildScriptInfoCaches (154ms)
			ResolveRequiredComponents (5ms)
	FinalizeReload (1370ms)
		ReleaseScriptCaches (0ms)
		RebuildScriptCaches (0ms)
		SetupLoadedEditorAssemblies (1154ms)
			LogAssemblyErrors (0ms)
			InitializePlatformSupportModulesInManaged (18ms)
			SetLoadedEditorAssemblies (12ms)
			BeforeProcessingInitializeOnLoad (203ms)
			ProcessInitializeOnLoadAttributes (677ms)
			ProcessInitializeOnLoadMethodAttributes (234ms)
			AfterProcessingInitializeOnLoad (10ms)
			EditorAssembliesLoaded (0ms)
		ExecutionOrderSort2 (0ms)
		AwakeInstancesAfterBackupRestoration (18ms)
Refreshing native plugins compatible for Editor in 21.66 ms, found 6 plugins.
Preloading 0 native plugins for Editor in 0.00 ms.
Unloading 4 Unused Serialized files (Serialized files now loaded: 0)
Unloading 3740 unused Assets / (1.4 MB). Loaded Objects now: 4153.
Memory consumption went from 87.8 MB to 86.4 MB.
Total: 14.877600 ms (FindLiveObjects: 1.226600 ms CreateObjectMapping: 0.322600 ms MarkObjects: 11.730600 ms  DeleteObjects: 1.596400 ms)

Prepare: number of updated asset objects reloaded= 0
========================================================================
Received Prepare
Begin MonoManager ReloadAssembly
Assembly 'Assets/PlayServicesResolver/Editor/Google.JarResolver_v1.2.59.0.dll' will not be loaded due to errors:
Assembly name 'Google.JarResolver' does not match file name 'Google.JarResolver_v1.2.59.0'
Assembly 'Assets/PlayServicesResolver/Editor/Google.IOSResolver_v1.2.59.0.dll' will not be loaded due to errors:
Unable to resolve reference 'UnityEditor.iOS.Extensions.Xcode'. Is the assembly missing or incompatible with the current platform?
Reference validation can be disabled in the Plugin Inspector.
Assembly name 'Google.IOSResolver' does not match file name 'Google.IOSResolver_v1.2.59.0'
Assembly 'Assets/PlayServicesResolver/Editor/Google.VersionHandlerImpl_v1.2.59.0.dll' will not be loaded due to errors:
Assembly name 'Google.VersionHandlerImpl' does not match file name 'Google.VersionHandlerImpl_v1.2.59.0'
- Loaded All Assemblies, in  1.082 seconds
Refreshing native plugins compatible for Editor in 21.25 ms, found 6 plugins.
Native extension for Android target not found
Native extension for WindowsStandalone target not found
[Package Manager] Failed to launch server process. Reason: Unity was launched with the -noUpm command-line argument
[Package Manager] Unable to send message (not connected to server process).
[Package Manager] Cannot connect to Unity Package Manager local server
Non-secure network connections disabled in Player Settings
UnityEngine.Debug:ExtractStackTraceNoAlloc (byte*,int,string)
UnityEngine.StackTraceUtility:ExtractStackTrace ()
UnityEngine.Networking.UnityWebRequest:BeginWebRequest ()
UnityEngine.Networking.UnityWebRequest:SendWebRequest ()
UnityEngine.WWW:.ctor (string)
JMOAssets.JMOAssets_Menu:StartDownload ()
JMOAssets.JMOAssets_Menu:CheckStartupUpdate ()
JMOAssets.JMOAssets_Menu:.cctor ()
System.Runtime.CompilerServices.RuntimeHelpers:RunClassConstructor (System.RuntimeTypeHandle)
UnityEditor.EditorAssemblies:ProcessInitializeOnLoadAttributes (System.Type[])

[C:\build\output\unity\unity\Modules\UnityWebRequest\Public\Prototypes\UnityWebRequestProto.h line 519]

System.InvalidOperationException: Insecure connection not allowed
  at (wrapper managed-to-native) UnityEngine.Networking.UnityWebRequest.BeginWebRequest_Injected(intptr)
  at UnityEngine.Networking.UnityWebRequest.BeginWebRequest () [0x0000f] in <a5693f6f1faf4f39a6c9cefc1a5b2555>:0 
  at UnityEngine.Networking.UnityWebRequest.SendWebRequest () [0x00001] in <a5693f6f1faf4f39a6c9cefc1a5b2555>:0 
  at UnityEngine.WWW..ctor (System.String url) [0x00014] in <37916183dd3c4f44ab9cf13ab9ae239c>:0 
  at JMOAssets.JMOAssets_Menu.StartDownload () [0x00013] in <a7aa7c6095e5420583c7f523f7294ab4>:0 
  at JMOAssets.JMOAssets_Menu.CheckStartupUpdate () [0x00001] in <a7aa7c6095e5420583c7f523f7294ab4>:0 
  at JMOAssets.JMOAssets_Menu..cctor () [0x000a1] in <a7aa7c6095e5420583c7f523f7294ab4>:0 
UnityEngine.Debug:ExtractStackTraceNoAlloc (byte*,int,string)
UnityEngine.StackTraceUtility:ExtractStackTrace ()
UnityEngine.DebugLogHandler:Internal_Log (UnityEngine.LogType,UnityEngine.LogOption,string,UnityEngine.Object)
UnityEngine.DebugLogHandler:LogFormat (UnityEngine.LogType,UnityEngine.Object,string,object[])
UnityEngine.Logger:Log (UnityEngine.LogType,object)
UnityEngine.Debug:LogError (object)
UnityEditor.EditorAssemblies:ProcessInitializeOnLoadAttributes (System.Type[])

Mono: successfully reloaded assembly
- Finished resetting the current domain, in  1.409 seconds
Domain Reload Profiling: 2488ms
	BeginReloadAssembly (293ms)
		ExecutionOrderSort (0ms)
		DisableScriptedObjects (8ms)
		BackupInstance (0ms)
		ReleaseScriptingObjects (0ms)
		CreateAndSetChildDomain (68ms)
	RebuildCommonClasses (56ms)
	RebuildNativeTypeToScriptingClass (24ms)
	initialDomainReloadingComplete (50ms)
	LoadAllAssembliesAndSetupDomain (655ms)
		LoadAssemblies (640ms)
		RebuildTransferFunctionScriptingTraits (0ms)
		AnalyzeDomain (166ms)
			TypeCache.Refresh (11ms)
				TypeCache.ScanAssembly (0ms)
			BuildScriptInfoCaches (146ms)
			ResolveRequiredComponents (5ms)
	FinalizeReload (1409ms)
		ReleaseScriptCaches (0ms)
		RebuildScriptCaches (0ms)
		SetupLoadedEditorAssemblies (1208ms)
			LogAssemblyErrors (0ms)
			InitializePlatformSupportModulesInManaged (18ms)
			SetLoadedEditorAssemblies (8ms)
			BeforeProcessingInitializeOnLoad (212ms)
			ProcessInitializeOnLoadAttributes (690ms)
			ProcessInitializeOnLoadMethodAttributes (274ms)
			AfterProcessingInitializeOnLoad (7ms)
			EditorAssembliesLoaded (0ms)
		ExecutionOrderSort2 (0ms)
		AwakeInstancesAfterBackupRestoration (10ms)
Refreshing native plugins compatible for Editor in 29.62 ms, found 6 plugins.
Preloading 0 native plugins for Editor in 0.00 ms.
Unloading 4 Unused Serialized files (Serialized files now loaded: 0)
Unloading 3740 unused Assets / (1.3 MB). Loaded Objects now: 4155.
Memory consumption went from 87.8 MB to 86.4 MB.
Total: 21.191300 ms (FindLiveObjects: 0.787800 ms CreateObjectMapping: 0.469300 ms MarkObjects: 17.871600 ms  DeleteObjects: 2.060500 ms)

Prepare: number of updated asset objects reloaded= 0
Editor requested this worker to shutdown with reason: Scaling down because of idle timeout
AssetImportWorker is now disconnected from the server
Process exiting
Exiting without the bug reporter. Application will terminate with return code 0