[Licensing::Module] Trying to connect to existing licensing client channel...
Built from '6000.2/respin/6000.2.6f2-cc51a95c03' branch; Version is '6000.2.6f2 (4a4dcaec6541) revision 4869578'; Using compiler version '194234433'; Build Type 'Release'
[Licensing::IpcConnector] Successfully connected to: "LicenseClient-Arnaud" at "2025-11-18T16:02:36.5024136Z"
OS: 'Windows 11  (10.0.26100) 64bit Core' Language: 'fr' Physical Memory: 16003 MB
BatchMode: 1, IsHumanControllingUs: 0, StartBugReporterOnCrash: 0, Is64bit: 1
Date: 2025-11-18T16:02:36Z

COMMAND LINE ARGUMENTS:
C:\Program Files\Unity\Hub\Editor\6000.2.6f2\Editor\Unity.exe
-adb2
-batchMode
-noUpm
-name
AssetImportWorker8
-projectPath
C:/Users/Arnaud/Desktop/Jeux/UTILISABLE/Gravity Ball
-logFile
Logs/AssetImportWorker8.log
-srvPort
59155
-job-worker-count
9
-background-job-worker-count
8
-gc-helper-count
1
-name
AssetImport
Successfully changed project path to: C:/Users/Arnaud/Desktop/Jeux/UTILISABLE/Gravity Ball
C:/Users/Arnaud/Desktop/Jeux/UTILISABLE/Gravity Ball
[UnityMemory] Configuration Parameters - Can be set up in boot.config
    "memorysetup-allocator-temp-initial-block-size-main=262144"
    "memorysetup-allocator-temp-initial-block-size-worker=262144"
    "memorysetup-bucket-allocator-granularity=16"
    "memorysetup-bucket-allocator-bucket-count=8"
    "memorysetup-bucket-allocator-block-size=33554432"
    "memorysetup-bucket-allocator-block-count=8"
    "memorysetup-main-allocator-block-size=16777216"
    "memorysetup-thread-allocator-block-size=16777216"
    "memorysetup-gfx-main-allocator-block-size=16777216"
    "memorysetup-gfx-thread-allocator-block-size=16777216"
    "memorysetup-cache-allocator-block-size=4194304"
    "memorysetup-typetree-allocator-block-size=2097152"
    "memorysetup-profiler-bucket-allocator-granularity=16"
    "memorysetup-profiler-bucket-allocator-bucket-count=8"
    "memorysetup-profiler-bucket-allocator-block-size=33554432"
    "memorysetup-profiler-bucket-allocator-block-count=8"
    "memorysetup-profiler-allocator-block-size=16777216"
    "memorysetup-profiler-editor-allocator-block-size=1048576"
    "memorysetup-temp-allocator-size-main=16777216"
    "memorysetup-job-temp-allocator-block-size=2097152"
    "memorysetup-job-temp-allocator-block-size-background=1048576"
    "memorysetup-job-temp-allocator-reduction-small-platforms=262144"
    "memorysetup-temp-allocator-size-background-worker=32768"
    "memorysetup-temp-allocator-size-job-worker=262144"
    "memorysetup-temp-allocator-size-preload-manager=33554432"
    "memorysetup-temp-allocator-size-nav-mesh-worker=65536"
    "memorysetup-temp-allocator-size-audio-worker=65536"
    "memorysetup-temp-allocator-size-cloud-worker=32768"
    "memorysetup-temp-allocator-size-gi-baking-worker=262144"
    "memorysetup-temp-allocator-size-gi-baking-worker=262144"
    "memorysetup-temp-allocator-size-gi-baking-worker=262144"
    "memorysetup-temp-allocator-size-gi-baking-worker=262144"
    "memorysetup-temp-allocator-size-gi-baking-worker=262144"
    "memorysetup-temp-allocator-size-gfx=262144"
Player connection [5912]  Target information:

Player connection [5912]  * "[IP] 192.168.1.8 [Port] 0 [Flags] 2 [Guid] 2771951264 [EditorId] 2771951264 [Version] 1048832 [Id] WindowsEditor(7,Arnaud_PROFIZI) [Debug] 1 [PackageName] WindowsEditor [ProjectName] Editor" 

Player connection [5912] Host joined multi-casting on [225.0.0.222:54997]...
Player connection [5912] Host joined alternative multi-casting on [225.0.0.222:34997]...
JobSystem: Creating JobQueue using job-worker-count value 9
Input System module state changed to: Initialized.
[Physics::Module] Initialized fallback backend.
[Physics::Module] Id: 0xdecafbad
[Licensing::Client] Code 10 while verifying Licensing Client signature (process Id: 22452, path: "C:/Program Files/Unity Hub/UnityLicensingClient_V1/Unity.Licensing.Client.exe")
[Licensing::Module] LicensingClient has failed validation; ignoring
[Licensing::Client] Handshaking with LicensingClient:
  Version:                 1.17.3+a4e98f1
  Session Id:              fe584f7bbd0545d3ba07f7eb540c9a5d
  Correlation Id:          f351cb76cf55c26f2c17ac6148d151f4
  External correlation Id: 6567928983562049905
  Machine Id:              awmg4jTre1CIWEk5EKMpWOv7aIc=
[Licensing::Module] Successfully connected to LicensingClient on channel: "LicenseClient-Arnaud" (connect: 0.00s, validation: 0.00s, handshake: 0.08s)
[Licensing::IpcConnector] Successfully connected to: "LicenseClient-Arnaud-notifications" at "2025-11-18T16:02:36.5830135Z"
[Licensing::Module] Licensing Background thread has ended after 0.08s
Library Redirect Path: Library/
[Physics::Module] Selected backend.
[Physics::Module] Name: PhysX
[Physics::Module] Id: 0xf2b8ea05
[Physics::Module] SDK Version: 4.1.2
[Physics::Module] Integration Version: 1.0.0
[Physics::Module] Threading Mode: Multi-Threaded
Refreshing native plugins compatible for Editor in 54.44 ms, found 6 plugins.
Preloading 0 native plugins for Editor in 0.00 ms.
Initialize engine version: 6000.2.6f2 (4a4dcaec6541)
[Subsystems] Discovering subsystems at path C:/Program Files/Unity/Hub/Editor/6000.2.6f2/Editor/Data/Resources/UnitySubsystems
[Subsystems] Discovering subsystems at path C:/Users/Arnaud/Desktop/Jeux/UTILISABLE/Gravity Ball/Assets
GfxDevice: creating device client; kGfxThreadingModeNonThreaded
Direct3D:
    Version:  Direct3D 11.0 [level 11.1]
    Renderer: NVIDIA GeForce RTX 4050 Laptop GPU (ID=0x28e1)
    Vendor:   NVIDIA
    VRAM:     5921 MB
    Driver:   32.0.15.6607
Initialize mono
Mono path[0] = 'C:/Program Files/Unity/Hub/Editor/6000.2.6f2/Editor/Data/Managed'
Mono path[1] = 'C:/Program Files/Unity/Hub/Editor/6000.2.6f2/Editor/Data/MonoBleedingEdge/lib/mono/unityjit-win32'
Mono config path = 'C:/Program Files/Unity/Hub/Editor/6000.2.6f2/Editor/Data/MonoBleedingEdge/etc'
Using monoOptions --debugger-agent=transport=dt_socket,embedding=1,server=y,suspend=n,address=127.0.0.1:56356
Begin MonoManager ReloadAssembly
Registering precompiled unity dll's ...
Register platform support module: C:/Program Files/Unity/Hub/Editor/6000.2.6f2/Editor/Data/PlaybackEngines/WindowsStandaloneSupport/UnityEditor.WindowsStandalone.Extensions.dll
[Licensing::Client] Successfully resolved entitlement details
[Licensing::Module] License group:
  Id: F4-6VBU-GQ76-3YAQ-GU2D-XXXX
  Product: Unity Personal
  Type: ULF
  Expiration: Unlimited
[Licensing::Module] License group:
  Id: 3440655-UnityPersXXXX
  Product: Unity Personal
  Type: Assigned
  Expiration: Unlimited
Register platform support module: C:/Program Files/Unity/Hub/Editor/6000.2.6f2/Editor/Data/PlaybackEngines/AndroidPlayer/UnityEditor.Android.Extensions.dll
Registered in 0.008763 seconds.
- Loaded All Assemblies, in  0.806 seconds
Native extension for Android target not found
Android Extension - Scanning For ADB Devices 369 ms
Native extension for WindowsStandalone target not found
Mono: successfully reloaded assembly
- Finished resetting the current domain, in  0.940 seconds
Domain Reload Profiling: 1742ms
	BeginReloadAssembly (325ms)
		ExecutionOrderSort (0ms)
		DisableScriptedObjects (0ms)
		BackupInstance (0ms)
		ReleaseScriptingObjects (0ms)
		CreateAndSetChildDomain (2ms)
	RebuildCommonClasses (69ms)
	RebuildNativeTypeToScriptingClass (25ms)
	initialDomainReloadingComplete (99ms)
	LoadAllAssembliesAndSetupDomain (284ms)
		LoadAssemblies (319ms)
		RebuildTransferFunctionScriptingTraits (0ms)
		AnalyzeDomain (278ms)
			TypeCache.Refresh (273ms)
				TypeCache.ScanAssembly (244ms)
			BuildScriptInfoCaches (0ms)
			ResolveRequiredComponents (1ms)
	FinalizeReload (941ms)
		ReleaseScriptCaches (0ms)
		RebuildScriptCaches (0ms)
		SetupLoadedEditorAssemblies (877ms)
			LogAssemblyErrors (0ms)
			InitializePlatformSupportModulesInManaged (548ms)
			SetLoadedEditorAssemblies (6ms)
			BeforeProcessingInitializeOnLoad (82ms)
			ProcessInitializeOnLoadAttributes (175ms)
			ProcessInitializeOnLoadMethodAttributes (68ms)
			AfterProcessingInitializeOnLoad (0ms)
			EditorAssembliesLoaded (0ms)
		ExecutionOrderSort2 (0ms)
		AwakeInstancesAfterBackupRestoration (0ms)
========================================================================
Worker process is ready to serve import requests
Import Worker Mode flag is 0x00
Begin MonoManager ReloadAssembly
[Licensing::Client] Successfully resolved entitlement details
[Licensing::Module] License group:
  Id: F4-6VBU-GQ76-3YAQ-GU2D-XXXX
  Product: Unity Personal
  Type: ULF
  Expiration: Unlimited
[Licensing::Module] License group:
  Id: 3440655-UnityPersXXXX
  Product: Unity Personal
  Type: Assigned
  Expiration: Unlimited
Assembly 'Assets/PlayServicesResolver/Editor/Google.JarResolver_v1.2.59.0.dll' will not be loaded due to errors:
Assembly name 'Google.JarResolver' does not match file name 'Google.JarResolver_v1.2.59.0'
Assembly 'Assets/PlayServicesResolver/Editor/Google.IOSResolver_v1.2.59.0.dll' will not be loaded due to errors:
Unable to resolve reference 'UnityEditor.iOS.Extensions.Xcode'. Is the assembly missing or incompatible with the current platform?
Reference validation can be disabled in the Plugin Inspector.
Assembly name 'Google.IOSResolver' does not match file name 'Google.IOSResolver_v1.2.59.0'
Assembly 'Assets/PlayServicesResolver/Editor/Google.VersionHandlerImpl_v1.2.59.0.dll' will not be loaded due to errors:
Assembly name 'Google.VersionHandlerImpl' does not match file name 'Google.VersionHandlerImpl_v1.2.59.0'
- Loaded All Assemblies, in  1.112 seconds
Refreshing native plugins compatible for Editor in 17.63 ms, found 6 plugins.
Native extension for Android target not found
Native extension for WindowsStandalone target not found
Package Manager log level set to [2]
[Package Manager] Failed to launch server process. Reason: Unity was launched with the -noUpm command-line argument
[Package Manager] Unable to send message (not connected to server process).
[Package Manager] Cannot connect to Unity Package Manager local server
Non-secure network connections disabled in Player Settings
UnityEngine.Debug:ExtractStackTraceNoAlloc (byte*,int,string)
UnityEngine.StackTraceUtility:ExtractStackTrace ()
UnityEngine.Networking.UnityWebRequest:BeginWebRequest ()
UnityEngine.Networking.UnityWebRequest:SendWebRequest ()
UnityEngine.WWW:.ctor (string)
JMOAssets.JMOAssets_Menu:StartDownload ()
JMOAssets.JMOAssets_Menu:CheckStartupUpdate ()
JMOAssets.JMOAssets_Menu:.cctor ()
System.Runtime.CompilerServices.RuntimeHelpers:RunClassConstructor (System.RuntimeTypeHandle)
UnityEditor.EditorAssemblies:ProcessInitializeOnLoadAttributes (System.Type[])

[C:\build\output\unity\unity\Modules\UnityWebRequest\Public\Prototypes\UnityWebRequestProto.h line 519]

System.InvalidOperationException: Insecure connection not allowed
  at (wrapper managed-to-native) UnityEngine.Networking.UnityWebRequest.BeginWebRequest_Injected(intptr)
  at UnityEngine.Networking.UnityWebRequest.BeginWebRequest () [0x0000f] in <a5693f6f1faf4f39a6c9cefc1a5b2555>:0 
  at UnityEngine.Networking.UnityWebRequest.SendWebRequest () [0x00001] in <a5693f6f1faf4f39a6c9cefc1a5b2555>:0 
  at UnityEngine.WWW..ctor (System.String url) [0x00014] in <37916183dd3c4f44ab9cf13ab9ae239c>:0 
  at JMOAssets.JMOAssets_Menu.StartDownload () [0x00013] in <a7aa7c6095e5420583c7f523f7294ab4>:0 
  at JMOAssets.JMOAssets_Menu.CheckStartupUpdate () [0x00001] in <a7aa7c6095e5420583c7f523f7294ab4>:0 
  at JMOAssets.JMOAssets_Menu..cctor () [0x000a1] in <a7aa7c6095e5420583c7f523f7294ab4>:0 
UnityEngine.Debug:ExtractStackTraceNoAlloc (byte*,int,string)
UnityEngine.StackTraceUtility:ExtractStackTrace ()
UnityEngine.DebugLogHandler:Internal_Log (UnityEngine.LogType,UnityEngine.LogOption,string,UnityEngine.Object)
UnityEngine.DebugLogHandler:LogFormat (UnityEngine.LogType,UnityEngine.Object,string,object[])
UnityEngine.Logger:Log (UnityEngine.LogType,object)
UnityEngine.Debug:LogError (object)
UnityEditor.EditorAssemblies:ProcessInitializeOnLoadAttributes (System.Type[])

Mono: successfully reloaded assembly
- Finished resetting the current domain, in  2.188 seconds
Domain Reload Profiling: 3295ms
	BeginReloadAssembly (267ms)
		ExecutionOrderSort (0ms)
		DisableScriptedObjects (8ms)
		BackupInstance (0ms)
		ReleaseScriptingObjects (0ms)
		CreateAndSetChildDomain (38ms)
	RebuildCommonClasses (48ms)
	RebuildNativeTypeToScriptingClass (15ms)
	initialDomainReloadingComplete (64ms)
	LoadAllAssembliesAndSetupDomain (711ms)
		LoadAssemblies (606ms)
		RebuildTransferFunctionScriptingTraits (0ms)
		AnalyzeDomain (261ms)
			TypeCache.Refresh (194ms)
				TypeCache.ScanAssembly (168ms)
			BuildScriptInfoCaches (54ms)
			ResolveRequiredComponents (6ms)
	FinalizeReload (2189ms)
		ReleaseScriptCaches (0ms)
		RebuildScriptCaches (0ms)
		SetupLoadedEditorAssemblies (1957ms)
			LogAssemblyErrors (0ms)
			InitializePlatformSupportModulesInManaged (33ms)
			SetLoadedEditorAssemblies (20ms)
			BeforeProcessingInitializeOnLoad (248ms)
			ProcessInitializeOnLoadAttributes (958ms)
			ProcessInitializeOnLoadMethodAttributes (681ms)
			AfterProcessingInitializeOnLoad (16ms)
			EditorAssembliesLoaded (1ms)
		ExecutionOrderSort2 (0ms)
		AwakeInstancesAfterBackupRestoration (21ms)
Launched and connected shader compiler UnityShaderCompiler.exe after 0.05 seconds
Refreshing native plugins compatible for Editor in 34.37 ms, found 6 plugins.
Preloading 0 native plugins for Editor in 0.00 ms.
Unloading 4 Unused Serialized files (Serialized files now loaded: 0)
Unloading 3742 unused Assets / (1.2 MB). Loaded Objects now: 4143.
Memory consumption went from 85.9 MB to 84.8 MB.
Total: 30.037400 ms (FindLiveObjects: 0.994600 ms CreateObjectMapping: 0.697600 ms MarkObjects: 25.333900 ms  DeleteObjects: 3.008600 ms)

========================================================================
Received Prepare
Refreshing native plugins compatible for Editor in 32.15 ms, found 6 plugins.
Preloading 0 native plugins for Editor in 0.00 ms.
Unloading 4 Unused Serialized files (Serialized files now loaded: 0)
Unloading 3638 unused Assets / (1.4 MB). Loaded Objects now: 4143.
Memory consumption went from 83.9 MB to 82.5 MB.
Total: 26.764700 ms (FindLiveObjects: 0.493600 ms CreateObjectMapping: 0.518200 ms MarkObjects: 23.299900 ms  DeleteObjects: 2.450300 ms)

Prepare: number of updated asset objects reloaded= 0
========================================================================
Received Prepare
Refreshing native plugins compatible for Editor in 22.22 ms, found 6 plugins.
Preloading 0 native plugins for Editor in 0.00 ms.
Unloading 4 Unused Serialized files (Serialized files now loaded: 0)
Unloading 3638 unused Assets / (1.5 MB). Loaded Objects now: 4143.
Memory consumption went from 83.9 MB to 82.4 MB.
Total: 19.724400 ms (FindLiveObjects: 0.485900 ms CreateObjectMapping: 0.762400 ms MarkObjects: 16.566000 ms  DeleteObjects: 1.907900 ms)

Prepare: number of updated asset objects reloaded= 0
========================================================================
Received Prepare
Refreshing native plugins compatible for Editor in 26.44 ms, found 6 plugins.
Preloading 0 native plugins for Editor in 0.00 ms.
Unloading 4 Unused Serialized files (Serialized files now loaded: 0)
Unloading 3638 unused Assets / (1.5 MB). Loaded Objects now: 4143.
Memory consumption went from 83.8 MB to 82.3 MB.
Total: 17.049800 ms (FindLiveObjects: 0.577900 ms CreateObjectMapping: 0.644700 ms MarkObjects: 14.037200 ms  DeleteObjects: 1.788400 ms)

Prepare: number of updated asset objects reloaded= 0
========================================================================
Received Prepare
Refreshing native plugins compatible for Editor in 28.18 ms, found 6 plugins.
Preloading 0 native plugins for Editor in 0.00 ms.
Unloading 4 Unused Serialized files (Serialized files now loaded: 0)
Unloading 3638 unused Assets / (1.3 MB). Loaded Objects now: 4143.
Memory consumption went from 83.9 MB to 82.5 MB.
Total: 21.948600 ms (FindLiveObjects: 0.934700 ms CreateObjectMapping: 1.169700 ms MarkObjects: 17.684500 ms  DeleteObjects: 2.155900 ms)

Prepare: number of updated asset objects reloaded= 0
========================================================================
Received Prepare
Refreshing native plugins compatible for Editor in 30.57 ms, found 6 plugins.
Preloading 0 native plugins for Editor in 0.00 ms.
Unloading 4 Unused Serialized files (Serialized files now loaded: 0)
Unloading 3638 unused Assets / (1.3 MB). Loaded Objects now: 4143.
Memory consumption went from 83.9 MB to 82.6 MB.
Total: 14.283900 ms (FindLiveObjects: 0.731300 ms CreateObjectMapping: 0.417800 ms MarkObjects: 11.631900 ms  DeleteObjects: 1.500800 ms)

Prepare: number of updated asset objects reloaded= 0
========================================================================
Received Prepare
Refreshing native plugins compatible for Editor in 32.69 ms, found 6 plugins.
Preloading 0 native plugins for Editor in 0.00 ms.
Unloading 4 Unused Serialized files (Serialized files now loaded: 0)
Unloading 3638 unused Assets / (1.4 MB). Loaded Objects now: 4143.
Memory consumption went from 83.8 MB to 82.5 MB.
Total: 13.791800 ms (FindLiveObjects: 0.388200 ms CreateObjectMapping: 0.280000 ms MarkObjects: 11.893800 ms  DeleteObjects: 1.226300 ms)

Prepare: number of updated asset objects reloaded= 0
========================================================================
Received Prepare
Refreshing native plugins compatible for Editor in 21.39 ms, found 6 plugins.
Preloading 0 native plugins for Editor in 0.00 ms.
Unloading 4 Unused Serialized files (Serialized files now loaded: 0)
Unloading 3638 unused Assets / (1.0 MB). Loaded Objects now: 4143.
Memory consumption went from 83.9 MB to 82.9 MB.
Total: 10.657900 ms (FindLiveObjects: 0.376200 ms CreateObjectMapping: 0.289000 ms MarkObjects: 8.731400 ms  DeleteObjects: 1.259900 ms)

Prepare: number of updated asset objects reloaded= 0
========================================================================
Received Prepare
Refreshing native plugins compatible for Editor in 17.38 ms, found 6 plugins.
Preloading 0 native plugins for Editor in 0.00 ms.
Unloading 4 Unused Serialized files (Serialized files now loaded: 0)
Unloading 3638 unused Assets / (1.1 MB). Loaded Objects now: 4143.
Memory consumption went from 83.8 MB to 82.8 MB.
Total: 10.102900 ms (FindLiveObjects: 0.697700 ms CreateObjectMapping: 0.361000 ms MarkObjects: 8.108500 ms  DeleteObjects: 0.932800 ms)

Prepare: number of updated asset objects reloaded= 0
========================================================================
Received Prepare
Refreshing native plugins compatible for Editor in 33.02 ms, found 6 plugins.
Preloading 0 native plugins for Editor in 0.00 ms.
Unloading 4 Unused Serialized files (Serialized files now loaded: 0)
Unloading 3638 unused Assets / (1.2 MB). Loaded Objects now: 4143.
Memory consumption went from 83.8 MB to 82.6 MB.
Total: 15.668000 ms (FindLiveObjects: 0.476200 ms CreateObjectMapping: 0.332100 ms MarkObjects: 13.318500 ms  DeleteObjects: 1.539200 ms)

Prepare: number of updated asset objects reloaded= 0
========================================================================
Received Prepare
Refreshing native plugins compatible for Editor in 28.14 ms, found 6 plugins.
Preloading 0 native plugins for Editor in 0.00 ms.
Unloading 4 Unused Serialized files (Serialized files now loaded: 0)
Unloading 3638 unused Assets / (1.1 MB). Loaded Objects now: 4143.
Memory consumption went from 83.8 MB to 82.7 MB.
Total: 16.373800 ms (FindLiveObjects: 0.471900 ms CreateObjectMapping: 0.472300 ms MarkObjects: 14.247500 ms  DeleteObjects: 1.180400 ms)

Prepare: number of updated asset objects reloaded= 0
========================================================================
Received Prepare
Refreshing native plugins compatible for Editor in 50.47 ms, found 6 plugins.
Preloading 0 native plugins for Editor in 0.00 ms.
Unloading 4 Unused Serialized files (Serialized files now loaded: 0)
Unloading 3638 unused Assets / (1.5 MB). Loaded Objects now: 4143.
Memory consumption went from 83.9 MB to 82.4 MB.
Total: 29.727700 ms (FindLiveObjects: 0.479700 ms CreateObjectMapping: 0.494600 ms MarkObjects: 26.028300 ms  DeleteObjects: 2.722000 ms)

Prepare: number of updated asset objects reloaded= 0
========================================================================
Received Prepare
Refreshing native plugins compatible for Editor in 47.97 ms, found 6 plugins.
Preloading 0 native plugins for Editor in 0.00 ms.
Unloading 4 Unused Serialized files (Serialized files now loaded: 0)
Unloading 3638 unused Assets / (1.3 MB). Loaded Objects now: 4143.
Memory consumption went from 83.8 MB to 82.5 MB.
Total: 29.670200 ms (FindLiveObjects: 0.919700 ms CreateObjectMapping: 0.622100 ms MarkObjects: 25.424200 ms  DeleteObjects: 2.700900 ms)

Prepare: number of updated asset objects reloaded= 0
========================================================================
Received Prepare
Refreshing native plugins compatible for Editor in 44.60 ms, found 6 plugins.
Preloading 0 native plugins for Editor in 0.00 ms.
Unloading 4 Unused Serialized files (Serialized files now loaded: 0)
Unloading 3638 unused Assets / (1.3 MB). Loaded Objects now: 4143.
Memory consumption went from 83.9 MB to 82.5 MB.
Total: 27.804000 ms (FindLiveObjects: 0.565800 ms CreateObjectMapping: 0.707400 ms MarkObjects: 24.010000 ms  DeleteObjects: 2.518100 ms)

Prepare: number of updated asset objects reloaded= 0
========================================================================
Received Prepare
Refreshing native plugins compatible for Editor in 55.55 ms, found 6 plugins.
Preloading 0 native plugins for Editor in 0.00 ms.
Unloading 4 Unused Serialized files (Serialized files now loaded: 0)
Unloading 3638 unused Assets / (0.9 MB). Loaded Objects now: 4143.
Memory consumption went from 83.8 MB to 83.0 MB.
Total: 28.248700 ms (FindLiveObjects: 0.790700 ms CreateObjectMapping: 0.699200 ms MarkObjects: 25.136500 ms  DeleteObjects: 1.619900 ms)

Prepare: number of updated asset objects reloaded= 0
========================================================================
Received Prepare
Begin MonoManager ReloadAssembly
[Licensing::Client] Successfully resolved entitlement details
[Licensing::Module] License group:
  Id: F4-6VBU-GQ76-3YAQ-GU2D-XXXX
  Product: Unity Personal
  Type: ULF
  Expiration: Unlimited
[Licensing::Module] License group:
  Id: 3440655-UnityPersXXXX
  Product: Unity Personal
  Type: Assigned
  Expiration: Unlimited
Assembly 'Assets/PlayServicesResolver/Editor/Google.JarResolver_v1.2.59.0.dll' will not be loaded due to errors:
Assembly name 'Google.JarResolver' does not match file name 'Google.JarResolver_v1.2.59.0'
Assembly 'Assets/PlayServicesResolver/Editor/Google.IOSResolver_v1.2.59.0.dll' will not be loaded due to errors:
Unable to resolve reference 'UnityEditor.iOS.Extensions.Xcode'. Is the assembly missing or incompatible with the current platform?
Reference validation can be disabled in the Plugin Inspector.
Assembly name 'Google.IOSResolver' does not match file name 'Google.IOSResolver_v1.2.59.0'
Assembly 'Assets/PlayServicesResolver/Editor/Google.VersionHandlerImpl_v1.2.59.0.dll' will not be loaded due to errors:
Assembly name 'Google.VersionHandlerImpl' does not match file name 'Google.VersionHandlerImpl_v1.2.59.0'
- Loaded All Assemblies, in  1.827 seconds
Refreshing native plugins compatible for Editor in 18.24 ms, found 6 plugins.
Native extension for Android target not found
Native extension for WindowsStandalone target not found
[Package Manager] Failed to launch server process. Reason: Unity was launched with the -noUpm command-line argument
[Package Manager] Unable to send message (not connected to server process).
[Package Manager] Cannot connect to Unity Package Manager local server
Non-secure network connections disabled in Player Settings
UnityEngine.Debug:ExtractStackTraceNoAlloc (byte*,int,string)
UnityEngine.StackTraceUtility:ExtractStackTrace ()
UnityEngine.Networking.UnityWebRequest:BeginWebRequest ()
UnityEngine.Networking.UnityWebRequest:SendWebRequest ()
UnityEngine.WWW:.ctor (string)
JMOAssets.JMOAssets_Menu:StartDownload ()
JMOAssets.JMOAssets_Menu:CheckStartupUpdate ()
JMOAssets.JMOAssets_Menu:.cctor ()
System.Runtime.CompilerServices.RuntimeHelpers:RunClassConstructor (System.RuntimeTypeHandle)
UnityEditor.EditorAssemblies:ProcessInitializeOnLoadAttributes (System.Type[])

[C:\build\output\unity\unity\Modules\UnityWebRequest\Public\Prototypes\UnityWebRequestProto.h line 519]

System.InvalidOperationException: Insecure connection not allowed
  at (wrapper managed-to-native) UnityEngine.Networking.UnityWebRequest.BeginWebRequest_Injected(intptr)
  at UnityEngine.Networking.UnityWebRequest.BeginWebRequest () [0x0000f] in <a5693f6f1faf4f39a6c9cefc1a5b2555>:0 
  at UnityEngine.Networking.UnityWebRequest.SendWebRequest () [0x00001] in <a5693f6f1faf4f39a6c9cefc1a5b2555>:0 
  at UnityEngine.WWW..ctor (System.String url) [0x00014] in <37916183dd3c4f44ab9cf13ab9ae239c>:0 
  at JMOAssets.JMOAssets_Menu.StartDownload () [0x00013] in <a7aa7c6095e5420583c7f523f7294ab4>:0 
  at JMOAssets.JMOAssets_Menu.CheckStartupUpdate () [0x00001] in <a7aa7c6095e5420583c7f523f7294ab4>:0 
  at JMOAssets.JMOAssets_Menu..cctor () [0x000a1] in <a7aa7c6095e5420583c7f523f7294ab4>:0 
UnityEngine.Debug:ExtractStackTraceNoAlloc (byte*,int,string)
UnityEngine.StackTraceUtility:ExtractStackTrace ()
UnityEngine.DebugLogHandler:Internal_Log (UnityEngine.LogType,UnityEngine.LogOption,string,UnityEngine.Object)
UnityEngine.DebugLogHandler:LogFormat (UnityEngine.LogType,UnityEngine.Object,string,object[])
UnityEngine.Logger:Log (UnityEngine.LogType,object)
UnityEngine.Debug:LogError (object)
UnityEditor.EditorAssemblies:ProcessInitializeOnLoadAttributes (System.Type[])

Mono: successfully reloaded assembly
- Finished resetting the current domain, in  1.240 seconds
Domain Reload Profiling: 3048ms
	BeginReloadAssembly (574ms)
		ExecutionOrderSort (0ms)
		DisableScriptedObjects (23ms)
		BackupInstance (0ms)
		ReleaseScriptingObjects (0ms)
		CreateAndSetChildDomain (106ms)
	RebuildCommonClasses (117ms)
	RebuildNativeTypeToScriptingClass (48ms)
	initialDomainReloadingComplete (124ms)
	LoadAllAssembliesAndSetupDomain (946ms)
		LoadAssemblies (1095ms)
		RebuildTransferFunctionScriptingTraits (0ms)
		AnalyzeDomain (170ms)
			TypeCache.Refresh (8ms)
				TypeCache.ScanAssembly (0ms)
			BuildScriptInfoCaches (151ms)
			ResolveRequiredComponents (6ms)
	FinalizeReload (1241ms)
		ReleaseScriptCaches (0ms)
		RebuildScriptCaches (0ms)
		SetupLoadedEditorAssemblies (1054ms)
			LogAssemblyErrors (0ms)
			InitializePlatformSupportModulesInManaged (13ms)
			SetLoadedEditorAssemblies (6ms)
			BeforeProcessingInitializeOnLoad (175ms)
			ProcessInitializeOnLoadAttributes (593ms)
			ProcessInitializeOnLoadMethodAttributes (256ms)
			AfterProcessingInitializeOnLoad (10ms)
			EditorAssembliesLoaded (1ms)
		ExecutionOrderSort2 (0ms)
		AwakeInstancesAfterBackupRestoration (13ms)
Refreshing native plugins compatible for Editor in 16.07 ms, found 6 plugins.
Preloading 0 native plugins for Editor in 0.00 ms.
Unloading 4 Unused Serialized files (Serialized files now loaded: 0)
Unloading 3740 unused Assets / (1.3 MB). Loaded Objects now: 4145.
Memory consumption went from 87.8 MB to 86.5 MB.
Total: 15.996400 ms (FindLiveObjects: 0.475400 ms CreateObjectMapping: 0.337000 ms MarkObjects: 13.301100 ms  DeleteObjects: 1.880400 ms)

Prepare: number of updated asset objects reloaded= 0
========================================================================
Received Import Request.
  Time since last request: 155831.173621 seconds.
  path: Assets/Models/Smoothy_Labs_Logo_Bloom.png
  artifactKey: Guid(ef977990f4b9036439567bdd079b19e5) Importer(815301076,1909f56bfc062723c751e8b465ee728b)
Start importing Assets/Models/Smoothy_Labs_Logo_Bloom.png using Guid(ef977990f4b9036439567bdd079b19e5) Importer(815301076,1909f56bfc062723c751e8b465ee728b) (PreviewImporter)[Licensing::Client] Successfully resolved entitlement details
[Licensing::Module] License group:
  Id: F4-6VBU-GQ76-3YAQ-GU2D-XXXX
  Product: Unity Personal
  Type: ULF
  Expiration: Unlimited
[Licensing::Module] License group:
  Id: 3440655-UnityPersXXXX
  Product: Unity Personal
  Type: Assigned
  Expiration: Unlimited
 -> (artifact id: '81d89abfa6f47532b3a3f48907643975') in 0.1109453 seconds
Number of updated asset objects reloaded before import = 0Number of asset objects unloaded after import = 2

========================================================================
Received Prepare
Refreshing native plugins compatible for Editor in 42.63 ms, found 6 plugins.
Preloading 0 native plugins for Editor in 0.00 ms.
Unloading 4 Unused Serialized files (Serialized files now loaded: 0)
Unloading 3638 unused Assets / (1.5 MB). Loaded Objects now: 4150.
Memory consumption went from 88.5 MB to 86.9 MB.
Total: 17.725300 ms (FindLiveObjects: 0.531000 ms CreateObjectMapping: 0.698700 ms MarkObjects: 14.539200 ms  DeleteObjects: 1.954600 ms)

Prepare: number of updated asset objects reloaded= 0
========================================================================
Received Prepare
Refreshing native plugins compatible for Editor in 27.35 ms, found 6 plugins.
Preloading 0 native plugins for Editor in 0.00 ms.
Unloading 4 Unused Serialized files (Serialized files now loaded: 0)
Unloading 3638 unused Assets / (1.2 MB). Loaded Objects now: 4150.
Memory consumption went from 88.5 MB to 87.3 MB.
Total: 17.542600 ms (FindLiveObjects: 0.581200 ms CreateObjectMapping: 0.652900 ms MarkObjects: 14.708400 ms  DeleteObjects: 1.597800 ms)

Prepare: number of updated asset objects reloaded= 0
========================================================================
Received Prepare
Refreshing native plugins compatible for Editor in 23.92 ms, found 6 plugins.
Preloading 0 native plugins for Editor in 0.00 ms.
Unloading 4 Unused Serialized files (Serialized files now loaded: 0)
Unloading 3638 unused Assets / (1.4 MB). Loaded Objects now: 4150.
Memory consumption went from 88.5 MB to 87.1 MB.
Total: 15.142600 ms (FindLiveObjects: 0.409100 ms CreateObjectMapping: 0.298000 ms MarkObjects: 12.670600 ms  DeleteObjects: 1.763000 ms)

Prepare: number of updated asset objects reloaded= 0
========================================================================
Received Prepare
Refreshing native plugins compatible for Editor in 23.57 ms, found 6 plugins.
Preloading 0 native plugins for Editor in 0.00 ms.
Unloading 4 Unused Serialized files (Serialized files now loaded: 0)
Unloading 3638 unused Assets / (1.3 MB). Loaded Objects now: 4150.
Memory consumption went from 88.5 MB to 87.1 MB.
Total: 15.218700 ms (FindLiveObjects: 0.373200 ms CreateObjectMapping: 0.296300 ms MarkObjects: 12.916000 ms  DeleteObjects: 1.631100 ms)

Prepare: number of updated asset objects reloaded= 0
========================================================================
Received Prepare
Refreshing native plugins compatible for Editor in 26.94 ms, found 6 plugins.
Preloading 0 native plugins for Editor in 0.00 ms.
Unloading 4 Unused Serialized files (Serialized files now loaded: 0)
Unloading 3638 unused Assets / (2.0 MB). Loaded Objects now: 4150.
Memory consumption went from 88.5 MB to 86.5 MB.
Total: 14.066800 ms (FindLiveObjects: 0.383000 ms CreateObjectMapping: 0.261900 ms MarkObjects: 11.297600 ms  DeleteObjects: 2.122600 ms)

Prepare: number of updated asset objects reloaded= 0
========================================================================
Received Prepare
Refreshing native plugins compatible for Editor in 25.63 ms, found 6 plugins.
Preloading 0 native plugins for Editor in 0.00 ms.
Unloading 4 Unused Serialized files (Serialized files now loaded: 0)
Unloading 3638 unused Assets / (1.3 MB). Loaded Objects now: 4150.
Memory consumption went from 88.5 MB to 87.2 MB.
Total: 15.713300 ms (FindLiveObjects: 0.742800 ms CreateObjectMapping: 0.729700 ms MarkObjects: 12.930300 ms  DeleteObjects: 1.308300 ms)

Prepare: number of updated asset objects reloaded= 0
========================================================================
Received Prepare
Refreshing native plugins compatible for Editor in 28.41 ms, found 6 plugins.
Preloading 0 native plugins for Editor in 0.00 ms.
Unloading 4 Unused Serialized files (Serialized files now loaded: 0)
Unloading 3638 unused Assets / (1.3 MB). Loaded Objects now: 4150.
Memory consumption went from 88.5 MB to 87.2 MB.
Total: 15.856900 ms (FindLiveObjects: 1.093900 ms CreateObjectMapping: 0.824300 ms MarkObjects: 12.572600 ms  DeleteObjects: 1.364300 ms)

Prepare: number of updated asset objects reloaded= 0
========================================================================
Received Prepare
Refreshing native plugins compatible for Editor in 25.49 ms, found 6 plugins.
Preloading 0 native plugins for Editor in 0.00 ms.
Unloading 4 Unused Serialized files (Serialized files now loaded: 0)
Unloading 3638 unused Assets / (1.2 MB). Loaded Objects now: 4150.
Memory consumption went from 88.5 MB to 87.3 MB.
Total: 18.572700 ms (FindLiveObjects: 0.662300 ms CreateObjectMapping: 0.545900 ms MarkObjects: 16.125300 ms  DeleteObjects: 1.237100 ms)

Prepare: number of updated asset objects reloaded= 0
========================================================================
Received Prepare
Refreshing native plugins compatible for Editor in 17.09 ms, found 6 plugins.
Preloading 0 native plugins for Editor in 0.00 ms.
Unloading 4 Unused Serialized files (Serialized files now loaded: 0)
Unloading 3638 unused Assets / (1.5 MB). Loaded Objects now: 4150.
Memory consumption went from 88.5 MB to 87.0 MB.
Total: 13.507000 ms (FindLiveObjects: 0.420900 ms CreateObjectMapping: 0.278500 ms MarkObjects: 10.758800 ms  DeleteObjects: 2.045300 ms)

Prepare: number of updated asset objects reloaded= 0
========================================================================
Received Prepare
Refreshing native plugins compatible for Editor in 22.36 ms, found 6 plugins.
Preloading 0 native plugins for Editor in 0.00 ms.
Unloading 4 Unused Serialized files (Serialized files now loaded: 0)
Unloading 3638 unused Assets / (1.3 MB). Loaded Objects now: 4150.
Memory consumption went from 88.5 MB to 87.2 MB.
Total: 15.393700 ms (FindLiveObjects: 0.506300 ms CreateObjectMapping: 0.423000 ms MarkObjects: 12.923400 ms  DeleteObjects: 1.538700 ms)

Prepare: number of updated asset objects reloaded= 0
========================================================================
Received Prepare
Refreshing native plugins compatible for Editor in 44.24 ms, found 6 plugins.
Preloading 0 native plugins for Editor in 0.00 ms.
Unloading 4 Unused Serialized files (Serialized files now loaded: 0)
Unloading 3638 unused Assets / (1.5 MB). Loaded Objects now: 4150.
Memory consumption went from 88.5 MB to 87.0 MB.
Total: 29.371900 ms (FindLiveObjects: 0.990600 ms CreateObjectMapping: 0.510200 ms MarkObjects: 24.999400 ms  DeleteObjects: 2.869000 ms)

Prepare: number of updated asset objects reloaded= 0
========================================================================
Received Prepare
Refreshing native plugins compatible for Editor in 54.44 ms, found 6 plugins.
Preloading 0 native plugins for Editor in 0.00 ms.
Unloading 4 Unused Serialized files (Serialized files now loaded: 0)
Unloading 3638 unused Assets / (1.1 MB). Loaded Objects now: 4150.
Memory consumption went from 88.5 MB to 87.4 MB.
Total: 31.838100 ms (FindLiveObjects: 0.664100 ms CreateObjectMapping: 0.691600 ms MarkObjects: 27.724400 ms  DeleteObjects: 2.755200 ms)

Prepare: number of updated asset objects reloaded= 0
========================================================================
Received Prepare
Refreshing native plugins compatible for Editor in 45.24 ms, found 6 plugins.
Preloading 0 native plugins for Editor in 0.00 ms.
Unloading 4 Unused Serialized files (Serialized files now loaded: 0)
Unloading 3638 unused Assets / (1.7 MB). Loaded Objects now: 4150.
Memory consumption went from 88.5 MB to 86.8 MB.
Total: 34.441200 ms (FindLiveObjects: 1.839900 ms CreateObjectMapping: 1.080600 ms MarkObjects: 28.079800 ms  DeleteObjects: 3.437300 ms)

Prepare: number of updated asset objects reloaded= 0
========================================================================
Received Prepare
Refreshing native plugins compatible for Editor in 138.44 ms, found 6 plugins.
Preloading 0 native plugins for Editor in 0.00 ms.
Unloading 4 Unused Serialized files (Serialized files now loaded: 0)
Unloading 3638 unused Assets / (1.0 MB). Loaded Objects now: 4150.
Memory consumption went from 88.5 MB to 87.5 MB.
Total: 37.682900 ms (FindLiveObjects: 0.653300 ms CreateObjectMapping: 0.619800 ms MarkObjects: 33.378400 ms  DeleteObjects: 3.028900 ms)

Prepare: number of updated asset objects reloaded= 0
========================================================================
Received Prepare
Begin MonoManager ReloadAssembly
Assembly 'Assets/PlayServicesResolver/Editor/Google.JarResolver_v1.2.59.0.dll' will not be loaded due to errors:
Assembly name 'Google.JarResolver' does not match file name 'Google.JarResolver_v1.2.59.0'
Assembly 'Assets/PlayServicesResolver/Editor/Google.IOSResolver_v1.2.59.0.dll' will not be loaded due to errors:
Unable to resolve reference 'UnityEditor.iOS.Extensions.Xcode'. Is the assembly missing or incompatible with the current platform?
Reference validation can be disabled in the Plugin Inspector.
Assembly name 'Google.IOSResolver' does not match file name 'Google.IOSResolver_v1.2.59.0'
Assembly 'Assets/PlayServicesResolver/Editor/Google.VersionHandlerImpl_v1.2.59.0.dll' will not be loaded due to errors:
Assembly name 'Google.VersionHandlerImpl' does not match file name 'Google.VersionHandlerImpl_v1.2.59.0'
- Loaded All Assemblies, in  2.294 seconds
Refreshing native plugins compatible for Editor in 60.41 ms, found 6 plugins.
Native extension for Android target not found
Native extension for WindowsStandalone target not found
[Package Manager] Failed to launch server process. Reason: Unity was launched with the -noUpm command-line argument
[Package Manager] Unable to send message (not connected to server process).
[Package Manager] Cannot connect to Unity Package Manager local server
Non-secure network connections disabled in Player Settings
UnityEngine.Debug:ExtractStackTraceNoAlloc (byte*,int,string)
UnityEngine.StackTraceUtility:ExtractStackTrace ()
UnityEngine.Networking.UnityWebRequest:BeginWebRequest ()
UnityEngine.Networking.UnityWebRequest:SendWebRequest ()
UnityEngine.WWW:.ctor (string)
JMOAssets.JMOAssets_Menu:StartDownload ()
JMOAssets.JMOAssets_Menu:CheckStartupUpdate ()
JMOAssets.JMOAssets_Menu:.cctor ()
System.Runtime.CompilerServices.RuntimeHelpers:RunClassConstructor (System.RuntimeTypeHandle)
UnityEditor.EditorAssemblies:ProcessInitializeOnLoadAttributes (System.Type[])

[C:\build\output\unity\unity\Modules\UnityWebRequest\Public\Prototypes\UnityWebRequestProto.h line 519]

System.InvalidOperationException: Insecure connection not allowed
  at (wrapper managed-to-native) UnityEngine.Networking.UnityWebRequest.BeginWebRequest_Injected(intptr)
  at UnityEngine.Networking.UnityWebRequest.BeginWebRequest () [0x0000f] in <a5693f6f1faf4f39a6c9cefc1a5b2555>:0 
  at UnityEngine.Networking.UnityWebRequest.SendWebRequest () [0x00001] in <a5693f6f1faf4f39a6c9cefc1a5b2555>:0 
  at UnityEngine.WWW..ctor (System.String url) [0x00014] in <37916183dd3c4f44ab9cf13ab9ae239c>:0 
  at JMOAssets.JMOAssets_Menu.StartDownload () [0x00013] in <a7aa7c6095e5420583c7f523f7294ab4>:0 
  at JMOAssets.JMOAssets_Menu.CheckStartupUpdate () [0x00001] in <a7aa7c6095e5420583c7f523f7294ab4>:0 
  at JMOAssets.JMOAssets_Menu..cctor () [0x000a1] in <a7aa7c6095e5420583c7f523f7294ab4>:0 
UnityEngine.Debug:ExtractStackTraceNoAlloc (byte*,int,string)
UnityEngine.StackTraceUtility:ExtractStackTrace ()
UnityEngine.DebugLogHandler:Internal_Log (UnityEngine.LogType,UnityEngine.LogOption,string,UnityEngine.Object)
UnityEngine.DebugLogHandler:LogFormat (UnityEngine.LogType,UnityEngine.Object,string,object[])
UnityEngine.Logger:Log (UnityEngine.LogType,object)
UnityEngine.Debug:LogError (object)
UnityEditor.EditorAssemblies:ProcessInitializeOnLoadAttributes (System.Type[])

Mono: successfully reloaded assembly
- Finished resetting the current domain, in  2.513 seconds
Domain Reload Profiling: 4793ms
	BeginReloadAssembly (481ms)
		ExecutionOrderSort (0ms)
		DisableScriptedObjects (20ms)
		BackupInstance (0ms)
		ReleaseScriptingObjects (0ms)
		CreateAndSetChildDomain (112ms)
	RebuildCommonClasses (114ms)
	RebuildNativeTypeToScriptingClass (34ms)
	initialDomainReloadingComplete (123ms)
	LoadAllAssembliesAndSetupDomain (1526ms)
		LoadAssemblies (1324ms)
		RebuildTransferFunctionScriptingTraits (0ms)
		AnalyzeDomain (443ms)
			TypeCache.Refresh (24ms)
				TypeCache.ScanAssembly (0ms)
			BuildScriptInfoCaches (394ms)
			ResolveRequiredComponents (14ms)
	FinalizeReload (2514ms)
		ReleaseScriptCaches (0ms)
		RebuildScriptCaches (0ms)
		SetupLoadedEditorAssemblies (2115ms)
			LogAssemblyErrors (0ms)
			InitializePlatformSupportModulesInManaged (41ms)
			SetLoadedEditorAssemblies (15ms)
			BeforeProcessingInitializeOnLoad (425ms)
			ProcessInitializeOnLoadAttributes (1158ms)
			ProcessInitializeOnLoadMethodAttributes (456ms)
			AfterProcessingInitializeOnLoad (20ms)
			EditorAssembliesLoaded (1ms)
		ExecutionOrderSort2 (0ms)
		AwakeInstancesAfterBackupRestoration (27ms)
Refreshing native plugins compatible for Editor in 46.34 ms, found 6 plugins.
Preloading 0 native plugins for Editor in 0.00 ms.
Unloading 4 Unused Serialized files (Serialized files now loaded: 0)
Unloading 3740 unused Assets / (1.6 MB). Loaded Objects now: 4152.
Memory consumption went from 88.8 MB to 87.2 MB.
Total: 29.443000 ms (FindLiveObjects: 0.727300 ms CreateObjectMapping: 0.803400 ms MarkObjects: 25.221400 ms  DeleteObjects: 2.686800 ms)

Prepare: number of updated asset objects reloaded= 0
========================================================================
Received Prepare
Refreshing native plugins compatible for Editor in 28.57 ms, found 6 plugins.
Preloading 0 native plugins for Editor in 0.00 ms.
Unloading 4 Unused Serialized files (Serialized files now loaded: 0)
Unloading 3638 unused Assets / (1.2 MB). Loaded Objects now: 4152.
Memory consumption went from 88.4 MB to 87.2 MB.
Total: 16.824700 ms (FindLiveObjects: 0.690000 ms CreateObjectMapping: 0.594000 ms MarkObjects: 13.352100 ms  DeleteObjects: 2.185900 ms)

Prepare: number of updated asset objects reloaded= 0
========================================================================
Received Prepare
Refreshing native plugins compatible for Editor in 30.70 ms, found 6 plugins.
Preloading 0 native plugins for Editor in 0.00 ms.
Unloading 4 Unused Serialized files (Serialized files now loaded: 0)
Unloading 3638 unused Assets / (1.1 MB). Loaded Objects now: 4152.
Memory consumption went from 88.4 MB to 87.4 MB.
Total: 14.051800 ms (FindLiveObjects: 0.791600 ms CreateObjectMapping: 0.339000 ms MarkObjects: 11.617200 ms  DeleteObjects: 1.302500 ms)

Prepare: number of updated asset objects reloaded= 0
========================================================================
Received Prepare
Refreshing native plugins compatible for Editor in 25.55 ms, found 6 plugins.
Preloading 0 native plugins for Editor in 0.00 ms.
Unloading 4 Unused Serialized files (Serialized files now loaded: 0)
Unloading 3638 unused Assets / (1.2 MB). Loaded Objects now: 4152.
Memory consumption went from 88.4 MB to 87.2 MB.
Total: 13.145300 ms (FindLiveObjects: 0.561700 ms CreateObjectMapping: 0.274100 ms MarkObjects: 10.852000 ms  DeleteObjects: 1.455400 ms)

Prepare: number of updated asset objects reloaded= 0
========================================================================
Received Prepare
Refreshing native plugins compatible for Editor in 28.24 ms, found 6 plugins.
Preloading 0 native plugins for Editor in 0.00 ms.
Unloading 4 Unused Serialized files (Serialized files now loaded: 0)
Unloading 3638 unused Assets / (1.2 MB). Loaded Objects now: 4152.
Memory consumption went from 88.4 MB to 87.2 MB.
Total: 14.107100 ms (FindLiveObjects: 0.514600 ms CreateObjectMapping: 0.302800 ms MarkObjects: 11.935100 ms  DeleteObjects: 1.352800 ms)

Prepare: number of updated asset objects reloaded= 0
========================================================================
Received Prepare
Refreshing native plugins compatible for Editor in 24.28 ms, found 6 plugins.
Preloading 0 native plugins for Editor in 0.00 ms.
Unloading 4 Unused Serialized files (Serialized files now loaded: 0)
Unloading 3638 unused Assets / (1.0 MB). Loaded Objects now: 4152.
Memory consumption went from 88.4 MB to 87.4 MB.
Total: 14.642300 ms (FindLiveObjects: 0.579400 ms CreateObjectMapping: 0.656000 ms MarkObjects: 12.022300 ms  DeleteObjects: 1.381600 ms)

Prepare: number of updated asset objects reloaded= 0
========================================================================
Received Prepare
Refreshing native plugins compatible for Editor in 33.74 ms, found 6 plugins.
Preloading 0 native plugins for Editor in 0.00 ms.
Unloading 4 Unused Serialized files (Serialized files now loaded: 0)
Unloading 3638 unused Assets / (1.1 MB). Loaded Objects now: 4152.
Memory consumption went from 88.4 MB to 87.3 MB.
Total: 15.379300 ms (FindLiveObjects: 0.526000 ms CreateObjectMapping: 0.275500 ms MarkObjects: 13.078300 ms  DeleteObjects: 1.497900 ms)

Prepare: number of updated asset objects reloaded= 0
========================================================================
Received Prepare
Refreshing native plugins compatible for Editor in 23.14 ms, found 6 plugins.
Preloading 0 native plugins for Editor in 0.00 ms.
Unloading 4 Unused Serialized files (Serialized files now loaded: 0)
Unloading 3638 unused Assets / (1.4 MB). Loaded Objects now: 4152.
Memory consumption went from 88.4 MB to 87.0 MB.
Total: 16.895600 ms (FindLiveObjects: 0.830000 ms CreateObjectMapping: 0.383900 ms MarkObjects: 14.107800 ms  DeleteObjects: 1.571900 ms)

Prepare: number of updated asset objects reloaded= 0
========================================================================
Received Prepare
Refreshing native plugins compatible for Editor in 26.90 ms, found 6 plugins.
Preloading 0 native plugins for Editor in 0.00 ms.
Unloading 4 Unused Serialized files (Serialized files now loaded: 0)
Unloading 3638 unused Assets / (1.2 MB). Loaded Objects now: 4152.
Memory consumption went from 88.4 MB to 87.2 MB.
Total: 16.925000 ms (FindLiveObjects: 0.383200 ms CreateObjectMapping: 0.264000 ms MarkObjects: 15.034300 ms  DeleteObjects: 1.241800 ms)

Prepare: number of updated asset objects reloaded= 0
========================================================================
Received Prepare
Refreshing native plugins compatible for Editor in 31.27 ms, found 6 plugins.
Preloading 0 native plugins for Editor in 0.00 ms.
Unloading 4 Unused Serialized files (Serialized files now loaded: 0)
Unloading 3638 unused Assets / (1.3 MB). Loaded Objects now: 4152.
Memory consumption went from 88.4 MB to 87.1 MB.
Total: 14.442200 ms (FindLiveObjects: 0.758400 ms CreateObjectMapping: 0.420900 ms MarkObjects: 11.925600 ms  DeleteObjects: 1.335100 ms)

Prepare: number of updated asset objects reloaded= 0
========================================================================
Received Prepare
Refreshing native plugins compatible for Editor in 32.12 ms, found 6 plugins.
Preloading 0 native plugins for Editor in 0.00 ms.
Unloading 4 Unused Serialized files (Serialized files now loaded: 0)
Unloading 3638 unused Assets / (1.3 MB). Loaded Objects now: 4152.
Memory consumption went from 88.4 MB to 87.1 MB.
Total: 13.821600 ms (FindLiveObjects: 0.702200 ms CreateObjectMapping: 0.457200 ms MarkObjects: 11.256000 ms  DeleteObjects: 1.404300 ms)

Prepare: number of updated asset objects reloaded= 0
========================================================================
Received Prepare
Refreshing native plugins compatible for Editor in 27.17 ms, found 6 plugins.
Preloading 0 native plugins for Editor in 0.00 ms.
Unloading 4 Unused Serialized files (Serialized files now loaded: 0)
Unloading 3638 unused Assets / (1.1 MB). Loaded Objects now: 4152.
Memory consumption went from 88.4 MB to 87.3 MB.
Total: 19.961000 ms (FindLiveObjects: 0.444100 ms CreateObjectMapping: 0.467700 ms MarkObjects: 17.559800 ms  DeleteObjects: 1.487300 ms)

Prepare: number of updated asset objects reloaded= 0
========================================================================
Received Prepare
Refreshing native plugins compatible for Editor in 28.11 ms, found 6 plugins.
Preloading 0 native plugins for Editor in 0.00 ms.
Unloading 4 Unused Serialized files (Serialized files now loaded: 0)
Unloading 3638 unused Assets / (1.1 MB). Loaded Objects now: 4152.
Memory consumption went from 88.4 MB to 87.3 MB.
Total: 18.091500 ms (FindLiveObjects: 0.701800 ms CreateObjectMapping: 0.584600 ms MarkObjects: 15.310700 ms  DeleteObjects: 1.492600 ms)

Prepare: number of updated asset objects reloaded= 0
========================================================================
Received Prepare
Refreshing native plugins compatible for Editor in 30.87 ms, found 6 plugins.
Preloading 0 native plugins for Editor in 0.00 ms.
Unloading 4 Unused Serialized files (Serialized files now loaded: 0)
Unloading 3638 unused Assets / (1.4 MB). Loaded Objects now: 4152.
Memory consumption went from 88.4 MB to 87.0 MB.
Total: 24.718700 ms (FindLiveObjects: 0.561500 ms CreateObjectMapping: 0.599700 ms MarkObjects: 20.385000 ms  DeleteObjects: 3.170100 ms)

Prepare: number of updated asset objects reloaded= 0
========================================================================
Received Prepare
Refreshing native plugins compatible for Editor in 37.18 ms, found 6 plugins.
Preloading 0 native plugins for Editor in 0.00 ms.
Unloading 4 Unused Serialized files (Serialized files now loaded: 0)
Unloading 3638 unused Assets / (1.3 MB). Loaded Objects now: 4152.
Memory consumption went from 88.4 MB to 87.1 MB.
Total: 18.184900 ms (FindLiveObjects: 0.469400 ms CreateObjectMapping: 0.461500 ms MarkObjects: 15.887800 ms  DeleteObjects: 1.363400 ms)

Prepare: number of updated asset objects reloaded= 0
========================================================================
Received Prepare
Begin MonoManager ReloadAssembly
[Licensing::Client] Successfully resolved entitlement details
[Licensing::Module] License group:
  Id: F4-6VBU-GQ76-3YAQ-GU2D-XXXX
  Product: Unity Personal
  Type: ULF
  Expiration: Unlimited
[Licensing::Module] License group:
  Id: 3440655-UnityPersXXXX
  Product: Unity Personal
  Type: Assigned
  Expiration: Unlimited
Assembly 'Assets/PlayServicesResolver/Editor/Google.JarResolver_v1.2.59.0.dll' will not be loaded due to errors:
Assembly name 'Google.JarResolver' does not match file name 'Google.JarResolver_v1.2.59.0'
Assembly 'Assets/PlayServicesResolver/Editor/Google.IOSResolver_v1.2.59.0.dll' will not be loaded due to errors:
Unable to resolve reference 'UnityEditor.iOS.Extensions.Xcode'. Is the assembly missing or incompatible with the current platform?
Reference validation can be disabled in the Plugin Inspector.
Assembly name 'Google.IOSResolver' does not match file name 'Google.IOSResolver_v1.2.59.0'
Assembly 'Assets/PlayServicesResolver/Editor/Google.VersionHandlerImpl_v1.2.59.0.dll' will not be loaded due to errors:
Assembly name 'Google.VersionHandlerImpl' does not match file name 'Google.VersionHandlerImpl_v1.2.59.0'
- Loaded All Assemblies, in  0.983 seconds
Refreshing native plugins compatible for Editor in 16.11 ms, found 6 plugins.
Native extension for Android target not found
Native extension for WindowsStandalone target not found
[Package Manager] Failed to launch server process. Reason: Unity was launched with the -noUpm command-line argument
[Package Manager] Unable to send message (not connected to server process).
[Package Manager] Cannot connect to Unity Package Manager local server
Non-secure network connections disabled in Player Settings
UnityEngine.Debug:ExtractStackTraceNoAlloc (byte*,int,string)
UnityEngine.StackTraceUtility:ExtractStackTrace ()
UnityEngine.Networking.UnityWebRequest:BeginWebRequest ()
UnityEngine.Networking.UnityWebRequest:SendWebRequest ()
UnityEngine.WWW:.ctor (string)
JMOAssets.JMOAssets_Menu:StartDownload ()
JMOAssets.JMOAssets_Menu:CheckStartupUpdate ()
JMOAssets.JMOAssets_Menu:.cctor ()
System.Runtime.CompilerServices.RuntimeHelpers:RunClassConstructor (System.RuntimeTypeHandle)
UnityEditor.EditorAssemblies:ProcessInitializeOnLoadAttributes (System.Type[])

[C:\build\output\unity\unity\Modules\UnityWebRequest\Public\Prototypes\UnityWebRequestProto.h line 519]

System.InvalidOperationException: Insecure connection not allowed
  at (wrapper managed-to-native) UnityEngine.Networking.UnityWebRequest.BeginWebRequest_Injected(intptr)
  at UnityEngine.Networking.UnityWebRequest.BeginWebRequest () [0x0000f] in <a5693f6f1faf4f39a6c9cefc1a5b2555>:0 
  at UnityEngine.Networking.UnityWebRequest.SendWebRequest () [0x00001] in <a5693f6f1faf4f39a6c9cefc1a5b2555>:0 
  at UnityEngine.WWW..ctor (System.String url) [0x00014] in <37916183dd3c4f44ab9cf13ab9ae239c>:0 
  at JMOAssets.JMOAssets_Menu.StartDownload () [0x00013] in <a7aa7c6095e5420583c7f523f7294ab4>:0 
  at JMOAssets.JMOAssets_Menu.CheckStartupUpdate () [0x00001] in <a7aa7c6095e5420583c7f523f7294ab4>:0 
  at JMOAssets.JMOAssets_Menu..cctor () [0x000a1] in <a7aa7c6095e5420583c7f523f7294ab4>:0 
UnityEngine.Debug:ExtractStackTraceNoAlloc (byte*,int,string)
UnityEngine.StackTraceUtility:ExtractStackTrace ()
UnityEngine.DebugLogHandler:Internal_Log (UnityEngine.LogType,UnityEngine.LogOption,string,UnityEngine.Object)
UnityEngine.DebugLogHandler:LogFormat (UnityEngine.LogType,UnityEngine.Object,string,object[])
UnityEngine.Logger:Log (UnityEngine.LogType,object)
UnityEngine.Debug:LogError (object)
UnityEditor.EditorAssemblies:ProcessInitializeOnLoadAttributes (System.Type[])

Mono: successfully reloaded assembly
- Finished resetting the current domain, in  1.165 seconds
Domain Reload Profiling: 2145ms
	BeginReloadAssembly (273ms)
		ExecutionOrderSort (0ms)
		DisableScriptedObjects (8ms)
		BackupInstance (0ms)
		ReleaseScriptingObjects (0ms)
		CreateAndSetChildDomain (59ms)
	RebuildCommonClasses (50ms)
	RebuildNativeTypeToScriptingClass (18ms)
	initialDomainReloadingComplete (45ms)
	LoadAllAssembliesAndSetupDomain (594ms)
		LoadAssemblies (566ms)
		RebuildTransferFunctionScriptingTraits (0ms)
		AnalyzeDomain (172ms)
			TypeCache.Refresh (9ms)
				TypeCache.ScanAssembly (0ms)
			BuildScriptInfoCaches (154ms)
			ResolveRequiredComponents (4ms)
	FinalizeReload (1166ms)
		ReleaseScriptCaches (0ms)
		RebuildScriptCaches (0ms)
		SetupLoadedEditorAssemblies (991ms)
			LogAssemblyErrors (0ms)
			InitializePlatformSupportModulesInManaged (14ms)
			SetLoadedEditorAssemblies (8ms)
			BeforeProcessingInitializeOnLoad (167ms)
			ProcessInitializeOnLoadAttributes (566ms)
			ProcessInitializeOnLoadMethodAttributes (229ms)
			AfterProcessingInitializeOnLoad (6ms)
			EditorAssembliesLoaded (0ms)
		ExecutionOrderSort2 (0ms)
		AwakeInstancesAfterBackupRestoration (9ms)
Refreshing native plugins compatible for Editor in 15.86 ms, found 6 plugins.
Preloading 0 native plugins for Editor in 0.00 ms.
Unloading 4 Unused Serialized files (Serialized files now loaded: 0)
Unloading 3740 unused Assets / (1.4 MB). Loaded Objects now: 4154.
Memory consumption went from 88.8 MB to 87.5 MB.
Total: 13.988100 ms (FindLiveObjects: 0.791200 ms CreateObjectMapping: 0.321500 ms MarkObjects: 11.413900 ms  DeleteObjects: 1.459800 ms)

Prepare: number of updated asset objects reloaded= 0
========================================================================
Received Prepare
Refreshing native plugins compatible for Editor in 41.04 ms, found 6 plugins.
Preloading 0 native plugins for Editor in 0.00 ms.
Unloading 4 Unused Serialized files (Serialized files now loaded: 0)
Unloading 3638 unused Assets / (1.2 MB). Loaded Objects now: 4154.
Memory consumption went from 88.4 MB to 87.2 MB.
Total: 20.652500 ms (FindLiveObjects: 0.984800 ms CreateObjectMapping: 0.971600 ms MarkObjects: 17.228100 ms  DeleteObjects: 1.465900 ms)

Prepare: number of updated asset objects reloaded= 0
========================================================================
Received Prepare
Refreshing native plugins compatible for Editor in 27.90 ms, found 6 plugins.
Preloading 0 native plugins for Editor in 0.00 ms.
Unloading 4 Unused Serialized files (Serialized files now loaded: 0)
Unloading 3638 unused Assets / (1.4 MB). Loaded Objects now: 4154.
Memory consumption went from 88.4 MB to 87.1 MB.
Total: 19.371100 ms (FindLiveObjects: 0.659900 ms CreateObjectMapping: 0.601400 ms MarkObjects: 16.633200 ms  DeleteObjects: 1.474700 ms)

Prepare: number of updated asset objects reloaded= 0
========================================================================
Received Prepare
Refreshing native plugins compatible for Editor in 26.80 ms, found 6 plugins.
Preloading 0 native plugins for Editor in 0.00 ms.
Unloading 4 Unused Serialized files (Serialized files now loaded: 0)
Unloading 3638 unused Assets / (1.1 MB). Loaded Objects now: 4154.
Memory consumption went from 88.4 MB to 87.3 MB.
Total: 13.908400 ms (FindLiveObjects: 0.663900 ms CreateObjectMapping: 0.323700 ms MarkObjects: 11.498700 ms  DeleteObjects: 1.419900 ms)

Prepare: number of updated asset objects reloaded= 0
========================================================================
Received Prepare
Refreshing native plugins compatible for Editor in 25.61 ms, found 6 plugins.
Preloading 0 native plugins for Editor in 0.00 ms.
Unloading 4 Unused Serialized files (Serialized files now loaded: 0)
Unloading 3638 unused Assets / (1.7 MB). Loaded Objects now: 4154.
Memory consumption went from 88.4 MB to 86.7 MB.
Total: 18.798300 ms (FindLiveObjects: 0.662900 ms CreateObjectMapping: 0.325500 ms MarkObjects: 15.529900 ms  DeleteObjects: 2.277700 ms)

Prepare: number of updated asset objects reloaded= 0
========================================================================
Received Prepare
Refreshing native plugins compatible for Editor in 30.60 ms, found 6 plugins.
Preloading 0 native plugins for Editor in 0.00 ms.
Unloading 4 Unused Serialized files (Serialized files now loaded: 0)
Unloading 3638 unused Assets / (1.3 MB). Loaded Objects now: 4154.
Memory consumption went from 88.4 MB to 87.2 MB.
Total: 13.352900 ms (FindLiveObjects: 0.434600 ms CreateObjectMapping: 0.295600 ms MarkObjects: 11.341100 ms  DeleteObjects: 1.280000 ms)

Prepare: number of updated asset objects reloaded= 0
========================================================================
Received Prepare
Refreshing native plugins compatible for Editor in 25.15 ms, found 6 plugins.
Preloading 0 native plugins for Editor in 0.00 ms.
Unloading 4 Unused Serialized files (Serialized files now loaded: 0)
Unloading 3638 unused Assets / (1.2 MB). Loaded Objects now: 4154.
Memory consumption went from 88.4 MB to 87.2 MB.
Total: 13.895900 ms (FindLiveObjects: 0.605200 ms CreateObjectMapping: 0.543200 ms MarkObjects: 11.381400 ms  DeleteObjects: 1.364000 ms)

Prepare: number of updated asset objects reloaded= 0
========================================================================
Received Prepare
Refreshing native plugins compatible for Editor in 28.31 ms, found 6 plugins.
Preloading 0 native plugins for Editor in 0.00 ms.
Unloading 4 Unused Serialized files (Serialized files now loaded: 0)
Unloading 3638 unused Assets / (1.6 MB). Loaded Objects now: 4154.
Memory consumption went from 88.4 MB to 86.8 MB.
Total: 19.216900 ms (FindLiveObjects: 0.868000 ms CreateObjectMapping: 0.734000 ms MarkObjects: 15.312700 ms  DeleteObjects: 2.299600 ms)

Prepare: number of updated asset objects reloaded= 0
========================================================================
Received Prepare
Refreshing native plugins compatible for Editor in 30.84 ms, found 6 plugins.
Preloading 0 native plugins for Editor in 0.00 ms.
Unloading 4 Unused Serialized files (Serialized files now loaded: 0)
Unloading 3638 unused Assets / (1.5 MB). Loaded Objects now: 4154.
Memory consumption went from 88.4 MB to 86.9 MB.
Total: 21.101400 ms (FindLiveObjects: 0.509300 ms CreateObjectMapping: 0.540700 ms MarkObjects: 18.102700 ms  DeleteObjects: 1.946400 ms)

Prepare: number of updated asset objects reloaded= 0
========================================================================
Received Prepare
Refreshing native plugins compatible for Editor in 24.38 ms, found 6 plugins.
Preloading 0 native plugins for Editor in 0.00 ms.
Unloading 4 Unused Serialized files (Serialized files now loaded: 0)
Unloading 3638 unused Assets / (1.2 MB). Loaded Objects now: 4154.
Memory consumption went from 88.4 MB to 87.2 MB.
Total: 12.998300 ms (FindLiveObjects: 0.429100 ms CreateObjectMapping: 0.292900 ms MarkObjects: 10.899400 ms  DeleteObjects: 1.375600 ms)

Prepare: number of updated asset objects reloaded= 0
========================================================================
Received Prepare
Refreshing native plugins compatible for Editor in 30.84 ms, found 6 plugins.
Preloading 0 native plugins for Editor in 0.00 ms.
Unloading 4 Unused Serialized files (Serialized files now loaded: 0)
Unloading 3638 unused Assets / (1.2 MB). Loaded Objects now: 4154.
Memory consumption went from 88.4 MB to 87.2 MB.
Total: 12.952800 ms (FindLiveObjects: 0.392900 ms CreateObjectMapping: 0.316900 ms MarkObjects: 11.015200 ms  DeleteObjects: 1.226400 ms)

Prepare: number of updated asset objects reloaded= 0
========================================================================
Received Prepare
Refreshing native plugins compatible for Editor in 26.87 ms, found 6 plugins.
Preloading 0 native plugins for Editor in 0.00 ms.
Unloading 4 Unused Serialized files (Serialized files now loaded: 0)
Unloading 3638 unused Assets / (1.1 MB). Loaded Objects now: 4154.
Memory consumption went from 88.4 MB to 87.3 MB.
Total: 16.714300 ms (FindLiveObjects: 0.601500 ms CreateObjectMapping: 0.493300 ms MarkObjects: 14.110500 ms  DeleteObjects: 1.506200 ms)

Prepare: number of updated asset objects reloaded= 0
========================================================================
Received Prepare
Refreshing native plugins compatible for Editor in 23.99 ms, found 6 plugins.
Preloading 0 native plugins for Editor in 0.00 ms.
Unloading 4 Unused Serialized files (Serialized files now loaded: 0)
Unloading 3638 unused Assets / (1.3 MB). Loaded Objects now: 4154.
Memory consumption went from 88.4 MB to 87.1 MB.
Total: 17.303900 ms (FindLiveObjects: 0.620100 ms CreateObjectMapping: 0.496600 ms MarkObjects: 14.882900 ms  DeleteObjects: 1.302600 ms)

Prepare: number of updated asset objects reloaded= 0
========================================================================
Received Prepare
Refreshing native plugins compatible for Editor in 47.54 ms, found 6 plugins.
Preloading 0 native plugins for Editor in 0.00 ms.
Unloading 4 Unused Serialized files (Serialized files now loaded: 0)
Unloading 3638 unused Assets / (1.3 MB). Loaded Objects now: 4154.
Memory consumption went from 88.4 MB to 87.1 MB.
Total: 28.987000 ms (FindLiveObjects: 0.698600 ms CreateObjectMapping: 0.666300 ms MarkObjects: 24.929400 ms  DeleteObjects: 2.688900 ms)

Prepare: number of updated asset objects reloaded= 0
========================================================================
Received Prepare
Refreshing native plugins compatible for Editor in 48.92 ms, found 6 plugins.
Preloading 0 native plugins for Editor in 0.00 ms.
Unloading 4 Unused Serialized files (Serialized files now loaded: 0)
Unloading 3638 unused Assets / (1.4 MB). Loaded Objects now: 4154.
Memory consumption went from 88.4 MB to 87.0 MB.
Total: 30.298500 ms (FindLiveObjects: 0.664500 ms CreateObjectMapping: 0.710200 ms MarkObjects: 26.351700 ms  DeleteObjects: 2.569700 ms)

Prepare: number of updated asset objects reloaded= 0
========================================================================
Received Prepare
Refreshing native plugins compatible for Editor in 49.24 ms, found 6 plugins.
Preloading 0 native plugins for Editor in 0.00 ms.
Unloading 4 Unused Serialized files (Serialized files now loaded: 0)
Unloading 3638 unused Assets / (1.5 MB). Loaded Objects now: 4154.
Memory consumption went from 88.4 MB to 86.9 MB.
Total: 29.726700 ms (FindLiveObjects: 0.675600 ms CreateObjectMapping: 0.995100 ms MarkObjects: 25.231400 ms  DeleteObjects: 2.821100 ms)

Prepare: number of updated asset objects reloaded= 0
========================================================================
Received Prepare
Refreshing native plugins compatible for Editor in 67.07 ms, found 6 plugins.
Preloading 0 native plugins for Editor in 0.00 ms.
Unloading 4 Unused Serialized files (Serialized files now loaded: 0)
Unloading 3638 unused Assets / (1.5 MB). Loaded Objects now: 4154.
Memory consumption went from 88.4 MB to 87.0 MB.
Total: 30.801800 ms (FindLiveObjects: 1.376900 ms CreateObjectMapping: 0.844900 ms MarkObjects: 25.655100 ms  DeleteObjects: 2.921400 ms)

Prepare: number of updated asset objects reloaded= 0
========================================================================
Received Prepare
Refreshing native plugins compatible for Editor in 49.29 ms, found 6 plugins.
Preloading 0 native plugins for Editor in 0.00 ms.
Unloading 4 Unused Serialized files (Serialized files now loaded: 0)
Unloading 3638 unused Assets / (1.5 MB). Loaded Objects now: 4154.
Memory consumption went from 88.4 MB to 87.0 MB.
Total: 31.045300 ms (FindLiveObjects: 0.582400 ms CreateObjectMapping: 0.659800 ms MarkObjects: 27.234600 ms  DeleteObjects: 2.565400 ms)

Prepare: number of updated asset objects reloaded= 0
========================================================================
Received Prepare
Refreshing native plugins compatible for Editor in 46.96 ms, found 6 plugins.
Preloading 0 native plugins for Editor in 0.00 ms.
Unloading 4 Unused Serialized files (Serialized files now loaded: 0)
Unloading 3638 unused Assets / (1.5 MB). Loaded Objects now: 4154.
Memory consumption went from 88.4 MB to 87.0 MB.
Total: 29.838700 ms (FindLiveObjects: 0.675600 ms CreateObjectMapping: 0.620500 ms MarkObjects: 25.923900 ms  DeleteObjects: 2.615700 ms)

Prepare: number of updated asset objects reloaded= 0
========================================================================
Received Prepare
Refreshing native plugins compatible for Editor in 53.16 ms, found 6 plugins.
Preloading 0 native plugins for Editor in 0.00 ms.
Unloading 4 Unused Serialized files (Serialized files now loaded: 0)
Unloading 3638 unused Assets / (1.5 MB). Loaded Objects now: 4154.
Memory consumption went from 88.4 MB to 86.9 MB.
Total: 27.630000 ms (FindLiveObjects: 0.742700 ms CreateObjectMapping: 0.721000 ms MarkObjects: 23.816200 ms  DeleteObjects: 2.347700 ms)

Prepare: number of updated asset objects reloaded= 0
========================================================================
Received Prepare
Refreshing native plugins compatible for Editor in 55.56 ms, found 6 plugins.
Preloading 0 native plugins for Editor in 0.00 ms.
Unloading 4 Unused Serialized files (Serialized files now loaded: 0)
Unloading 3638 unused Assets / (1.4 MB). Loaded Objects now: 4154.
Memory consumption went from 88.4 MB to 87.1 MB.
Total: 31.715800 ms (FindLiveObjects: 1.043100 ms CreateObjectMapping: 0.843300 ms MarkObjects: 26.851100 ms  DeleteObjects: 2.974600 ms)

Prepare: number of updated asset objects reloaded= 0
========================================================================
Received Prepare
Refreshing native plugins compatible for Editor in 53.53 ms, found 6 plugins.
Preloading 0 native plugins for Editor in 0.00 ms.
Unloading 4 Unused Serialized files (Serialized files now loaded: 0)
Unloading 3638 unused Assets / (1.5 MB). Loaded Objects now: 4154.
Memory consumption went from 88.4 MB to 86.9 MB.
Total: 32.919500 ms (FindLiveObjects: 0.651600 ms CreateObjectMapping: 0.558800 ms MarkObjects: 28.363700 ms  DeleteObjects: 3.342400 ms)

Prepare: number of updated asset objects reloaded= 0
========================================================================
Received Prepare
Refreshing native plugins compatible for Editor in 48.42 ms, found 6 plugins.
Preloading 0 native plugins for Editor in 0.00 ms.
Unloading 4 Unused Serialized files (Serialized files now loaded: 0)
Unloading 3638 unused Assets / (1.3 MB). Loaded Objects now: 4154.
Memory consumption went from 88.5 MB to 87.1 MB.
Total: 30.118500 ms (FindLiveObjects: 0.659900 ms CreateObjectMapping: 0.702700 ms MarkObjects: 25.947100 ms  DeleteObjects: 2.805900 ms)

Prepare: number of updated asset objects reloaded= 0
========================================================================
Received Prepare
Refreshing native plugins compatible for Editor in 47.82 ms, found 6 plugins.
Preloading 0 native plugins for Editor in 0.00 ms.
Unloading 4 Unused Serialized files (Serialized files now loaded: 0)
Unloading 3638 unused Assets / (1.4 MB). Loaded Objects now: 4154.
Memory consumption went from 88.4 MB to 87.0 MB.
Total: 30.256000 ms (FindLiveObjects: 0.709800 ms CreateObjectMapping: 0.701600 ms MarkObjects: 25.915600 ms  DeleteObjects: 2.924900 ms)

Prepare: number of updated asset objects reloaded= 0
========================================================================
Received Prepare
Refreshing native plugins compatible for Editor in 59.20 ms, found 6 plugins.
Preloading 0 native plugins for Editor in 0.00 ms.
Unloading 4 Unused Serialized files (Serialized files now loaded: 0)
Unloading 3638 unused Assets / (1.5 MB). Loaded Objects now: 4154.
Memory consumption went from 88.4 MB to 87.0 MB.
Total: 22.621400 ms (FindLiveObjects: 0.869800 ms CreateObjectMapping: 0.505800 ms MarkObjects: 18.584400 ms  DeleteObjects: 2.657800 ms)

Prepare: number of updated asset objects reloaded= 0
========================================================================
Received Prepare
Refreshing native plugins compatible for Editor in 52.62 ms, found 6 plugins.
Preloading 0 native plugins for Editor in 0.00 ms.
Unloading 4 Unused Serialized files (Serialized files now loaded: 0)
Unloading 3638 unused Assets / (1.4 MB). Loaded Objects now: 4154.
Memory consumption went from 88.5 MB to 87.0 MB.
Total: 31.891600 ms (FindLiveObjects: 0.955300 ms CreateObjectMapping: 0.669300 ms MarkObjects: 27.142200 ms  DeleteObjects: 3.122000 ms)

Prepare: number of updated asset objects reloaded= 0
========================================================================
Received Prepare
Refreshing native plugins compatible for Editor in 42.62 ms, found 6 plugins.
Preloading 0 native plugins for Editor in 0.00 ms.
Unloading 4 Unused Serialized files (Serialized files now loaded: 0)
Unloading 3638 unused Assets / (1.5 MB). Loaded Objects now: 4154.
Memory consumption went from 88.4 MB to 86.9 MB.
Total: 22.394300 ms (FindLiveObjects: 0.484200 ms CreateObjectMapping: 0.414300 ms MarkObjects: 18.186200 ms  DeleteObjects: 3.307200 ms)

Prepare: number of updated asset objects reloaded= 0
========================================================================
Received Prepare
Refreshing native plugins compatible for Editor in 45.79 ms, found 6 plugins.
Preloading 0 native plugins for Editor in 0.00 ms.
Unloading 4 Unused Serialized files (Serialized files now loaded: 0)
Unloading 3638 unused Assets / (1.4 MB). Loaded Objects now: 4154.
Memory consumption went from 88.4 MB to 87.0 MB.
Total: 30.659600 ms (FindLiveObjects: 0.860100 ms CreateObjectMapping: 0.540200 ms MarkObjects: 26.986700 ms  DeleteObjects: 2.269700 ms)

Prepare: number of updated asset objects reloaded= 0
========================================================================
Received Prepare
Refreshing native plugins compatible for Editor in 43.93 ms, found 6 plugins.
Preloading 0 native plugins for Editor in 0.00 ms.
Unloading 4 Unused Serialized files (Serialized files now loaded: 0)
Unloading 3638 unused Assets / (1.9 MB). Loaded Objects now: 4154.
Memory consumption went from 88.4 MB to 86.5 MB.
Total: 50.364400 ms (FindLiveObjects: 1.530800 ms CreateObjectMapping: 1.092200 ms MarkObjects: 35.517400 ms  DeleteObjects: 12.221100 ms)

Prepare: number of updated asset objects reloaded= 0
========================================================================
Received Prepare
Begin MonoManager ReloadAssembly
[Licensing::Client] Successfully resolved entitlement details
[Licensing::Module] License group:
  Id: F4-6VBU-GQ76-3YAQ-GU2D-XXXX
  Product: Unity Personal
  Type: ULF
  Expiration: Unlimited
[Licensing::Module] License group:
  Id: 3440655-UnityPersXXXX
  Product: Unity Personal
  Type: Assigned
  Expiration: Unlimited
Assembly 'Assets/PlayServicesResolver/Editor/Google.JarResolver_v1.2.59.0.dll' will not be loaded due to errors:
Assembly name 'Google.JarResolver' does not match file name 'Google.JarResolver_v1.2.59.0'
Assembly 'Assets/PlayServicesResolver/Editor/Google.IOSResolver_v1.2.59.0.dll' will not be loaded due to errors:
Unable to resolve reference 'UnityEditor.iOS.Extensions.Xcode'. Is the assembly missing or incompatible with the current platform?
Reference validation can be disabled in the Plugin Inspector.
Assembly name 'Google.IOSResolver' does not match file name 'Google.IOSResolver_v1.2.59.0'
Assembly 'Assets/PlayServicesResolver/Editor/Google.VersionHandlerImpl_v1.2.59.0.dll' will not be loaded due to errors:
Assembly name 'Google.VersionHandlerImpl' does not match file name 'Google.VersionHandlerImpl_v1.2.59.0'
- Loaded All Assemblies, in  0.995 seconds
Refreshing native plugins compatible for Editor in 18.53 ms, found 6 plugins.
Native extension for Android target not found
Native extension for WindowsStandalone target not found
[Package Manager] Failed to launch server process. Reason: Unity was launched with the -noUpm command-line argument
[Package Manager] Unable to send message (not connected to server process).
[Package Manager] Cannot connect to Unity Package Manager local server
Non-secure network connections disabled in Player Settings
UnityEngine.Debug:ExtractStackTraceNoAlloc (byte*,int,string)
UnityEngine.StackTraceUtility:ExtractStackTrace ()
UnityEngine.Networking.UnityWebRequest:BeginWebRequest ()
UnityEngine.Networking.UnityWebRequest:SendWebRequest ()
UnityEngine.WWW:.ctor (string)
JMOAssets.JMOAssets_Menu:StartDownload ()
JMOAssets.JMOAssets_Menu:CheckStartupUpdate ()
JMOAssets.JMOAssets_Menu:.cctor ()
System.Runtime.CompilerServices.RuntimeHelpers:RunClassConstructor (System.RuntimeTypeHandle)
UnityEditor.EditorAssemblies:ProcessInitializeOnLoadAttributes (System.Type[])

[C:\build\output\unity\unity\Modules\UnityWebRequest\Public\Prototypes\UnityWebRequestProto.h line 519]

System.InvalidOperationException: Insecure connection not allowed
  at (wrapper managed-to-native) UnityEngine.Networking.UnityWebRequest.BeginWebRequest_Injected(intptr)
  at UnityEngine.Networking.UnityWebRequest.BeginWebRequest () [0x0000f] in <a5693f6f1faf4f39a6c9cefc1a5b2555>:0 
  at UnityEngine.Networking.UnityWebRequest.SendWebRequest () [0x00001] in <a5693f6f1faf4f39a6c9cefc1a5b2555>:0 
  at UnityEngine.WWW..ctor (System.String url) [0x00014] in <37916183dd3c4f44ab9cf13ab9ae239c>:0 
  at JMOAssets.JMOAssets_Menu.StartDownload () [0x00013] in <a7aa7c6095e5420583c7f523f7294ab4>:0 
  at JMOAssets.JMOAssets_Menu.CheckStartupUpdate () [0x00001] in <a7aa7c6095e5420583c7f523f7294ab4>:0 
  at JMOAssets.JMOAssets_Menu..cctor () [0x000a1] in <a7aa7c6095e5420583c7f523f7294ab4>:0 
UnityEngine.Debug:ExtractStackTraceNoAlloc (byte*,int,string)
UnityEngine.StackTraceUtility:ExtractStackTrace ()
UnityEngine.DebugLogHandler:Internal_Log (UnityEngine.LogType,UnityEngine.LogOption,string,UnityEngine.Object)
UnityEngine.DebugLogHandler:LogFormat (UnityEngine.LogType,UnityEngine.Object,string,object[])
UnityEngine.Logger:Log (UnityEngine.LogType,object)
UnityEngine.Debug:LogError (object)
UnityEditor.EditorAssemblies:ProcessInitializeOnLoadAttributes (System.Type[])

Mono: successfully reloaded assembly
- Finished resetting the current domain, in  1.137 seconds
Domain Reload Profiling: 2130ms
	BeginReloadAssembly (258ms)
		ExecutionOrderSort (0ms)
		DisableScriptedObjects (9ms)
		BackupInstance (0ms)
		ReleaseScriptingObjects (0ms)
		CreateAndSetChildDomain (56ms)
	RebuildCommonClasses (53ms)
	RebuildNativeTypeToScriptingClass (19ms)
	initialDomainReloadingComplete (46ms)
	LoadAllAssembliesAndSetupDomain (616ms)
		LoadAssemblies (562ms)
		RebuildTransferFunctionScriptingTraits (0ms)
		AnalyzeDomain (182ms)
			TypeCache.Refresh (10ms)
				TypeCache.ScanAssembly (0ms)
			BuildScriptInfoCaches (161ms)
			ResolveRequiredComponents (6ms)
	FinalizeReload (1138ms)
		ReleaseScriptCaches (0ms)
		RebuildScriptCaches (0ms)
		SetupLoadedEditorAssemblies (963ms)
			LogAssemblyErrors (0ms)
			InitializePlatformSupportModulesInManaged (13ms)
			SetLoadedEditorAssemblies (7ms)
			BeforeProcessingInitializeOnLoad (160ms)
			ProcessInitializeOnLoadAttributes (548ms)
			ProcessInitializeOnLoadMethodAttributes (227ms)
			AfterProcessingInitializeOnLoad (7ms)
			EditorAssembliesLoaded (0ms)
		ExecutionOrderSort2 (0ms)
		AwakeInstancesAfterBackupRestoration (11ms)
Refreshing native plugins compatible for Editor in 30.88 ms, found 6 plugins.
Preloading 0 native plugins for Editor in 0.00 ms.
Unloading 4 Unused Serialized files (Serialized files now loaded: 0)
Unloading 3740 unused Assets / (1.3 MB). Loaded Objects now: 4156.
Memory consumption went from 88.9 MB to 87.5 MB.
Total: 14.643900 ms (FindLiveObjects: 0.601600 ms CreateObjectMapping: 0.310100 ms MarkObjects: 12.300700 ms  DeleteObjects: 1.429300 ms)

Prepare: number of updated asset objects reloaded= 0
========================================================================
Received Import Request.
  Time since last request: 212.847513 seconds.
  path: Assets/Scenes/SC_TestOrbital_3.unity
  artifactKey: Guid(a8678baa001bfba41bbecdebbac344d1) Importer(2089858483,192608db42251d675da83286b1cce702)
Start importing Assets/Scenes/SC_TestOrbital_3.unity using Guid(a8678baa001bfba41bbecdebbac344d1) Importer(2089858483,192608db42251d675da83286b1cce702) (ScriptedImporter) -> (artifact id: '6850c0c252de79945a2c375c49a3e75f') in 0.3773091 seconds
Number of updated asset objects reloaded before import = 0Number of asset objects unloaded after import = 1

========================================================================
Received Prepare
Refreshing native plugins compatible for Editor in 29.22 ms, found 6 plugins.
Preloading 0 native plugins for Editor in 0.00 ms.
Unloading 4 Unused Serialized files (Serialized files now loaded: 0)
Unloading 3638 unused Assets / (1.5 MB). Loaded Objects now: 4156.
Memory consumption went from 88.4 MB to 87.0 MB.
Total: 15.979700 ms (FindLiveObjects: 0.431200 ms CreateObjectMapping: 0.347700 ms MarkObjects: 13.192600 ms  DeleteObjects: 2.005400 ms)

Prepare: number of updated asset objects reloaded= 0
========================================================================
Received Prepare
Refreshing native plugins compatible for Editor in 23.97 ms, found 6 plugins.
Preloading 0 native plugins for Editor in 0.00 ms.
Unloading 4 Unused Serialized files (Serialized files now loaded: 0)
Unloading 3638 unused Assets / (1.2 MB). Loaded Objects now: 4156.
Memory consumption went from 88.5 MB to 87.3 MB.
Total: 20.277300 ms (FindLiveObjects: 0.571000 ms CreateObjectMapping: 0.633900 ms MarkObjects: 17.085800 ms  DeleteObjects: 1.982600 ms)

Prepare: number of updated asset objects reloaded= 0
========================================================================
Received Prepare
Refreshing native plugins compatible for Editor in 24.00 ms, found 6 plugins.
Preloading 0 native plugins for Editor in 0.00 ms.
Unloading 4 Unused Serialized files (Serialized files now loaded: 0)
Unloading 3638 unused Assets / (1.2 MB). Loaded Objects now: 4156.
Memory consumption went from 88.4 MB to 87.2 MB.
Total: 13.897300 ms (FindLiveObjects: 0.373300 ms CreateObjectMapping: 0.279000 ms MarkObjects: 11.452100 ms  DeleteObjects: 1.791000 ms)

Prepare: number of updated asset objects reloaded= 0
========================================================================
Received Prepare
Refreshing native plugins compatible for Editor in 20.43 ms, found 6 plugins.
Preloading 0 native plugins for Editor in 0.00 ms.
Unloading 4 Unused Serialized files (Serialized files now loaded: 0)
Unloading 3638 unused Assets / (1.3 MB). Loaded Objects now: 4156.
Memory consumption went from 88.4 MB to 87.2 MB.
Total: 13.088300 ms (FindLiveObjects: 0.395000 ms CreateObjectMapping: 0.279800 ms MarkObjects: 11.228300 ms  DeleteObjects: 1.183600 ms)

Prepare: number of updated asset objects reloaded= 0
========================================================================
Received Prepare
Refreshing native plugins compatible for Editor in 23.44 ms, found 6 plugins.
Preloading 0 native plugins for Editor in 0.00 ms.
Unloading 4 Unused Serialized files (Serialized files now loaded: 0)
Unloading 3638 unused Assets / (1.2 MB). Loaded Objects now: 4156.
Memory consumption went from 88.5 MB to 87.2 MB.
Total: 14.505900 ms (FindLiveObjects: 0.403000 ms CreateObjectMapping: 0.271600 ms MarkObjects: 12.552900 ms  DeleteObjects: 1.276800 ms)

Prepare: number of updated asset objects reloaded= 0
========================================================================
Received Prepare
Refreshing native plugins compatible for Editor in 23.78 ms, found 6 plugins.
Preloading 0 native plugins for Editor in 0.00 ms.
Unloading 4 Unused Serialized files (Serialized files now loaded: 0)
Unloading 3638 unused Assets / (1.2 MB). Loaded Objects now: 4156.
Memory consumption went from 88.4 MB to 87.2 MB.
Total: 12.696100 ms (FindLiveObjects: 0.360300 ms CreateObjectMapping: 0.272600 ms MarkObjects: 10.903900 ms  DeleteObjects: 1.157700 ms)

Prepare: number of updated asset objects reloaded= 0
========================================================================
Received Prepare
Refreshing native plugins compatible for Editor in 25.71 ms, found 6 plugins.
Preloading 0 native plugins for Editor in 0.00 ms.
Unloading 4 Unused Serialized files (Serialized files now loaded: 0)
Unloading 3638 unused Assets / (1.0 MB). Loaded Objects now: 4156.
Memory consumption went from 88.4 MB to 87.4 MB.
Total: 13.886800 ms (FindLiveObjects: 0.356200 ms CreateObjectMapping: 0.256300 ms MarkObjects: 12.027300 ms  DeleteObjects: 1.245600 ms)

Prepare: number of updated asset objects reloaded= 0
========================================================================
Received Prepare
Refreshing native plugins compatible for Editor in 25.51 ms, found 6 plugins.
Preloading 0 native plugins for Editor in 0.00 ms.
Unloading 4 Unused Serialized files (Serialized files now loaded: 0)
Unloading 3638 unused Assets / (1.2 MB). Loaded Objects now: 4156.
Memory consumption went from 88.4 MB to 87.2 MB.
Total: 15.647300 ms (FindLiveObjects: 0.502800 ms CreateObjectMapping: 0.474000 ms MarkObjects: 13.513700 ms  DeleteObjects: 1.155100 ms)

Prepare: number of updated asset objects reloaded= 0
========================================================================
Received Prepare
Refreshing native plugins compatible for Editor in 18.11 ms, found 6 plugins.
Preloading 0 native plugins for Editor in 0.00 ms.
Unloading 4 Unused Serialized files (Serialized files now loaded: 0)
Unloading 3638 unused Assets / (1.2 MB). Loaded Objects now: 4156.
Memory consumption went from 88.5 MB to 87.2 MB.
Total: 14.517900 ms (FindLiveObjects: 0.762200 ms CreateObjectMapping: 0.359600 ms MarkObjects: 12.118600 ms  DeleteObjects: 1.275800 ms)

Prepare: number of updated asset objects reloaded= 0
========================================================================
Received Prepare
Refreshing native plugins compatible for Editor in 25.59 ms, found 6 plugins.
Preloading 0 native plugins for Editor in 0.00 ms.
Unloading 4 Unused Serialized files (Serialized files now loaded: 0)
Unloading 3638 unused Assets / (1.6 MB). Loaded Objects now: 4156.
Memory consumption went from 88.5 MB to 86.8 MB.
Total: 17.877400 ms (FindLiveObjects: 0.668900 ms CreateObjectMapping: 0.331800 ms MarkObjects: 15.330900 ms  DeleteObjects: 1.543700 ms)

Prepare: number of updated asset objects reloaded= 0
========================================================================
Received Prepare
Refreshing native plugins compatible for Editor in 20.75 ms, found 6 plugins.
Preloading 0 native plugins for Editor in 0.00 ms.
Unloading 4 Unused Serialized files (Serialized files now loaded: 0)
Unloading 3638 unused Assets / (1.1 MB). Loaded Objects now: 4156.
Memory consumption went from 88.4 MB to 87.3 MB.
Total: 14.556800 ms (FindLiveObjects: 0.518000 ms CreateObjectMapping: 0.311200 ms MarkObjects: 12.498300 ms  DeleteObjects: 1.227300 ms)

Prepare: number of updated asset objects reloaded= 0
========================================================================
Received Prepare
Refreshing native plugins compatible for Editor in 30.00 ms, found 6 plugins.
Preloading 0 native plugins for Editor in 0.00 ms.
Unloading 4 Unused Serialized files (Serialized files now loaded: 0)
Unloading 3638 unused Assets / (1.2 MB). Loaded Objects now: 4156.
Memory consumption went from 88.5 MB to 87.3 MB.
Total: 16.781400 ms (FindLiveObjects: 0.522800 ms CreateObjectMapping: 0.450700 ms MarkObjects: 14.540900 ms  DeleteObjects: 1.264700 ms)

Prepare: number of updated asset objects reloaded= 0
========================================================================
Received Prepare
Refreshing native plugins compatible for Editor in 33.67 ms, found 6 plugins.
Preloading 0 native plugins for Editor in 0.00 ms.
Unloading 4 Unused Serialized files (Serialized files now loaded: 0)
Unloading 3638 unused Assets / (1.3 MB). Loaded Objects now: 4156.
Memory consumption went from 88.4 MB to 87.1 MB.
Total: 13.401300 ms (FindLiveObjects: 0.389200 ms CreateObjectMapping: 0.288300 ms MarkObjects: 11.371600 ms  DeleteObjects: 1.350100 ms)

Prepare: number of updated asset objects reloaded= 0
========================================================================
Received Prepare
Refreshing native plugins compatible for Editor in 25.16 ms, found 6 plugins.
Preloading 0 native plugins for Editor in 0.00 ms.
Unloading 4 Unused Serialized files (Serialized files now loaded: 0)
Unloading 3638 unused Assets / (1.5 MB). Loaded Objects now: 4156.
Memory consumption went from 88.5 MB to 86.9 MB.
Total: 19.621600 ms (FindLiveObjects: 0.712500 ms CreateObjectMapping: 0.369100 ms MarkObjects: 16.795900 ms  DeleteObjects: 1.742300 ms)

Prepare: number of updated asset objects reloaded= 0
========================================================================
Received Prepare
Begin MonoManager ReloadAssembly
[Licensing::Client] Successfully resolved entitlement details
[Licensing::Module] License group:
  Id: F4-6VBU-GQ76-3YAQ-GU2D-XXXX
  Product: Unity Personal
  Type: ULF
  Expiration: Unlimited
[Licensing::Module] License group:
  Id: 3440655-UnityPersXXXX
  Product: Unity Personal
  Type: Assigned
  Expiration: Unlimited
Assembly 'Assets/PlayServicesResolver/Editor/Google.JarResolver_v1.2.59.0.dll' will not be loaded due to errors:
Assembly name 'Google.JarResolver' does not match file name 'Google.JarResolver_v1.2.59.0'
Assembly 'Assets/PlayServicesResolver/Editor/Google.IOSResolver_v1.2.59.0.dll' will not be loaded due to errors:
Unable to resolve reference 'UnityEditor.iOS.Extensions.Xcode'. Is the assembly missing or incompatible with the current platform?
Reference validation can be disabled in the Plugin Inspector.
Assembly name 'Google.IOSResolver' does not match file name 'Google.IOSResolver_v1.2.59.0'
Assembly 'Assets/PlayServicesResolver/Editor/Google.VersionHandlerImpl_v1.2.59.0.dll' will not be loaded due to errors:
Assembly name 'Google.VersionHandlerImpl' does not match file name 'Google.VersionHandlerImpl_v1.2.59.0'
- Loaded All Assemblies, in  1.074 seconds
Refreshing native plugins compatible for Editor in 17.57 ms, found 6 plugins.
Native extension for Android target not found
Native extension for WindowsStandalone target not found
[Package Manager] Failed to launch server process. Reason: Unity was launched with the -noUpm command-line argument
[Package Manager] Unable to send message (not connected to server process).
[Package Manager] Cannot connect to Unity Package Manager local server
Non-secure network connections disabled in Player Settings
UnityEngine.Debug:ExtractStackTraceNoAlloc (byte*,int,string)
UnityEngine.StackTraceUtility:ExtractStackTrace ()
UnityEngine.Networking.UnityWebRequest:BeginWebRequest ()
UnityEngine.Networking.UnityWebRequest:SendWebRequest ()
UnityEngine.WWW:.ctor (string)
JMOAssets.JMOAssets_Menu:StartDownload ()
JMOAssets.JMOAssets_Menu:CheckStartupUpdate ()
JMOAssets.JMOAssets_Menu:.cctor ()
System.Runtime.CompilerServices.RuntimeHelpers:RunClassConstructor (System.RuntimeTypeHandle)
UnityEditor.EditorAssemblies:ProcessInitializeOnLoadAttributes (System.Type[])

[C:\build\output\unity\unity\Modules\UnityWebRequest\Public\Prototypes\UnityWebRequestProto.h line 519]

System.InvalidOperationException: Insecure connection not allowed
  at (wrapper managed-to-native) UnityEngine.Networking.UnityWebRequest.BeginWebRequest_Injected(intptr)
  at UnityEngine.Networking.UnityWebRequest.BeginWebRequest () [0x0000f] in <a5693f6f1faf4f39a6c9cefc1a5b2555>:0 
  at UnityEngine.Networking.UnityWebRequest.SendWebRequest () [0x00001] in <a5693f6f1faf4f39a6c9cefc1a5b2555>:0 
  at UnityEngine.WWW..ctor (System.String url) [0x00014] in <37916183dd3c4f44ab9cf13ab9ae239c>:0 
  at JMOAssets.JMOAssets_Menu.StartDownload () [0x00013] in <a7aa7c6095e5420583c7f523f7294ab4>:0 
  at JMOAssets.JMOAssets_Menu.CheckStartupUpdate () [0x00001] in <a7aa7c6095e5420583c7f523f7294ab4>:0 
  at JMOAssets.JMOAssets_Menu..cctor () [0x000a1] in <a7aa7c6095e5420583c7f523f7294ab4>:0 
UnityEngine.Debug:ExtractStackTraceNoAlloc (byte*,int,string)
UnityEngine.StackTraceUtility:ExtractStackTrace ()
UnityEngine.DebugLogHandler:Internal_Log (UnityEngine.LogType,UnityEngine.LogOption,string,UnityEngine.Object)
UnityEngine.DebugLogHandler:LogFormat (UnityEngine.LogType,UnityEngine.Object,string,object[])
UnityEngine.Logger:Log (UnityEngine.LogType,object)
UnityEngine.Debug:LogError (object)
UnityEditor.EditorAssemblies:ProcessInitializeOnLoadAttributes (System.Type[])

Mono: successfully reloaded assembly
- Finished resetting the current domain, in  1.234 seconds
Domain Reload Profiling: 2304ms
	BeginReloadAssembly (287ms)
		ExecutionOrderSort (0ms)
		DisableScriptedObjects (10ms)
		BackupInstance (0ms)
		ReleaseScriptingObjects (0ms)
		CreateAndSetChildDomain (61ms)
	RebuildCommonClasses (65ms)
	RebuildNativeTypeToScriptingClass (30ms)
	initialDomainReloadingComplete (62ms)
	LoadAllAssembliesAndSetupDomain (625ms)
		LoadAssemblies (611ms)
		RebuildTransferFunctionScriptingTraits (0ms)
		AnalyzeDomain (160ms)
			TypeCache.Refresh (8ms)
				TypeCache.ScanAssembly (0ms)
			BuildScriptInfoCaches (143ms)
			ResolveRequiredComponents (5ms)
	FinalizeReload (1235ms)
		ReleaseScriptCaches (0ms)
		RebuildScriptCaches (0ms)
		SetupLoadedEditorAssemblies (1059ms)
			LogAssemblyErrors (0ms)
			InitializePlatformSupportModulesInManaged (16ms)
			SetLoadedEditorAssemblies (9ms)
			BeforeProcessingInitializeOnLoad (163ms)
			ProcessInitializeOnLoadAttributes (639ms)
			ProcessInitializeOnLoadMethodAttributes (224ms)
			AfterProcessingInitializeOnLoad (7ms)
			EditorAssembliesLoaded (0ms)
		ExecutionOrderSort2 (0ms)
		AwakeInstancesAfterBackupRestoration (10ms)
Refreshing native plugins compatible for Editor in 16.70 ms, found 6 plugins.
Preloading 0 native plugins for Editor in 0.00 ms.
Unloading 4 Unused Serialized files (Serialized files now loaded: 0)
Unloading 3740 unused Assets / (1.2 MB). Loaded Objects now: 4158.
Memory consumption went from 88.9 MB to 87.7 MB.
Total: 18.594700 ms (FindLiveObjects: 0.376000 ms CreateObjectMapping: 0.314500 ms MarkObjects: 15.974000 ms  DeleteObjects: 1.928300 ms)

Prepare: number of updated asset objects reloaded= 0
========================================================================
Received Prepare
Begin MonoManager ReloadAssembly
Assembly 'Assets/PlayServicesResolver/Editor/Google.JarResolver_v1.2.59.0.dll' will not be loaded due to errors:
Assembly name 'Google.JarResolver' does not match file name 'Google.JarResolver_v1.2.59.0'
Assembly 'Assets/PlayServicesResolver/Editor/Google.IOSResolver_v1.2.59.0.dll' will not be loaded due to errors:
Unable to resolve reference 'UnityEditor.iOS.Extensions.Xcode'. Is the assembly missing or incompatible with the current platform?
Reference validation can be disabled in the Plugin Inspector.
Assembly name 'Google.IOSResolver' does not match file name 'Google.IOSResolver_v1.2.59.0'
Assembly 'Assets/PlayServicesResolver/Editor/Google.VersionHandlerImpl_v1.2.59.0.dll' will not be loaded due to errors:
Assembly name 'Google.VersionHandlerImpl' does not match file name 'Google.VersionHandlerImpl_v1.2.59.0'
- Loaded All Assemblies, in  0.992 seconds
Refreshing native plugins compatible for Editor in 16.60 ms, found 6 plugins.
Native extension for Android target not found
Native extension for WindowsStandalone target not found
[Package Manager] Failed to launch server process. Reason: Unity was launched with the -noUpm command-line argument
[Package Manager] Unable to send message (not connected to server process).
[Package Manager] Cannot connect to Unity Package Manager local server
Non-secure network connections disabled in Player Settings
UnityEngine.Debug:ExtractStackTraceNoAlloc (byte*,int,string)
UnityEngine.StackTraceUtility:ExtractStackTrace ()
UnityEngine.Networking.UnityWebRequest:BeginWebRequest ()
UnityEngine.Networking.UnityWebRequest:SendWebRequest ()
UnityEngine.WWW:.ctor (string)
JMOAssets.JMOAssets_Menu:StartDownload ()
JMOAssets.JMOAssets_Menu:CheckStartupUpdate ()
JMOAssets.JMOAssets_Menu:.cctor ()
System.Runtime.CompilerServices.RuntimeHelpers:RunClassConstructor (System.RuntimeTypeHandle)
UnityEditor.EditorAssemblies:ProcessInitializeOnLoadAttributes (System.Type[])

[C:\build\output\unity\unity\Modules\UnityWebRequest\Public\Prototypes\UnityWebRequestProto.h line 519]

System.InvalidOperationException: Insecure connection not allowed
  at (wrapper managed-to-native) UnityEngine.Networking.UnityWebRequest.BeginWebRequest_Injected(intptr)
  at UnityEngine.Networking.UnityWebRequest.BeginWebRequest () [0x0000f] in <a5693f6f1faf4f39a6c9cefc1a5b2555>:0 
  at UnityEngine.Networking.UnityWebRequest.SendWebRequest () [0x00001] in <a5693f6f1faf4f39a6c9cefc1a5b2555>:0 
  at UnityEngine.WWW..ctor (System.String url) [0x00014] in <37916183dd3c4f44ab9cf13ab9ae239c>:0 
  at JMOAssets.JMOAssets_Menu.StartDownload () [0x00013] in <a7aa7c6095e5420583c7f523f7294ab4>:0 
  at JMOAssets.JMOAssets_Menu.CheckStartupUpdate () [0x00001] in <a7aa7c6095e5420583c7f523f7294ab4>:0 
  at JMOAssets.JMOAssets_Menu..cctor () [0x000a1] in <a7aa7c6095e5420583c7f523f7294ab4>:0 
UnityEngine.Debug:ExtractStackTraceNoAlloc (byte*,int,string)
UnityEngine.StackTraceUtility:ExtractStackTrace ()
UnityEngine.DebugLogHandler:Internal_Log (UnityEngine.LogType,UnityEngine.LogOption,string,UnityEngine.Object)
UnityEngine.DebugLogHandler:LogFormat (UnityEngine.LogType,UnityEngine.Object,string,object[])
UnityEngine.Logger:Log (UnityEngine.LogType,object)
UnityEngine.Debug:LogError (object)
UnityEditor.EditorAssemblies:ProcessInitializeOnLoadAttributes (System.Type[])

Mono: successfully reloaded assembly
- Finished resetting the current domain, in  1.145 seconds
Domain Reload Profiling: 2135ms
	BeginReloadAssembly (257ms)
		ExecutionOrderSort (0ms)
		DisableScriptedObjects (8ms)
		BackupInstance (0ms)
		ReleaseScriptingObjects (0ms)
		CreateAndSetChildDomain (61ms)
	RebuildCommonClasses (47ms)
	RebuildNativeTypeToScriptingClass (20ms)
	initialDomainReloadingComplete (47ms)
	LoadAllAssembliesAndSetupDomain (617ms)
		LoadAssemblies (579ms)
		RebuildTransferFunctionScriptingTraits (0ms)
		AnalyzeDomain (168ms)
			TypeCache.Refresh (10ms)
				TypeCache.ScanAssembly (0ms)
			BuildScriptInfoCaches (148ms)
			ResolveRequiredComponents (4ms)
	FinalizeReload (1146ms)
		ReleaseScriptCaches (0ms)
		RebuildScriptCaches (0ms)
		SetupLoadedEditorAssemblies (973ms)
			LogAssemblyErrors (0ms)
			InitializePlatformSupportModulesInManaged (13ms)
			SetLoadedEditorAssemblies (7ms)
			BeforeProcessingInitializeOnLoad (152ms)
			ProcessInitializeOnLoadAttributes (552ms)
			ProcessInitializeOnLoadMethodAttributes (243ms)
			AfterProcessingInitializeOnLoad (7ms)
			EditorAssembliesLoaded (0ms)
		ExecutionOrderSort2 (0ms)
		AwakeInstancesAfterBackupRestoration (12ms)
Refreshing native plugins compatible for Editor in 25.81 ms, found 6 plugins.
Preloading 0 native plugins for Editor in 0.00 ms.
Unloading 4 Unused Serialized files (Serialized files now loaded: 0)
Unloading 3740 unused Assets / (1.5 MB). Loaded Objects now: 4160.
Memory consumption went from 88.9 MB to 87.4 MB.
Total: 18.305200 ms (FindLiveObjects: 0.764100 ms CreateObjectMapping: 0.373800 ms MarkObjects: 15.763300 ms  DeleteObjects: 1.402300 ms)

Prepare: number of updated asset objects reloaded= 0
========================================================================
Received Import Request.
  Time since last request: 843.191656 seconds.
  path: Assets/Models/bouton_retry_2.png
  artifactKey: Guid(c55ddcc3333e399438709a1c90624ab7) Importer(815301076,1909f56bfc062723c751e8b465ee728b)
Start importing Assets/Models/bouton_retry_2.png using Guid(c55ddcc3333e399438709a1c90624ab7) Importer(815301076,1909f56bfc062723c751e8b465ee728b) (PreviewImporter) -> (artifact id: 'b6b7fea95e02daa585debccc37ab0641') in 0.2545695 seconds
Number of updated asset objects reloaded before import = 0Number of asset objects unloaded after import = 3

========================================================================
Received Prepare
Refreshing native plugins compatible for Editor in 32.61 ms, found 6 plugins.
Preloading 0 native plugins for Editor in 0.00 ms.
Unloading 4 Unused Serialized files (Serialized files now loaded: 0)
Unloading 4 unused Assets / (112.1 KB). Loaded Objects now: 4164.
Memory consumption went from 90.4 MB to 90.3 MB.
Total: 15.857800 ms (FindLiveObjects: 0.295400 ms CreateObjectMapping: 0.204900 ms MarkObjects: 15.204200 ms  DeleteObjects: 0.151400 ms)

Prepare: number of updated asset objects reloaded= 0
AssetImportParameters requested are different than current active one (requested -> active):
  buildTarget: platform 13, subtarget 0, extendedPlatform 0 -> platform 19, subtarget 2, extendedPlatform 0
  graphicsApiMask: 2048 -> 262148
========================================================================
Received Prepare
Refreshing native plugins compatible for Editor in 20.21 ms, found 6 plugins.
Preloading 0 native plugins for Editor in 0.00 ms.
Unloading 4 Unused Serialized files (Serialized files now loaded: 0)
Unloading 3638 unused Assets / (1.2 MB). Loaded Objects now: 4164.
Memory consumption went from 93.0 MB to 91.7 MB.
Total: 15.168700 ms (FindLiveObjects: 0.849500 ms CreateObjectMapping: 0.377400 ms MarkObjects: 12.168100 ms  DeleteObjects: 1.771500 ms)

Prepare: number of updated asset objects reloaded= 0
========================================================================
Received Prepare
Refreshing native plugins compatible for Editor in 19.75 ms, found 6 plugins.
Preloading 0 native plugins for Editor in 0.00 ms.
Unloading 4 Unused Serialized files (Serialized files now loaded: 0)
Unloading 3638 unused Assets / (1.2 MB). Loaded Objects now: 4164.
Memory consumption went from 92.6 MB to 91.4 MB.
Total: 15.217300 ms (FindLiveObjects: 0.432900 ms CreateObjectMapping: 0.330600 ms MarkObjects: 12.498000 ms  DeleteObjects: 1.953500 ms)

Prepare: number of updated asset objects reloaded= 0
========================================================================
Received Prepare
Refreshing native plugins compatible for Editor in 21.31 ms, found 6 plugins.
Preloading 0 native plugins for Editor in 0.00 ms.
Unloading 4 Unused Serialized files (Serialized files now loaded: 0)
Unloading 3638 unused Assets / (1.1 MB). Loaded Objects now: 4164.
Memory consumption went from 92.7 MB to 91.6 MB.
Total: 13.594900 ms (FindLiveObjects: 0.505300 ms CreateObjectMapping: 0.320200 ms MarkObjects: 11.483900 ms  DeleteObjects: 1.284200 ms)

Prepare: number of updated asset objects reloaded= 0
========================================================================
Received Prepare
Refreshing native plugins compatible for Editor in 22.32 ms, found 6 plugins.
Preloading 0 native plugins for Editor in 0.00 ms.
Unloading 4 Unused Serialized files (Serialized files now loaded: 0)
Unloading 3638 unused Assets / (1.5 MB). Loaded Objects now: 4164.
Memory consumption went from 92.7 MB to 91.2 MB.
Total: 13.973200 ms (FindLiveObjects: 0.401800 ms CreateObjectMapping: 0.305200 ms MarkObjects: 11.350300 ms  DeleteObjects: 1.914100 ms)

Prepare: number of updated asset objects reloaded= 0
========================================================================
Received Prepare
Refreshing native plugins compatible for Editor in 23.58 ms, found 6 plugins.
Preloading 0 native plugins for Editor in 0.00 ms.
Unloading 4 Unused Serialized files (Serialized files now loaded: 0)
Unloading 3638 unused Assets / (1.1 MB). Loaded Objects now: 4164.
Memory consumption went from 92.7 MB to 91.6 MB.
Total: 22.109800 ms (FindLiveObjects: 0.673900 ms CreateObjectMapping: 0.416100 ms MarkObjects: 18.870400 ms  DeleteObjects: 2.147700 ms)

Prepare: number of updated asset objects reloaded= 0
========================================================================
Received Prepare
Refreshing native plugins compatible for Editor in 19.10 ms, found 6 plugins.
Preloading 0 native plugins for Editor in 0.00 ms.
Unloading 4 Unused Serialized files (Serialized files now loaded: 0)
Unloading 3638 unused Assets / (1.0 MB). Loaded Objects now: 4164.
Memory consumption went from 92.7 MB to 91.7 MB.
Total: 13.338500 ms (FindLiveObjects: 0.444200 ms CreateObjectMapping: 0.299400 ms MarkObjects: 11.342700 ms  DeleteObjects: 1.250700 ms)

Prepare: number of updated asset objects reloaded= 0
========================================================================
Received Prepare
Refreshing native plugins compatible for Editor in 18.30 ms, found 6 plugins.
Preloading 0 native plugins for Editor in 0.00 ms.
Unloading 4 Unused Serialized files (Serialized files now loaded: 0)
Unloading 3638 unused Assets / (1.1 MB). Loaded Objects now: 4164.
Memory consumption went from 92.7 MB to 91.6 MB.
Total: 15.347600 ms (FindLiveObjects: 0.499200 ms CreateObjectMapping: 0.272100 ms MarkObjects: 12.921700 ms  DeleteObjects: 1.653000 ms)

Prepare: number of updated asset objects reloaded= 0
========================================================================
Received Prepare
Refreshing native plugins compatible for Editor in 19.88 ms, found 6 plugins.
Preloading 0 native plugins for Editor in 0.00 ms.
Unloading 4 Unused Serialized files (Serialized files now loaded: 0)
Unloading 3638 unused Assets / (1.0 MB). Loaded Objects now: 4164.
Memory consumption went from 92.7 MB to 91.7 MB.
Total: 15.425300 ms (FindLiveObjects: 0.416500 ms CreateObjectMapping: 0.274800 ms MarkObjects: 13.282800 ms  DeleteObjects: 1.449400 ms)

Prepare: number of updated asset objects reloaded= 0
========================================================================
Received Prepare
Refreshing native plugins compatible for Editor in 24.65 ms, found 6 plugins.
Preloading 0 native plugins for Editor in 0.00 ms.
Unloading 4 Unused Serialized files (Serialized files now loaded: 0)
Unloading 3638 unused Assets / (1.2 MB). Loaded Objects now: 4164.
Memory consumption went from 92.7 MB to 91.5 MB.
Total: 16.330600 ms (FindLiveObjects: 0.598300 ms CreateObjectMapping: 0.332200 ms MarkObjects: 14.022600 ms  DeleteObjects: 1.375800 ms)

Prepare: number of updated asset objects reloaded= 0
========================================================================
Received Prepare
Refreshing native plugins compatible for Editor in 24.66 ms, found 6 plugins.
Preloading 0 native plugins for Editor in 0.00 ms.
Unloading 4 Unused Serialized files (Serialized files now loaded: 0)
Unloading 3638 unused Assets / (1.9 MB). Loaded Objects now: 4164.
Memory consumption went from 92.7 MB to 90.8 MB.
Total: 18.951900 ms (FindLiveObjects: 0.673300 ms CreateObjectMapping: 0.435700 ms MarkObjects: 14.622700 ms  DeleteObjects: 3.218100 ms)

Prepare: number of updated asset objects reloaded= 0
========================================================================
Received Prepare
Refreshing native plugins compatible for Editor in 23.90 ms, found 6 plugins.
Preloading 0 native plugins for Editor in 0.00 ms.
Unloading 4 Unused Serialized files (Serialized files now loaded: 0)
Unloading 3638 unused Assets / (1.0 MB). Loaded Objects now: 4164.
Memory consumption went from 92.7 MB to 91.6 MB.
Total: 14.096000 ms (FindLiveObjects: 0.399900 ms CreateObjectMapping: 0.281800 ms MarkObjects: 11.706000 ms  DeleteObjects: 1.706600 ms)

Prepare: number of updated asset objects reloaded= 0
========================================================================
Received Prepare
Refreshing native plugins compatible for Editor in 17.80 ms, found 6 plugins.
Preloading 0 native plugins for Editor in 0.00 ms.
Unloading 4 Unused Serialized files (Serialized files now loaded: 0)
Unloading 3638 unused Assets / (1.1 MB). Loaded Objects now: 4164.
Memory consumption went from 92.7 MB to 91.6 MB.
Total: 15.494400 ms (FindLiveObjects: 0.362900 ms CreateObjectMapping: 0.260700 ms MarkObjects: 13.629900 ms  DeleteObjects: 1.239300 ms)

Prepare: number of updated asset objects reloaded= 0
========================================================================
Received Prepare
Refreshing native plugins compatible for Editor in 20.91 ms, found 6 plugins.
Preloading 0 native plugins for Editor in 0.00 ms.
Unloading 4 Unused Serialized files (Serialized files now loaded: 0)
Unloading 3638 unused Assets / (1.2 MB). Loaded Objects now: 4164.
Memory consumption went from 92.7 MB to 91.5 MB.
Total: 13.627200 ms (FindLiveObjects: 0.473800 ms CreateObjectMapping: 0.318600 ms MarkObjects: 11.602600 ms  DeleteObjects: 1.221700 ms)

Prepare: number of updated asset objects reloaded= 0
========================================================================
Received Prepare
Refreshing native plugins compatible for Editor in 19.31 ms, found 6 plugins.
Preloading 0 native plugins for Editor in 0.00 ms.
Unloading 4 Unused Serialized files (Serialized files now loaded: 0)
Unloading 3638 unused Assets / (1.1 MB). Loaded Objects now: 4164.
Memory consumption went from 92.7 MB to 91.5 MB.
Total: 17.054700 ms (FindLiveObjects: 0.433000 ms CreateObjectMapping: 0.267400 ms MarkObjects: 14.398600 ms  DeleteObjects: 1.954300 ms)

Prepare: number of updated asset objects reloaded= 0
========================================================================
Received Prepare
Refreshing native plugins compatible for Editor in 25.39 ms, found 6 plugins.
Preloading 0 native plugins for Editor in 0.00 ms.
Unloading 4 Unused Serialized files (Serialized files now loaded: 0)
Unloading 4 unused Assets / (135.4 KB). Loaded Objects now: 4164.
Memory consumption went from 90.2 MB to 90.0 MB.
Total: 17.007500 ms (FindLiveObjects: 0.301500 ms CreateObjectMapping: 0.190800 ms MarkObjects: 16.272200 ms  DeleteObjects: 0.240300 ms)

Prepare: number of updated asset objects reloaded= 0
AssetImportParameters requested are different than current active one (requested -> active):
  buildTarget: platform 19, subtarget 2, extendedPlatform 0 -> platform 13, subtarget 0, extendedPlatform 0
  graphicsApiMask: 262148 -> 2048
========================================================================
Received Prepare
Refreshing native plugins compatible for Editor in 21.59 ms, found 6 plugins.
Preloading 0 native plugins for Editor in 0.00 ms.
Unloading 4 Unused Serialized files (Serialized files now loaded: 0)
Unloading 3638 unused Assets / (1.3 MB). Loaded Objects now: 4164.
Memory consumption went from 93.2 MB to 91.9 MB.
Total: 17.592800 ms (FindLiveObjects: 0.509700 ms CreateObjectMapping: 0.556300 ms MarkObjects: 15.313100 ms  DeleteObjects: 1.212000 ms)

Prepare: number of updated asset objects reloaded= 0
========================================================================
Received Prepare
Refreshing native plugins compatible for Editor in 28.70 ms, found 6 plugins.
Preloading 0 native plugins for Editor in 0.00 ms.
Unloading 4 Unused Serialized files (Serialized files now loaded: 0)
Unloading 3638 unused Assets / (1.3 MB). Loaded Objects now: 4164.
Memory consumption went from 92.9 MB to 91.5 MB.
Total: 17.215500 ms (FindLiveObjects: 0.681900 ms CreateObjectMapping: 0.340300 ms MarkObjects: 14.883100 ms  DeleteObjects: 1.308100 ms)

Prepare: number of updated asset objects reloaded= 0
========================================================================
Received Prepare
Refreshing native plugins compatible for Editor in 29.82 ms, found 6 plugins.
Preloading 0 native plugins for Editor in 0.00 ms.
Unloading 4 Unused Serialized files (Serialized files now loaded: 0)
Unloading 3638 unused Assets / (1.7 MB). Loaded Objects now: 4164.
Memory consumption went from 92.9 MB to 91.2 MB.
Total: 22.244400 ms (FindLiveObjects: 0.664400 ms CreateObjectMapping: 0.593600 ms MarkObjects: 18.164600 ms  DeleteObjects: 2.818500 ms)

Prepare: number of updated asset objects reloaded= 0
========================================================================
Received Prepare
Refreshing native plugins compatible for Editor in 29.78 ms, found 6 plugins.
Preloading 0 native plugins for Editor in 0.00 ms.
Unloading 4 Unused Serialized files (Serialized files now loaded: 0)
Unloading 3638 unused Assets / (1.4 MB). Loaded Objects now: 4164.
Memory consumption went from 92.9 MB to 91.5 MB.
Total: 20.214300 ms (FindLiveObjects: 0.589900 ms CreateObjectMapping: 0.570200 ms MarkObjects: 17.150200 ms  DeleteObjects: 1.901400 ms)

Prepare: number of updated asset objects reloaded= 0
========================================================================
Received Prepare
Refreshing native plugins compatible for Editor in 30.70 ms, found 6 plugins.
Preloading 0 native plugins for Editor in 0.00 ms.
Unloading 4 Unused Serialized files (Serialized files now loaded: 0)
Unloading 3638 unused Assets / (1.2 MB). Loaded Objects now: 4164.
Memory consumption went from 92.9 MB to 91.7 MB.
Total: 13.828700 ms (FindLiveObjects: 0.385900 ms CreateObjectMapping: 0.321200 ms MarkObjects: 11.767900 ms  DeleteObjects: 1.351900 ms)

Prepare: number of updated asset objects reloaded= 0
========================================================================
Received Prepare
Refreshing native plugins compatible for Editor in 24.77 ms, found 6 plugins.
Preloading 0 native plugins for Editor in 0.00 ms.
Unloading 4 Unused Serialized files (Serialized files now loaded: 0)
Unloading 3638 unused Assets / (1.1 MB). Loaded Objects now: 4164.
Memory consumption went from 92.9 MB to 91.8 MB.
Total: 13.605400 ms (FindLiveObjects: 0.488300 ms CreateObjectMapping: 0.392200 ms MarkObjects: 11.379600 ms  DeleteObjects: 1.343800 ms)

Prepare: number of updated asset objects reloaded= 0
========================================================================
Received Prepare
Refreshing native plugins compatible for Editor in 26.99 ms, found 6 plugins.
Preloading 0 native plugins for Editor in 0.00 ms.
Unloading 4 Unused Serialized files (Serialized files now loaded: 0)
Unloading 3638 unused Assets / (1.4 MB). Loaded Objects now: 4164.
Memory consumption went from 92.9 MB to 91.5 MB.
Total: 14.872400 ms (FindLiveObjects: 0.442200 ms CreateObjectMapping: 0.313500 ms MarkObjects: 11.886200 ms  DeleteObjects: 2.228600 ms)

Prepare: number of updated asset objects reloaded= 0
========================================================================
Received Prepare
Refreshing native plugins compatible for Editor in 23.57 ms, found 6 plugins.
Preloading 0 native plugins for Editor in 0.00 ms.
Unloading 4 Unused Serialized files (Serialized files now loaded: 0)
Unloading 3638 unused Assets / (1.3 MB). Loaded Objects now: 4164.
Memory consumption went from 92.9 MB to 91.5 MB.
Total: 13.351500 ms (FindLiveObjects: 0.421400 ms CreateObjectMapping: 0.286500 ms MarkObjects: 11.371700 ms  DeleteObjects: 1.270400 ms)

Prepare: number of updated asset objects reloaded= 0
========================================================================
Received Prepare
Refreshing native plugins compatible for Editor in 26.85 ms, found 6 plugins.
Preloading 0 native plugins for Editor in 0.00 ms.
Unloading 4 Unused Serialized files (Serialized files now loaded: 0)
Unloading 3638 unused Assets / (1.1 MB). Loaded Objects now: 4164.
Memory consumption went from 92.9 MB to 91.8 MB.
Total: 14.357600 ms (FindLiveObjects: 0.911600 ms CreateObjectMapping: 0.211000 ms MarkObjects: 11.982500 ms  DeleteObjects: 1.249700 ms)

Prepare: number of updated asset objects reloaded= 0
========================================================================
Received Prepare
Refreshing native plugins compatible for Editor in 21.40 ms, found 6 plugins.
Preloading 0 native plugins for Editor in 0.00 ms.
Unloading 4 Unused Serialized files (Serialized files now loaded: 0)
Unloading 3638 unused Assets / (1.3 MB). Loaded Objects now: 4164.
Memory consumption went from 92.9 MB to 91.6 MB.
Total: 15.603000 ms (FindLiveObjects: 0.673900 ms CreateObjectMapping: 0.213300 ms MarkObjects: 13.408200 ms  DeleteObjects: 1.305300 ms)

Prepare: number of updated asset objects reloaded= 0
========================================================================
Received Prepare
Refreshing native plugins compatible for Editor in 22.94 ms, found 6 plugins.
Preloading 0 native plugins for Editor in 0.00 ms.
Unloading 4 Unused Serialized files (Serialized files now loaded: 0)
Unloading 3638 unused Assets / (1.3 MB). Loaded Objects now: 4164.
Memory consumption went from 92.9 MB to 91.6 MB.
Total: 14.366200 ms (FindLiveObjects: 0.466700 ms CreateObjectMapping: 0.450000 ms MarkObjects: 12.118600 ms  DeleteObjects: 1.329200 ms)

Prepare: number of updated asset objects reloaded= 0
========================================================================
Received Prepare
Refreshing native plugins compatible for Editor in 22.27 ms, found 6 plugins.
Preloading 0 native plugins for Editor in 0.00 ms.
Unloading 4 Unused Serialized files (Serialized files now loaded: 0)
Unloading 3638 unused Assets / (1.3 MB). Loaded Objects now: 4164.
Memory consumption went from 92.9 MB to 91.5 MB.
Total: 15.023300 ms (FindLiveObjects: 0.457900 ms CreateObjectMapping: 0.283800 ms MarkObjects: 13.055700 ms  DeleteObjects: 1.224100 ms)

Prepare: number of updated asset objects reloaded= 0
========================================================================
Received Prepare
Refreshing native plugins compatible for Editor in 29.88 ms, found 6 plugins.
Preloading 0 native plugins for Editor in 0.00 ms.
Unloading 4 Unused Serialized files (Serialized files now loaded: 0)
Unloading 3638 unused Assets / (1.2 MB). Loaded Objects now: 4164.
Memory consumption went from 92.9 MB to 91.7 MB.
Total: 14.329400 ms (FindLiveObjects: 0.480000 ms CreateObjectMapping: 0.466900 ms MarkObjects: 11.950000 ms  DeleteObjects: 1.430500 ms)

Prepare: number of updated asset objects reloaded= 0
========================================================================
Received Prepare
Refreshing native plugins compatible for Editor in 27.41 ms, found 6 plugins.
Preloading 0 native plugins for Editor in 0.00 ms.
Unloading 4 Unused Serialized files (Serialized files now loaded: 0)
Unloading 3638 unused Assets / (1.1 MB). Loaded Objects now: 4164.
Memory consumption went from 92.9 MB to 91.7 MB.
Total: 18.764700 ms (FindLiveObjects: 0.544300 ms CreateObjectMapping: 0.565700 ms MarkObjects: 16.314700 ms  DeleteObjects: 1.338100 ms)

Prepare: number of updated asset objects reloaded= 0
========================================================================
Received Prepare
Refreshing native plugins compatible for Editor in 34.23 ms, found 6 plugins.
Preloading 0 native plugins for Editor in 0.00 ms.
Unloading 4 Unused Serialized files (Serialized files now loaded: 0)
Unloading 3638 unused Assets / (1.2 MB). Loaded Objects now: 4164.
Memory consumption went from 92.9 MB to 91.7 MB.
Total: 15.613500 ms (FindLiveObjects: 0.571600 ms CreateObjectMapping: 0.461800 ms MarkObjects: 13.273500 ms  DeleteObjects: 1.304300 ms)

Prepare: number of updated asset objects reloaded= 0
========================================================================
Received Prepare
Refreshing native plugins compatible for Editor in 28.94 ms, found 6 plugins.
Preloading 0 native plugins for Editor in 0.00 ms.
Unloading 4 Unused Serialized files (Serialized files now loaded: 0)
Unloading 3638 unused Assets / (1.8 MB). Loaded Objects now: 4164.
Memory consumption went from 92.9 MB to 91.1 MB.
Total: 17.072900 ms (FindLiveObjects: 0.471800 ms CreateObjectMapping: 0.878800 ms MarkObjects: 13.816700 ms  DeleteObjects: 1.903700 ms)

Prepare: number of updated asset objects reloaded= 0
========================================================================
Received Prepare
Refreshing native plugins compatible for Editor in 30.00 ms, found 6 plugins.
Preloading 0 native plugins for Editor in 0.00 ms.
Unloading 4 Unused Serialized files (Serialized files now loaded: 0)
Unloading 3638 unused Assets / (1.6 MB). Loaded Objects now: 4164.
Memory consumption went from 92.9 MB to 91.3 MB.
Total: 19.928000 ms (FindLiveObjects: 0.510000 ms CreateObjectMapping: 0.506000 ms MarkObjects: 16.913700 ms  DeleteObjects: 1.996000 ms)

Prepare: number of updated asset objects reloaded= 0
========================================================================
Received Prepare
Refreshing native plugins compatible for Editor in 25.61 ms, found 6 plugins.
Preloading 0 native plugins for Editor in 0.00 ms.
Unloading 4 Unused Serialized files (Serialized files now loaded: 0)
Unloading 3638 unused Assets / (0.9 MB). Loaded Objects now: 4164.
Memory consumption went from 92.9 MB to 92.0 MB.
Total: 18.938900 ms (FindLiveObjects: 0.449300 ms CreateObjectMapping: 0.526500 ms MarkObjects: 16.325000 ms  DeleteObjects: 1.636000 ms)

Prepare: number of updated asset objects reloaded= 0
========================================================================
Received Prepare
Refreshing native plugins compatible for Editor in 30.10 ms, found 6 plugins.
Preloading 0 native plugins for Editor in 0.00 ms.
Unloading 4 Unused Serialized files (Serialized files now loaded: 0)
Unloading 3638 unused Assets / (1.2 MB). Loaded Objects now: 4164.
Memory consumption went from 92.9 MB to 91.7 MB.
Total: 13.827100 ms (FindLiveObjects: 0.361500 ms CreateObjectMapping: 0.268700 ms MarkObjects: 11.927700 ms  DeleteObjects: 1.267500 ms)

Prepare: number of updated asset objects reloaded= 0
========================================================================
Received Prepare
Refreshing native plugins compatible for Editor in 32.43 ms, found 6 plugins.
Preloading 0 native plugins for Editor in 0.00 ms.
Unloading 4 Unused Serialized files (Serialized files now loaded: 0)
Unloading 3638 unused Assets / (1.2 MB). Loaded Objects now: 4164.
Memory consumption went from 92.9 MB to 91.6 MB.
Total: 15.977200 ms (FindLiveObjects: 0.527000 ms CreateObjectMapping: 0.541100 ms MarkObjects: 13.715000 ms  DeleteObjects: 1.192200 ms)

Prepare: number of updated asset objects reloaded= 0
========================================================================
Received Prepare
Refreshing native plugins compatible for Editor in 26.88 ms, found 6 plugins.
Preloading 0 native plugins for Editor in 0.00 ms.
Unloading 4 Unused Serialized files (Serialized files now loaded: 0)
Unloading 3638 unused Assets / (1.8 MB). Loaded Objects now: 4164.
Memory consumption went from 92.9 MB to 91.1 MB.
Total: 17.295700 ms (FindLiveObjects: 0.690700 ms CreateObjectMapping: 0.824900 ms MarkObjects: 13.542600 ms  DeleteObjects: 2.235300 ms)

Prepare: number of updated asset objects reloaded= 0
========================================================================
Received Prepare
Refreshing native plugins compatible for Editor in 24.68 ms, found 6 plugins.
Preloading 0 native plugins for Editor in 0.00 ms.
Unloading 4 Unused Serialized files (Serialized files now loaded: 0)
Unloading 3638 unused Assets / (1.3 MB). Loaded Objects now: 4164.
Memory consumption went from 92.9 MB to 91.6 MB.
Total: 15.582500 ms (FindLiveObjects: 0.749700 ms CreateObjectMapping: 0.478000 ms MarkObjects: 13.158400 ms  DeleteObjects: 1.194600 ms)

Prepare: number of updated asset objects reloaded= 0
========================================================================
Received Prepare
Refreshing native plugins compatible for Editor in 27.42 ms, found 6 plugins.
Preloading 0 native plugins for Editor in 0.00 ms.
Unloading 4 Unused Serialized files (Serialized files now loaded: 0)
Unloading 3638 unused Assets / (1.5 MB). Loaded Objects now: 4164.
Memory consumption went from 92.9 MB to 91.4 MB.
Total: 20.417300 ms (FindLiveObjects: 0.573500 ms CreateObjectMapping: 0.627300 ms MarkObjects: 17.575200 ms  DeleteObjects: 1.639600 ms)

Prepare: number of updated asset objects reloaded= 0
========================================================================
Received Prepare
Refreshing native plugins compatible for Editor in 28.79 ms, found 6 plugins.
Preloading 0 native plugins for Editor in 0.00 ms.
Unloading 4 Unused Serialized files (Serialized files now loaded: 0)
Unloading 3638 unused Assets / (1.4 MB). Loaded Objects now: 4164.
Memory consumption went from 92.9 MB to 91.4 MB.
Total: 20.913100 ms (FindLiveObjects: 0.787300 ms CreateObjectMapping: 0.701700 ms MarkObjects: 17.525300 ms  DeleteObjects: 1.896400 ms)

Prepare: number of updated asset objects reloaded= 0
========================================================================
Received Prepare
Refreshing native plugins compatible for Editor in 21.76 ms, found 6 plugins.
Preloading 0 native plugins for Editor in 0.00 ms.
Unloading 4 Unused Serialized files (Serialized files now loaded: 0)
Unloading 3638 unused Assets / (1.2 MB). Loaded Objects now: 4164.
Memory consumption went from 92.9 MB to 91.6 MB.
Total: 14.931500 ms (FindLiveObjects: 0.658800 ms CreateObjectMapping: 0.333100 ms MarkObjects: 12.775900 ms  DeleteObjects: 1.161400 ms)

Prepare: number of updated asset objects reloaded= 0
========================================================================
Received Prepare
Refreshing native plugins compatible for Editor in 24.04 ms, found 6 plugins.
Preloading 0 native plugins for Editor in 0.00 ms.
Unloading 4 Unused Serialized files (Serialized files now loaded: 0)
Unloading 3638 unused Assets / (1.2 MB). Loaded Objects now: 4164.
Memory consumption went from 92.9 MB to 91.6 MB.
Total: 13.652700 ms (FindLiveObjects: 0.510800 ms CreateObjectMapping: 0.296200 ms MarkObjects: 11.585700 ms  DeleteObjects: 1.258400 ms)

Prepare: number of updated asset objects reloaded= 0
========================================================================
Received Prepare
Refreshing native plugins compatible for Editor in 34.54 ms, found 6 plugins.
Preloading 0 native plugins for Editor in 0.00 ms.
Unloading 4 Unused Serialized files (Serialized files now loaded: 0)
Unloading 3638 unused Assets / (1.3 MB). Loaded Objects now: 4164.
Memory consumption went from 92.9 MB to 91.6 MB.
Total: 19.154600 ms (FindLiveObjects: 0.520400 ms CreateObjectMapping: 1.173900 ms MarkObjects: 16.144100 ms  DeleteObjects: 1.314100 ms)

Prepare: number of updated asset objects reloaded= 0
========================================================================
Received Prepare
Refreshing native plugins compatible for Editor in 30.93 ms, found 6 plugins.
Preloading 0 native plugins for Editor in 0.00 ms.
Unloading 4 Unused Serialized files (Serialized files now loaded: 0)
Unloading 3638 unused Assets / (1.2 MB). Loaded Objects now: 4164.
Memory consumption went from 92.9 MB to 91.7 MB.
Total: 16.003400 ms (FindLiveObjects: 0.440900 ms CreateObjectMapping: 0.495600 ms MarkObjects: 13.809600 ms  DeleteObjects: 1.255600 ms)

Prepare: number of updated asset objects reloaded= 0
