[Licensing::Module] Trying to connect to existing licensing client channel...
Built from '6000.2/respin/6000.2.6f2-cc51a95c03' branch; Version is '6000.2.6f2 (4a4dcaec6541) revision 4869578'; Using compiler version '194234433'; Build Type 'Release'
[Licensing::IpcConnector] Successfully connected to: "LicenseClient-Arnaud" at "2025-11-18T15:56:02.7706649Z"
OS: 'Windows 11  (10.0.26100) 64bit Core' Language: 'fr' Physical Memory: 16003 MB
BatchMode: 1, IsHumanControllingUs: 0, StartBugReporterOnCrash: 0, Is64bit: 1
Date: 2025-11-18T15:56:02Z

COMMAND LINE ARGUMENTS:
C:\Program Files\Unity\Hub\Editor\6000.2.6f2\Editor\Unity.exe
-adb2
-batchMode
-noUpm
-name
AssetImportWorker1
-projectPath
C:/Users/Arnaud/Desktop/Jeux/UTILISABLE/Gravity Ball
-logFile
Logs/AssetImportWorker1.log
-srvPort
59155
-job-worker-count
9
-background-job-worker-count
8
-gc-helper-count
1
-name
AssetImport
Successfully changed project path to: C:/Users/Arnaud/Desktop/Jeux/UTILISABLE/Gravity Ball
C:/Users/Arnaud/Desktop/Jeux/UTILISABLE/Gravity Ball
[UnityMemory] Configuration Parameters - Can be set up in boot.config
    "memorysetup-allocator-temp-initial-block-size-main=262144"
    "memorysetup-allocator-temp-initial-block-size-worker=262144"
    "memorysetup-bucket-allocator-granularity=16"
    "memorysetup-bucket-allocator-bucket-count=8"
    "memorysetup-bucket-allocator-block-size=33554432"
    "memorysetup-bucket-allocator-block-count=8"
    "memorysetup-main-allocator-block-size=16777216"
    "memorysetup-thread-allocator-block-size=16777216"
    "memorysetup-gfx-main-allocator-block-size=16777216"
    "memorysetup-gfx-thread-allocator-block-size=16777216"
    "memorysetup-cache-allocator-block-size=4194304"
    "memorysetup-typetree-allocator-block-size=2097152"
    "memorysetup-profiler-bucket-allocator-granularity=16"
    "memorysetup-profiler-bucket-allocator-bucket-count=8"
    "memorysetup-profiler-bucket-allocator-block-size=33554432"
    "memorysetup-profiler-bucket-allocator-block-count=8"
    "memorysetup-profiler-allocator-block-size=16777216"
    "memorysetup-profiler-editor-allocator-block-size=1048576"
    "memorysetup-temp-allocator-size-main=16777216"
    "memorysetup-job-temp-allocator-block-size=2097152"
    "memorysetup-job-temp-allocator-block-size-background=1048576"
    "memorysetup-job-temp-allocator-reduction-small-platforms=262144"
    "memorysetup-temp-allocator-size-background-worker=32768"
    "memorysetup-temp-allocator-size-job-worker=262144"
    "memorysetup-temp-allocator-size-preload-manager=33554432"
    "memorysetup-temp-allocator-size-nav-mesh-worker=65536"
    "memorysetup-temp-allocator-size-audio-worker=65536"
    "memorysetup-temp-allocator-size-cloud-worker=32768"
    "memorysetup-temp-allocator-size-gi-baking-worker=262144"
    "memorysetup-temp-allocator-size-gi-baking-worker=262144"
    "memorysetup-temp-allocator-size-gi-baking-worker=262144"
    "memorysetup-temp-allocator-size-gi-baking-worker=262144"
    "memorysetup-temp-allocator-size-gi-baking-worker=262144"
    "memorysetup-temp-allocator-size-gfx=262144"
Player connection [21356]  Target information:

Player connection [21356]  * "[IP] 192.168.1.8 [Port] 0 [Flags] 2 [Guid] 149166680 [EditorId] 149166680 [Version] 1048832 [Id] WindowsEditor(7,Arnaud_PROFIZI) [Debug] 1 [PackageName] WindowsEditor [ProjectName] Editor" 

Player connection [21356] Host joined multi-casting on [225.0.0.222:54997]...
Player connection [21356] Host joined alternative multi-casting on [225.0.0.222:34997]...
JobSystem: Creating JobQueue using job-worker-count value 9
Input System module state changed to: Initialized.
[Physics::Module] Initialized fallback backend.
[Physics::Module] Id: 0xdecafbad
[Licensing::Client] Code 10 while verifying Licensing Client signature (process Id: 22452, path: "C:/Program Files/Unity Hub/UnityLicensingClient_V1/Unity.Licensing.Client.exe")
[Licensing::Module] LicensingClient has failed validation; ignoring
[Licensing::Client] Handshaking with LicensingClient:
  Version:                 1.17.3+a4e98f1
  Session Id:              118575c375cd474da647069d424b3c5e
  Correlation Id:          f351cb76cf55c26f2c17ac6148d151f4
  External correlation Id: 4043363080825493423
  Machine Id:              awmg4jTre1CIWEk5EKMpWOv7aIc=
[Licensing::Module] Successfully connected to LicensingClient on channel: "LicenseClient-Arnaud" (connect: 0.00s, validation: 0.00s, handshake: 0.07s)
[Licensing::IpcConnector] Successfully connected to: "LicenseClient-Arnaud-notifications" at "2025-11-18T15:56:02.8459186Z"
[Licensing::Module] Licensing Background thread has ended after 0.08s
Library Redirect Path: Library/
[Physics::Module] Selected backend.
[Physics::Module] Name: PhysX
[Physics::Module] Id: 0xf2b8ea05
[Physics::Module] SDK Version: 4.1.2
[Physics::Module] Integration Version: 1.0.0
[Physics::Module] Threading Mode: Multi-Threaded
Refreshing native plugins compatible for Editor in 48.74 ms, found 6 plugins.
Preloading 0 native plugins for Editor in 0.00 ms.
Initialize engine version: 6000.2.6f2 (4a4dcaec6541)
[Subsystems] Discovering subsystems at path C:/Program Files/Unity/Hub/Editor/6000.2.6f2/Editor/Data/Resources/UnitySubsystems
[Subsystems] Discovering subsystems at path C:/Users/Arnaud/Desktop/Jeux/UTILISABLE/Gravity Ball/Assets
GfxDevice: creating device client; kGfxThreadingModeNonThreaded
Direct3D:
    Version:  Direct3D 11.0 [level 11.1]
    Renderer: NVIDIA GeForce RTX 4050 Laptop GPU (ID=0x28e1)
    Vendor:   NVIDIA
    VRAM:     5921 MB
    Driver:   32.0.15.6607
Initialize mono
Mono path[0] = 'C:/Program Files/Unity/Hub/Editor/6000.2.6f2/Editor/Data/Managed'
Mono path[1] = 'C:/Program Files/Unity/Hub/Editor/6000.2.6f2/Editor/Data/MonoBleedingEdge/lib/mono/unityjit-win32'
Mono config path = 'C:/Program Files/Unity/Hub/Editor/6000.2.6f2/Editor/Data/MonoBleedingEdge/etc'
Using monoOptions --debugger-agent=transport=dt_socket,embedding=1,server=y,suspend=n,address=127.0.0.1:56404
Begin MonoManager ReloadAssembly
Registering precompiled unity dll's ...
Register platform support module: C:/Program Files/Unity/Hub/Editor/6000.2.6f2/Editor/Data/PlaybackEngines/WindowsStandaloneSupport/UnityEditor.WindowsStandalone.Extensions.dll
[Licensing::Client] Successfully resolved entitlement details
[Licensing::Module] License group:
  Id: F4-6VBU-GQ76-3YAQ-GU2D-XXXX
  Product: Unity Personal
  Type: ULF
  Expiration: Unlimited
[Licensing::Module] License group:
  Id: 3440655-UnityPersXXXX
  Product: Unity Personal
  Type: Assigned
  Expiration: Unlimited
Register platform support module: C:/Program Files/Unity/Hub/Editor/6000.2.6f2/Editor/Data/PlaybackEngines/AndroidPlayer/UnityEditor.Android.Extensions.dll
Registered in 0.009758 seconds.
- Loaded All Assemblies, in  0.582 seconds
Native extension for Android target not found
Android Extension - Scanning For ADB Devices 471 ms
Native extension for WindowsStandalone target not found
Mono: successfully reloaded assembly
- Finished resetting the current domain, in  1.115 seconds
Domain Reload Profiling: 1694ms
	BeginReloadAssembly (199ms)
		ExecutionOrderSort (0ms)
		DisableScriptedObjects (0ms)
		BackupInstance (0ms)
		ReleaseScriptingObjects (0ms)
		CreateAndSetChildDomain (2ms)
	RebuildCommonClasses (53ms)
	RebuildNativeTypeToScriptingClass (16ms)
	initialDomainReloadingComplete (73ms)
	LoadAllAssembliesAndSetupDomain (237ms)
		LoadAssemblies (193ms)
		RebuildTransferFunctionScriptingTraits (0ms)
		AnalyzeDomain (232ms)
			TypeCache.Refresh (228ms)
				TypeCache.ScanAssembly (204ms)
			BuildScriptInfoCaches (0ms)
			ResolveRequiredComponents (1ms)
	FinalizeReload (1115ms)
		ReleaseScriptCaches (0ms)
		RebuildScriptCaches (0ms)
		SetupLoadedEditorAssemblies (1050ms)
			LogAssemblyErrors (0ms)
			InitializePlatformSupportModulesInManaged (685ms)
			SetLoadedEditorAssemblies (9ms)
			BeforeProcessingInitializeOnLoad (100ms)
			ProcessInitializeOnLoadAttributes (181ms)
			ProcessInitializeOnLoadMethodAttributes (75ms)
			AfterProcessingInitializeOnLoad (0ms)
			EditorAssembliesLoaded (0ms)
		ExecutionOrderSort2 (0ms)
		AwakeInstancesAfterBackupRestoration (0ms)
========================================================================
Worker process is ready to serve import requests
Import Worker Mode flag is 0x00
Begin MonoManager ReloadAssembly
[Licensing::Client] Successfully resolved entitlement details
[Licensing::Module] License group:
  Id: F4-6VBU-GQ76-3YAQ-GU2D-XXXX
  Product: Unity Personal
  Type: ULF
  Expiration: Unlimited
[Licensing::Module] License group:
  Id: 3440655-UnityPersXXXX
  Product: Unity Personal
  Type: Assigned
  Expiration: Unlimited
Assembly 'Assets/PlayServicesResolver/Editor/Google.JarResolver_v1.2.59.0.dll' will not be loaded due to errors:
Assembly name 'Google.JarResolver' does not match file name 'Google.JarResolver_v1.2.59.0'
Assembly 'Assets/PlayServicesResolver/Editor/Google.IOSResolver_v1.2.59.0.dll' will not be loaded due to errors:
Unable to resolve reference 'UnityEditor.iOS.Extensions.Xcode'. Is the assembly missing or incompatible with the current platform?
Reference validation can be disabled in the Plugin Inspector.
Assembly name 'Google.IOSResolver' does not match file name 'Google.IOSResolver_v1.2.59.0'
Assembly 'Assets/PlayServicesResolver/Editor/Google.VersionHandlerImpl_v1.2.59.0.dll' will not be loaded due to errors:
Assembly name 'Google.VersionHandlerImpl' does not match file name 'Google.VersionHandlerImpl_v1.2.59.0'
- Loaded All Assemblies, in  1.232 seconds
Refreshing native plugins compatible for Editor in 15.83 ms, found 6 plugins.
Native extension for Android target not found
Native extension for WindowsStandalone target not found
Package Manager log level set to [2]
[Package Manager] Failed to launch server process. Reason: Unity was launched with the -noUpm command-line argument
[Package Manager] Unable to send message (not connected to server process).
[Package Manager] Cannot connect to Unity Package Manager local server
Non-secure network connections disabled in Player Settings
UnityEngine.Debug:ExtractStackTraceNoAlloc (byte*,int,string)
UnityEngine.StackTraceUtility:ExtractStackTrace ()
UnityEngine.Networking.UnityWebRequest:BeginWebRequest ()
UnityEngine.Networking.UnityWebRequest:SendWebRequest ()
UnityEngine.WWW:.ctor (string)
JMOAssets.JMOAssets_Menu:StartDownload ()
JMOAssets.JMOAssets_Menu:CheckStartupUpdate ()
JMOAssets.JMOAssets_Menu:.cctor ()
System.Runtime.CompilerServices.RuntimeHelpers:RunClassConstructor (System.RuntimeTypeHandle)
UnityEditor.EditorAssemblies:ProcessInitializeOnLoadAttributes (System.Type[])

[C:\build\output\unity\unity\Modules\UnityWebRequest\Public\Prototypes\UnityWebRequestProto.h line 519]

System.InvalidOperationException: Insecure connection not allowed
  at (wrapper managed-to-native) UnityEngine.Networking.UnityWebRequest.BeginWebRequest_Injected(intptr)
  at UnityEngine.Networking.UnityWebRequest.BeginWebRequest () [0x0000f] in <a5693f6f1faf4f39a6c9cefc1a5b2555>:0 
  at UnityEngine.Networking.UnityWebRequest.SendWebRequest () [0x00001] in <a5693f6f1faf4f39a6c9cefc1a5b2555>:0 
  at UnityEngine.WWW..ctor (System.String url) [0x00014] in <37916183dd3c4f44ab9cf13ab9ae239c>:0 
  at JMOAssets.JMOAssets_Menu.StartDownload () [0x00013] in <a7aa7c6095e5420583c7f523f7294ab4>:0 
  at JMOAssets.JMOAssets_Menu.CheckStartupUpdate () [0x00001] in <a7aa7c6095e5420583c7f523f7294ab4>:0 
  at JMOAssets.JMOAssets_Menu..cctor () [0x000a1] in <a7aa7c6095e5420583c7f523f7294ab4>:0 
UnityEngine.Debug:ExtractStackTraceNoAlloc (byte*,int,string)
UnityEngine.StackTraceUtility:ExtractStackTrace ()
UnityEngine.DebugLogHandler:Internal_Log (UnityEngine.LogType,UnityEngine.LogOption,string,UnityEngine.Object)
UnityEngine.DebugLogHandler:LogFormat (UnityEngine.LogType,UnityEngine.Object,string,object[])
UnityEngine.Logger:Log (UnityEngine.LogType,object)
UnityEngine.Debug:LogError (object)
UnityEditor.EditorAssemblies:ProcessInitializeOnLoadAttributes (System.Type[])

Mono: successfully reloaded assembly
- Finished resetting the current domain, in  1.205 seconds
Domain Reload Profiling: 2430ms
	BeginReloadAssembly (256ms)
		ExecutionOrderSort (0ms)
		DisableScriptedObjects (11ms)
		BackupInstance (0ms)
		ReleaseScriptingObjects (0ms)
		CreateAndSetChildDomain (43ms)
	RebuildCommonClasses (49ms)
	RebuildNativeTypeToScriptingClass (16ms)
	initialDomainReloadingComplete (67ms)
	LoadAllAssembliesAndSetupDomain (837ms)
		LoadAssemblies (725ms)
		RebuildTransferFunctionScriptingTraits (0ms)
		AnalyzeDomain (249ms)
			TypeCache.Refresh (189ms)
				TypeCache.ScanAssembly (166ms)
			BuildScriptInfoCaches (51ms)
			ResolveRequiredComponents (5ms)
	FinalizeReload (1205ms)
		ReleaseScriptCaches (0ms)
		RebuildScriptCaches (0ms)
		SetupLoadedEditorAssemblies (1033ms)
			LogAssemblyErrors (0ms)
			InitializePlatformSupportModulesInManaged (15ms)
			SetLoadedEditorAssemblies (9ms)
			BeforeProcessingInitializeOnLoad (163ms)
			ProcessInitializeOnLoadAttributes (608ms)
			ProcessInitializeOnLoadMethodAttributes (230ms)
			AfterProcessingInitializeOnLoad (6ms)
			EditorAssembliesLoaded (0ms)
		ExecutionOrderSort2 (0ms)
		AwakeInstancesAfterBackupRestoration (13ms)
Launched and connected shader compiler UnityShaderCompiler.exe after 0.02 seconds
Refreshing native plugins compatible for Editor in 31.00 ms, found 6 plugins.
Preloading 0 native plugins for Editor in 0.00 ms.
Unloading 4 Unused Serialized files (Serialized files now loaded: 0)
Unloading 3742 unused Assets / (1.8 MB). Loaded Objects now: 4143.
Memory consumption went from 86.0 MB to 84.2 MB.
Total: 28.497600 ms (FindLiveObjects: 3.344800 ms CreateObjectMapping: 1.143800 ms MarkObjects: 20.593500 ms  DeleteObjects: 3.413100 ms)

========================================================================
Received Import Request.
  Time since last request: 154852.821059 seconds.
  path: Assets/FacebookSDK/Plugins/Facebook.Unity.dll
  artifactKey: Guid(1d48b91803b7f4897b4556a0c9a744fb) Importer(2089858483,192608db42251d675da83286b1cce702)
Start importing Assets/FacebookSDK/Plugins/Facebook.Unity.dll using Guid(1d48b91803b7f4897b4556a0c9a744fb) Importer(2089858483,192608db42251d675da83286b1cce702) (ScriptedImporter) -> (artifact id: 'b51de06382f94e6b707c99fb1e2240b4') in 0.2416744 seconds
Number of updated asset objects reloaded before import = 0Number of asset objects unloaded after import = 0

========================================================================
Received Import Request.
  Time since last request: 0.000049 seconds.
  path: Assets/Resources/BillingMode.json
  artifactKey: Guid(e62a97b273bbda44c9d08debf599fda5) Importer(2089858483,192608db42251d675da83286b1cce702)
Start importing Assets/Resources/BillingMode.json using Guid(e62a97b273bbda44c9d08debf599fda5) Importer(2089858483,192608db42251d675da83286b1cce702) (ScriptedImporter) -> (artifact id: '4fbffd21e6a82e7cec5aa44626b62817') in 0.0073734 seconds
Number of updated asset objects reloaded before import = 0Number of asset objects unloaded after import = 1

========================================================================
Received Import Request.
  Time since last request: 0.000054 seconds.
  path: Assets/FacebookSDK
  artifactKey: Guid(76117315850f61a4d8232db8b136b32d) Importer(815301076,1909f56bfc062723c751e8b465ee728b)
Start importing Assets/FacebookSDK using Guid(76117315850f61a4d8232db8b136b32d) Importer(815301076,1909f56bfc062723c751e8b465ee728b) (PreviewImporter) -> (artifact id: '8014e906f96dbfca9b16c971b2a1146a') in 0.0012604 seconds
Number of updated asset objects reloaded before import = 0Number of asset objects unloaded after import = 0

========================================================================
Received Import Request.
  Time since last request: 0.000100 seconds.
  path: Assets/FacebookSDK/Examples/GraphRequest.unity
  artifactKey: Guid(444ae7ddf432b457a97bfe42021075e3) Importer(2089858483,192608db42251d675da83286b1cce702)
Start importing Assets/FacebookSDK/Examples/GraphRequest.unity using Guid(444ae7ddf432b457a97bfe42021075e3) Importer(2089858483,192608db42251d675da83286b1cce702) (ScriptedImporter) -> (artifact id: '443975a4a4528bed83476f2e851c3353') in 0.007589 seconds
Number of updated asset objects reloaded before import = 0Number of asset objects unloaded after import = 1

========================================================================
Received Import Request.
  Time since last request: 0.000082 seconds.
  path: Assets/GameAnalytics/Editor/GameAnalyticsInspector.cs
  artifactKey: Guid(ef714624881664191ade6c6dda4bef44) Importer(2089858483,192608db42251d675da83286b1cce702)
Start importing Assets/GameAnalytics/Editor/GameAnalyticsInspector.cs using Guid(ef714624881664191ade6c6dda4bef44) Importer(2089858483,192608db42251d675da83286b1cce702) (ScriptedImporter) -> (artifact id: 'cba585af21e894015ce40f7643313ca1') in 0.0176997 seconds
Number of updated asset objects reloaded before import = 0Number of asset objects unloaded after import = 0

========================================================================
Received Import Request.
  Time since last request: 0.000115 seconds.
  path: Assets/FacebookSDK/Examples/LogView.unity
  artifactKey: Guid(c07ff0bf6bea74c2eb681ac0cae44265) Importer(2089858483,192608db42251d675da83286b1cce702)
Start importing Assets/FacebookSDK/Examples/LogView.unity using Guid(c07ff0bf6bea74c2eb681ac0cae44265) Importer(2089858483,192608db42251d675da83286b1cce702) (ScriptedImporter) -> (artifact id: '44753c4e2a3710e427a39fd06c1859c6') in 0.0085298 seconds
Number of updated asset objects reloaded before import = 0Number of asset objects unloaded after import = 1

========================================================================
Received Import Request.
  Time since last request: 0.000070 seconds.
  path: Assets/Scripting/GameManagerScript.cs
  artifactKey: Guid(ec36074308ca14c4cae8f1db5b2355af) Importer(2089858483,192608db42251d675da83286b1cce702)
Start importing Assets/Scripting/GameManagerScript.cs using Guid(ec36074308ca14c4cae8f1db5b2355af) Importer(2089858483,192608db42251d675da83286b1cce702) (ScriptedImporter) -> (artifact id: '41d4fde6da5739721dd9685746aec7da') in 0.0067721 seconds
Number of updated asset objects reloaded before import = 0Number of asset objects unloaded after import = 0

========================================================================
Received Import Request.
  Time since last request: 0.000069 seconds.
  path: Assets/Animations/ANIM_Ui_Popup.anim
  artifactKey: Guid(33ab8c17b98db1e489102470e495f9d5) Importer(2089858483,192608db42251d675da83286b1cce702)
Start importing Assets/Animations/ANIM_Ui_Popup.anim using Guid(33ab8c17b98db1e489102470e495f9d5) Importer(2089858483,192608db42251d675da83286b1cce702) (ScriptedImporter) -> (artifact id: 'dfb95ef8040476de5a725f6a6fa4c419') in 0.0245479 seconds
Number of updated asset objects reloaded before import = 0Number of asset objects unloaded after import = 1

========================================================================
Received Import Request.
  Time since last request: 0.000037 seconds.
  path: Assets/GameAnalytics/Editor/GA_ContinuationManager.cs
  artifactKey: Guid(546155fc8c8e946beb7aa56aa713067c) Importer(2089858483,192608db42251d675da83286b1cce702)
Start importing Assets/GameAnalytics/Editor/GA_ContinuationManager.cs using Guid(546155fc8c8e946beb7aa56aa713067c) Importer(2089858483,192608db42251d675da83286b1cce702) (ScriptedImporter) -> (artifact id: '732fcb9abfa4513440feda5770dc5a61') in 0.0066173 seconds
Number of updated asset objects reloaded before import = 0Number of asset objects unloaded after import = 0

========================================================================
Received Import Request.
  Time since last request: 0.000097 seconds.
  path: Assets/GameAnalytics/Editor/GA_SettingsInspector.cs
  artifactKey: Guid(771d45ab6687246f4ac00b5bf537e520) Importer(2089858483,192608db42251d675da83286b1cce702)
Start importing Assets/GameAnalytics/Editor/GA_SettingsInspector.cs using Guid(771d45ab6687246f4ac00b5bf537e520) Importer(2089858483,192608db42251d675da83286b1cce702) (ScriptedImporter) -> (artifact id: '81612baac617c276b217d0d9a53280bc') in 0.0062759 seconds
Number of updated asset objects reloaded before import = 0Number of asset objects unloaded after import = 0

========================================================================
Received Import Request.
  Time since last request: 0.000127 seconds.
  path: Assets/Models/crown.png
  artifactKey: Guid(11d08764592df5541ae0f429c87bb164) Importer(2089858483,192608db42251d675da83286b1cce702)
Start importing Assets/Models/crown.png using Guid(11d08764592df5541ae0f429c87bb164) Importer(2089858483,192608db42251d675da83286b1cce702) (ScriptedImporter) -> (artifact id: '6598d36a4c11186460abd998c535c0d1') in 0.0708437 seconds
Number of updated asset objects reloaded before import = 0Number of asset objects unloaded after import = 3

========================================================================
Received Import Request.
  Time since last request: 0.000042 seconds.
  path: Assets/Scripting/FeedbackScript.cs
  artifactKey: Guid(1e01160a163a955459470bee7bf128ba) Importer(2089858483,192608db42251d675da83286b1cce702)
Start importing Assets/Scripting/FeedbackScript.cs using Guid(1e01160a163a955459470bee7bf128ba) Importer(2089858483,192608db42251d675da83286b1cce702) (ScriptedImporter) -> (artifact id: '610f0b2f5b67069f1080871595bc2f3b') in 0.00559 seconds
Number of updated asset objects reloaded before import = 0Number of asset objects unloaded after import = 0

========================================================================
Received Import Request.
  Time since last request: 0.000057 seconds.
  path: Assets/Animations/ANIM_Basic_rotationY_slow.anim
  artifactKey: Guid(12e6fd2097fc9e044b800d55d6ff0ee7) Importer(2089858483,192608db42251d675da83286b1cce702)
Start importing Assets/Animations/ANIM_Basic_rotationY_slow.anim using Guid(12e6fd2097fc9e044b800d55d6ff0ee7) Importer(2089858483,192608db42251d675da83286b1cce702) (ScriptedImporter) -> (artifact id: 'ab796d2e05f4a0c6d5878652c0c8a200') in 0.0105551 seconds
Number of updated asset objects reloaded before import = 0Number of asset objects unloaded after import = 1

========================================================================
Received Import Request.
  Time since last request: 0.000181 seconds.
  path: Assets/JMO Assets/Cartoon FX/CartoonFX4 Readme.txt
  artifactKey: Guid(2acd736dafa403447aaba535fe9c2eea) Importer(2089858483,192608db42251d675da83286b1cce702)
Start importing Assets/JMO Assets/Cartoon FX/CartoonFX4 Readme.txt using Guid(2acd736dafa403447aaba535fe9c2eea) Importer(2089858483,192608db42251d675da83286b1cce702) (ScriptedImporter) -> (artifact id: '7683fc453ca7bfb099011039a4ae2d8c') in 0.0075148 seconds
Number of updated asset objects reloaded before import = 0Number of asset objects unloaded after import = 1

========================================================================
Received Import Request.
  Time since last request: 0.000287 seconds.
  path: Assets/JMO Assets/!JMO Assets Readme.txt
  artifactKey: Guid(4ed89c09e8e33984292721c9ef8d4e0b) Importer(2089858483,192608db42251d675da83286b1cce702)
Start importing Assets/JMO Assets/!JMO Assets Readme.txt using Guid(4ed89c09e8e33984292721c9ef8d4e0b) Importer(2089858483,192608db42251d675da83286b1cce702) (ScriptedImporter) -> (artifact id: 'fb9552dc796a2f9d39af5c74259d34ce') in 0.0098911 seconds
Number of updated asset objects reloaded before import = 0Number of asset objects unloaded after import = 1

========================================================================
Received Import Request.
  Time since last request: 0.000021 seconds.
  path: Assets/Scripting/FollowerScript.cs
  artifactKey: Guid(dafd4687769186740b93689b0d28122e) Importer(2089858483,192608db42251d675da83286b1cce702)
Start importing Assets/Scripting/FollowerScript.cs using Guid(dafd4687769186740b93689b0d28122e) Importer(2089858483,192608db42251d675da83286b1cce702) (ScriptedImporter) -> (artifact id: 'ea6516414e45aab46da2bc7787182212') in 0.0059595 seconds
Number of updated asset objects reloaded before import = 0Number of asset objects unloaded after import = 0

========================================================================
Received Import Request.
  Time since last request: 0.000174 seconds.
  path: Assets/GameAnalytics/Editor/GA_EditorUtilities.cs
  artifactKey: Guid(dfd276755e3d24398b20a727ba63f40a) Importer(2089858483,192608db42251d675da83286b1cce702)
Start importing Assets/GameAnalytics/Editor/GA_EditorUtilities.cs using Guid(dfd276755e3d24398b20a727ba63f40a) Importer(2089858483,192608db42251d675da83286b1cce702) (ScriptedImporter) -> (artifact id: 'b72f13d897198a5aa6c1cf8ecba65a17') in 0.0062693 seconds
Number of updated asset objects reloaded before import = 0Number of asset objects unloaded after import = 0

========================================================================
Received Import Request.
  Time since last request: 0.000278 seconds.
  path: Assets/Scripting/SpacializedItemScript.cs
  artifactKey: Guid(c243016b0000b08459e624f814bcaf52) Importer(2089858483,192608db42251d675da83286b1cce702)
Start importing Assets/Scripting/SpacializedItemScript.cs using Guid(c243016b0000b08459e624f814bcaf52) Importer(2089858483,192608db42251d675da83286b1cce702) (ScriptedImporter) -> (artifact id: '39575c1e574c1c86b83433865a7681a9') in 0.0072815 seconds
Number of updated asset objects reloaded before import = 0Number of asset objects unloaded after import = 0

========================================================================
Received Import Request.
  Time since last request: 0.000137 seconds.
  path: Assets/Scripting/UtilityScript.cs
  artifactKey: Guid(27fcaa9f1e1abac4f95890e95d57e6b3) Importer(2089858483,192608db42251d675da83286b1cce702)
Start importing Assets/Scripting/UtilityScript.cs using Guid(27fcaa9f1e1abac4f95890e95d57e6b3) Importer(2089858483,192608db42251d675da83286b1cce702) (ScriptedImporter) -> (artifact id: '6833275bffcc5937d8a51cf9ca29307a') in 0.0070609 seconds
Number of updated asset objects reloaded before import = 0Number of asset objects unloaded after import = 0

========================================================================
Received Import Request.
  Time since last request: 0.000176 seconds.
  path: Assets/Animations/ANIM_Ui_FadeIn.anim
  artifactKey: Guid(19c4b852b577ace40b28cd48f59473b8) Importer(2089858483,192608db42251d675da83286b1cce702)
Start importing Assets/Animations/ANIM_Ui_FadeIn.anim using Guid(19c4b852b577ace40b28cd48f59473b8) Importer(2089858483,192608db42251d675da83286b1cce702) (ScriptedImporter) -> (artifact id: '254bd62ce9939d2ddfe41133f6b220cd') in 0.0082842 seconds
Number of updated asset objects reloaded before import = 0Number of asset objects unloaded after import = 1

========================================================================
Received Import Request.
  Time since last request: 0.000208 seconds.
  path: Assets/Scripting/SatelliteScript.cs
  artifactKey: Guid(c70a336311e432b48bd776a669efb8ad) Importer(2089858483,192608db42251d675da83286b1cce702)
Start importing Assets/Scripting/SatelliteScript.cs using Guid(c70a336311e432b48bd776a669efb8ad) Importer(2089858483,192608db42251d675da83286b1cce702) (ScriptedImporter) -> (artifact id: 'ae32ad8b4e5bdb516ca06dfeb7fc8525') in 0.0055978 seconds
Number of updated asset objects reloaded before import = 0Number of asset objects unloaded after import = 0

========================================================================
Received Import Request.
  Time since last request: 0.000164 seconds.
  path: Assets/Models/Cylindre_Asset.fbx
  artifactKey: Guid(5ddc441ecd790544d8a5a0aa39e07bf2) Importer(2089858483,192608db42251d675da83286b1cce702)
Start importing Assets/Models/Cylindre_Asset.fbx using Guid(5ddc441ecd790544d8a5a0aa39e07bf2) Importer(2089858483,192608db42251d675da83286b1cce702) (ScriptedImporter) -> (artifact id: '3cdfa3b2bacb4f4c067c734026ea51e9') in 0.0856765 seconds
Number of updated asset objects reloaded before import = 0Number of asset objects unloaded after import = 8

========================================================================
Received Import Request.
  Time since last request: 0.000033 seconds.
  path: Assets/Models/title.png
  artifactKey: Guid(75d847e26137fb7468618affb168ca53) Importer(2089858483,192608db42251d675da83286b1cce702)
Start importing Assets/Models/title.png using Guid(75d847e26137fb7468618affb168ca53) Importer(2089858483,192608db42251d675da83286b1cce702) (ScriptedImporter) -> (artifact id: 'eebdd5bac3c88d643b2151a975ce88bd') in 0.0204781 seconds
Number of updated asset objects reloaded before import = 0Number of asset objects unloaded after import = 3

========================================================================
Received Import Request.
  Time since last request: 0.000035 seconds.
  path: Assets/Scripting/SpatializationManagerScript.cs
  artifactKey: Guid(8c6c818bc8b29ed4bb9400ae80e2c7b5) Importer(2089858483,192608db42251d675da83286b1cce702)
Start importing Assets/Scripting/SpatializationManagerScript.cs using Guid(8c6c818bc8b29ed4bb9400ae80e2c7b5) Importer(2089858483,192608db42251d675da83286b1cce702) (ScriptedImporter) -> (artifact id: '4b8c6d4fb3d2a4e1962b813a72cc0514') in 0.0078852 seconds
Number of updated asset objects reloaded before import = 0Number of asset objects unloaded after import = 0

========================================================================
Received Import Request.
  Time since last request: 0.000234 seconds.
  path: Assets/Scripting/FacebookScript.cs
  artifactKey: Guid(06ce80db8cc8e4378899b6f5514ef3cc) Importer(2089858483,192608db42251d675da83286b1cce702)
Start importing Assets/Scripting/FacebookScript.cs using Guid(06ce80db8cc8e4378899b6f5514ef3cc) Importer(2089858483,192608db42251d675da83286b1cce702) (ScriptedImporter) -> (artifact id: 'b3fbf7b9568f0ae9738a579613583ecd') in 0.0064793 seconds
Number of updated asset objects reloaded before import = 0Number of asset objects unloaded after import = 0

========================================================================
Received Import Request.
  Time since last request: 0.000130 seconds.
  path: Assets/Models/circle_grey.png
  artifactKey: Guid(5fac97f0d98937342b54e45f9866ea96) Importer(2089858483,192608db42251d675da83286b1cce702)
Start importing Assets/Models/circle_grey.png using Guid(5fac97f0d98937342b54e45f9866ea96) Importer(2089858483,192608db42251d675da83286b1cce702) (ScriptedImporter) -> (artifact id: '73a208b2c4620ee24264c1f1d9fecd52') in 0.044679 seconds
Number of updated asset objects reloaded before import = 0Number of asset objects unloaded after import = 3

========================================================================
Received Import Request.
  Time since last request: 0.000029 seconds.
  path: Assets/Models/star_red(2).png
  artifactKey: Guid(90e183e650fb32f4b970b772503a52e5) Importer(2089858483,192608db42251d675da83286b1cce702)
Start importing Assets/Models/star_red(2).png using Guid(90e183e650fb32f4b970b772503a52e5) Importer(2089858483,192608db42251d675da83286b1cce702) (ScriptedImporter) -> (artifact id: '014145373da7a7169bd0d08674cd99e0') in 0.0166574 seconds
Number of updated asset objects reloaded before import = 0Number of asset objects unloaded after import = 3

========================================================================
Received Import Request.
  Time since last request: 0.000031 seconds.
  path: Assets/Animations/ModelPivot.controller
  artifactKey: Guid(eda3378d1f929ef499b9d81586e3da91) Importer(2089858483,192608db42251d675da83286b1cce702)
Start importing Assets/Animations/ModelPivot.controller using Guid(eda3378d1f929ef499b9d81586e3da91) Importer(2089858483,192608db42251d675da83286b1cce702) (ScriptedImporter) -> (artifact id: '98e9a23f4b4fa1e7f5340e752f508477') in 0.012609 seconds
Number of updated asset objects reloaded before import = 0Number of asset objects unloaded after import = 21

========================================================================
Received Import Request.
  Time since last request: 0.000041 seconds.
  path: Assets/JMO Assets/Cartoon FX Easy Editor/CartoonFX Easy Editor Readme.txt
  artifactKey: Guid(459d1fc7f02e45a45806af5efd38b025) Importer(2089858483,192608db42251d675da83286b1cce702)
Start importing Assets/JMO Assets/Cartoon FX Easy Editor/CartoonFX Easy Editor Readme.txt using Guid(459d1fc7f02e45a45806af5efd38b025) Importer(2089858483,192608db42251d675da83286b1cce702) (ScriptedImporter) -> (artifact id: 'a67152b6e0209d7ec9e0ab23a8cd8957') in 0.0077381 seconds
Number of updated asset objects reloaded before import = 0Number of asset objects unloaded after import = 1

========================================================================
Received Import Request.
  Time since last request: 0.000168 seconds.
  path: Assets/FacebookSDK/Examples/AppRequests.unity
  artifactKey: Guid(c2250c9c5cf00425384401321f8dffb4) Importer(2089858483,192608db42251d675da83286b1cce702)
Start importing Assets/FacebookSDK/Examples/AppRequests.unity using Guid(c2250c9c5cf00425384401321f8dffb4) Importer(2089858483,192608db42251d675da83286b1cce702) (ScriptedImporter) -> (artifact id: 'fc03658b811383bab7c438b611847778') in 0.0087154 seconds
Number of updated asset objects reloaded before import = 0Number of asset objects unloaded after import = 1

========================================================================
Received Import Request.
  Time since last request: 0.000126 seconds.
  path: Assets/Scripting/CircularObstacleScript.cs
  artifactKey: Guid(135d3cad36e57f64e9d37e9c530bf7b3) Importer(2089858483,192608db42251d675da83286b1cce702)
Start importing Assets/Scripting/CircularObstacleScript.cs using Guid(135d3cad36e57f64e9d37e9c530bf7b3) Importer(2089858483,192608db42251d675da83286b1cce702) (ScriptedImporter) -> (artifact id: 'ba10717103cd3d794b4db3f5cdd97f4b') in 0.0078056 seconds
Number of updated asset objects reloaded before import = 0Number of asset objects unloaded after import = 0

========================================================================
Received Import Request.
  Time since last request: 0.000087 seconds.
  path: Assets/Animations/ANIM_Ui_Hidden.anim
  artifactKey: Guid(609c8208ddda1434fa7aadea70abf7f4) Importer(2089858483,192608db42251d675da83286b1cce702)
Start importing Assets/Animations/ANIM_Ui_Hidden.anim using Guid(609c8208ddda1434fa7aadea70abf7f4) Importer(2089858483,192608db42251d675da83286b1cce702) (ScriptedImporter) -> (artifact id: '9c2fd9b20c169b1ac214c778e87231bb') in 0.0129004 seconds
Number of updated asset objects reloaded before import = 0Number of asset objects unloaded after import = 1

========================================================================
Received Import Request.
  Time since last request: 0.000075 seconds.
  path: Assets/Animations/ANIM_Basic_Pop.anim
  artifactKey: Guid(b907cfb266cc60444a0f5910a2b9686e) Importer(2089858483,192608db42251d675da83286b1cce702)
Start importing Assets/Animations/ANIM_Basic_Pop.anim using Guid(b907cfb266cc60444a0f5910a2b9686e) Importer(2089858483,192608db42251d675da83286b1cce702) (ScriptedImporter) -> (artifact id: '675a4a1a6677e7b1349d8f53d3f5964c') in 0.0126379 seconds
Number of updated asset objects reloaded before import = 0Number of asset objects unloaded after import = 1

========================================================================
Received Import Request.
  Time since last request: 0.000168 seconds.
  path: Assets/PlayServicesResolver/Editor/Google.IOSResolver_v1.2.59.0.dll
  artifactKey: Guid(d995595698a54f059c17320da80f4815) Importer(2089858483,192608db42251d675da83286b1cce702)
Start importing Assets/PlayServicesResolver/Editor/Google.IOSResolver_v1.2.59.0.dll using Guid(d995595698a54f059c17320da80f4815) Importer(2089858483,192608db42251d675da83286b1cce702) (ScriptedImporter) -> (artifact id: '0b1a2639d55b349281fe97098865d34a') in 0.0174512 seconds
Number of updated asset objects reloaded before import = 0Number of asset objects unloaded after import = 0

========================================================================
Received Import Request.
  Time since last request: 0.000115 seconds.
  path: Assets/GameAnalytics/Editor/GA_Menu.cs
  artifactKey: Guid(406a6696e05cc447c8d6a01396d21b90) Importer(2089858483,192608db42251d675da83286b1cce702)
Start importing Assets/GameAnalytics/Editor/GA_Menu.cs using Guid(406a6696e05cc447c8d6a01396d21b90) Importer(2089858483,192608db42251d675da83286b1cce702) (ScriptedImporter) -> (artifact id: '887cac6f05eaa2ad13c902d14dcccf4e') in 0.008803 seconds
Number of updated asset objects reloaded before import = 0Number of asset objects unloaded after import = 0

========================================================================
Received Import Request.
  Time since last request: 0.000158 seconds.
  path: Assets/Models/Materials/MAT_Player.mat
  artifactKey: Guid(380dd7697e88840439c4774072ca1ebc) Importer(2089858483,192608db42251d675da83286b1cce702)
Start importing Assets/Models/Materials/MAT_Player.mat using Guid(380dd7697e88840439c4774072ca1ebc) Importer(2089858483,192608db42251d675da83286b1cce702) (ScriptedImporter) -> (artifact id: 'a45eecb9fe6a3b128faa65989d9e8c61') in 0.0200056 seconds
Number of updated asset objects reloaded before import = 0Number of asset objects unloaded after import = 1

========================================================================
Received Import Request.
  Time since last request: 0.000088 seconds.
  path: Assets/Models/Materials/MAT_PlayerEyes.mat
  artifactKey: Guid(0f8beeb38b83933429552974a87c7bea) Importer(2089858483,192608db42251d675da83286b1cce702)
Start importing Assets/Models/Materials/MAT_PlayerEyes.mat using Guid(0f8beeb38b83933429552974a87c7bea) Importer(2089858483,192608db42251d675da83286b1cce702) (ScriptedImporter) -> (artifact id: 'e1db2dc089987aebbfc56a35557b3a02') in 0.0103075 seconds
Number of updated asset objects reloaded before import = 0Number of asset objects unloaded after import = 1

========================================================================
Received Import Request.
  Time since last request: 0.000186 seconds.
  path: Assets/FacebookSDK/link.xml
  artifactKey: Guid(51f4619c385224a23a3edb9092c7d49b) Importer(2089858483,192608db42251d675da83286b1cce702)
Start importing Assets/FacebookSDK/link.xml using Guid(51f4619c385224a23a3edb9092c7d49b) Importer(2089858483,192608db42251d675da83286b1cce702) (ScriptedImporter) -> (artifact id: '116ac4d9e95ec1f392532700e1d67b67') in 0.0080711 seconds
Number of updated asset objects reloaded before import = 0Number of asset objects unloaded after import = 1

========================================================================
Received Import Request.
  Time since last request: 0.000130 seconds.
  path: Assets/Fonts/ConcertOne-Regular.ttf
  artifactKey: Guid(98e2b45b41e8cd249824b5f27c1f6f79) Importer(2089858483,192608db42251d675da83286b1cce702)
Start importing Assets/Fonts/ConcertOne-Regular.ttf using Guid(98e2b45b41e8cd249824b5f27c1f6f79) Importer(2089858483,192608db42251d675da83286b1cce702) (ScriptedImporter) -> (artifact id: '6bbe1c82f623f6e5653252027618fd1e') in 0.0265004 seconds
Number of updated asset objects reloaded before import = 0Number of asset objects unloaded after import = 3

========================================================================
Received Import Request.
  Time since last request: 0.000052 seconds.
  path: Assets/Animations/UiPivot_Launch.controller
  artifactKey: Guid(406ca73c48d5cdb4392c11aa455aff74) Importer(2089858483,192608db42251d675da83286b1cce702)
Start importing Assets/Animations/UiPivot_Launch.controller using Guid(406ca73c48d5cdb4392c11aa455aff74) Importer(2089858483,192608db42251d675da83286b1cce702) (ScriptedImporter) -> (artifact id: '7e2fa750ff5ff0660698e2dea821443d') in 0.0156973 seconds
Number of updated asset objects reloaded before import = 0Number of asset objects unloaded after import = 14

========================================================================
Received Import Request.
  Time since last request: 0.000043 seconds.
  path: Assets/Scripting/FollowerManagerScript.cs
  artifactKey: Guid(fcbe606535d330e4298748cce8ed4654) Importer(2089858483,192608db42251d675da83286b1cce702)
Start importing Assets/Scripting/FollowerManagerScript.cs using Guid(fcbe606535d330e4298748cce8ed4654) Importer(2089858483,192608db42251d675da83286b1cce702) (ScriptedImporter) -> (artifact id: '80ebd8d10737287f0efa40d5bbe2b3c5') in 0.0103225 seconds
Number of updated asset objects reloaded before import = 0Number of asset objects unloaded after import = 0

========================================================================
Received Import Request.
  Time since last request: 0.000280 seconds.
  path: Assets/GameAnalytics/Editor/GA_PostprocessBuild.cs
  artifactKey: Guid(19da6243a1a7449a585f5f945b7a1f94) Importer(2089858483,192608db42251d675da83286b1cce702)
Start importing Assets/GameAnalytics/Editor/GA_PostprocessBuild.cs using Guid(19da6243a1a7449a585f5f945b7a1f94) Importer(2089858483,192608db42251d675da83286b1cce702) (ScriptedImporter) -> (artifact id: '85546ec48f77c71d7e21cd6a919bfbba') in 0.007972 seconds
Number of updated asset objects reloaded before import = 0Number of asset objects unloaded after import = 0

========================================================================
Received Import Request.
  Time since last request: 0.000222 seconds.
  path: Assets/Scripting/SimpleRotatorScript.cs
  artifactKey: Guid(852e20b39d1de0b4c81ac6874e066151) Importer(2089858483,192608db42251d675da83286b1cce702)
Start importing Assets/Scripting/SimpleRotatorScript.cs using Guid(852e20b39d1de0b4c81ac6874e066151) Importer(2089858483,192608db42251d675da83286b1cce702) (ScriptedImporter) -> (artifact id: '96816795d62d7835c10d94b8cafe673d') in 0.0100067 seconds
Number of updated asset objects reloaded before import = 0Number of asset objects unloaded after import = 0

========================================================================
Received Import Request.
  Time since last request: 0.000257 seconds.
  path: Assets/FacebookSDK/Examples/Pay.unity
  artifactKey: Guid(3ee189cdb21ea4bdb9d7022a0780c44c) Importer(2089858483,192608db42251d675da83286b1cce702)
Start importing Assets/FacebookSDK/Examples/Pay.unity using Guid(3ee189cdb21ea4bdb9d7022a0780c44c) Importer(2089858483,192608db42251d675da83286b1cce702) (ScriptedImporter) -> (artifact id: '346d2ed4c5358ef722f80a8c8b949bcf') in 0.0108798 seconds
Number of updated asset objects reloaded before import = 0Number of asset objects unloaded after import = 1

========================================================================
Received Import Request.
  Time since last request: 0.000183 seconds.
  path: Assets/FacebookSDK/Examples/DialogShare.unity
  artifactKey: Guid(190c345841ecc464e9a122f04369757e) Importer(2089858483,192608db42251d675da83286b1cce702)
Start importing Assets/FacebookSDK/Examples/DialogShare.unity using Guid(190c345841ecc464e9a122f04369757e) Importer(2089858483,192608db42251d675da83286b1cce702) (ScriptedImporter) -> (artifact id: '7c01cce6059a855a8b2062d8c896c818') in 0.0127401 seconds
Number of updated asset objects reloaded before import = 0Number of asset objects unloaded after import = 1

========================================================================
Received Import Request.
  Time since last request: 0.000210 seconds.
  path: Assets/Physics/PhMAT_Normal.physicMaterial
  artifactKey: Guid(f1686662c723ae040b6b86b53b24ee3e) Importer(2089858483,192608db42251d675da83286b1cce702)
Start importing Assets/Physics/PhMAT_Normal.physicMaterial using Guid(f1686662c723ae040b6b86b53b24ee3e) Importer(2089858483,192608db42251d675da83286b1cce702) (ScriptedImporter) -> (artifact id: 'a934370a57aa341938226b821f94d15b') in 0.0153203 seconds
Number of updated asset objects reloaded before import = 0Number of asset objects unloaded after import = 1

========================================================================
Received Import Request.
  Time since last request: 0.000145 seconds.
  path: Assets/Prefabs/base_spatializedItem.prefab
  artifactKey: Guid(8d6f834dfc3619342afd3e330533159b) Importer(2089858483,192608db42251d675da83286b1cce702)
Start importing Assets/Prefabs/base_spatializedItem.prefab using Guid(8d6f834dfc3619342afd3e330533159b) Importer(2089858483,192608db42251d675da83286b1cce702) (ScriptedImporter) -> (artifact id: '2ffa7ca6fd448a060dbb9619a07fa357') in 0.0576499 seconds
Number of updated asset objects reloaded before import = 0Number of asset objects unloaded after import = 16

========================================================================
Received Import Request.
  Time since last request: 0.000048 seconds.
  path: Assets/Scenes/_tests/SC_TestSpatialization.unity
  artifactKey: Guid(ac938041531aadb45bea894ca6ce3ea8) Importer(2089858483,192608db42251d675da83286b1cce702)
Start importing Assets/Scenes/_tests/SC_TestSpatialization.unity using Guid(ac938041531aadb45bea894ca6ce3ea8) Importer(2089858483,192608db42251d675da83286b1cce702) (ScriptedImporter) -> (artifact id: '65e0614d718a1ff21d7f66a0b6ecd244') in 0.0093093 seconds
Number of updated asset objects reloaded before import = 0Number of asset objects unloaded after import = 1

========================================================================
Received Import Request.
  Time since last request: 0.000062 seconds.
  path: Assets/Plugins/Android/support-annotations-25.3.1.jar
  artifactKey: Guid(1723e48467adb0747ada4db855732f13) Importer(2089858483,192608db42251d675da83286b1cce702)
Start importing Assets/Plugins/Android/support-annotations-25.3.1.jar using Guid(1723e48467adb0747ada4db855732f13) Importer(2089858483,192608db42251d675da83286b1cce702) (ScriptedImporter) -> (artifact id: '7826f1115d7e8ecbda34e5dbce986a39') in 0.0083133 seconds
Number of updated asset objects reloaded before import = 0Number of asset objects unloaded after import = 0

========================================================================
Received Import Request.
  Time since last request: 0.000253 seconds.
  path: Assets/Plugins/Android/support-media-compat-25.3.1.aar
  artifactKey: Guid(669fdb5b11d268146bcb538f9833f161) Importer(2089858483,192608db42251d675da83286b1cce702)
Start importing Assets/Plugins/Android/support-media-compat-25.3.1.aar using Guid(669fdb5b11d268146bcb538f9833f161) Importer(2089858483,192608db42251d675da83286b1cce702) (ScriptedImporter) -> (artifact id: '319d02c88db812ead4fab902b9234374') in 0.0109395 seconds
Number of updated asset objects reloaded before import = 0Number of asset objects unloaded after import = 0

========================================================================
Received Import Request.
  Time since last request: 0.000176 seconds.
  path: Assets/JMO Assets/Cartoon FX/Shaders/CFX4 Particle AlphaBlend+AddSoft VColor.shader
  artifactKey: Guid(9eced5b8a4173204b8826c6bb83eea20) Importer(2089858483,192608db42251d675da83286b1cce702)
Start importing Assets/JMO Assets/Cartoon FX/Shaders/CFX4 Particle AlphaBlend+AddSoft VColor.shader using Guid(9eced5b8a4173204b8826c6bb83eea20) Importer(2089858483,192608db42251d675da83286b1cce702) (ScriptedImporter) -> (artifact id: '471e65594ed6d7d2b818b92500e4e0b2') in 0.0248157 seconds
Number of updated asset objects reloaded before import = 0Number of asset objects unloaded after import = 1

========================================================================
Received Import Request.
  Time since last request: 0.000182 seconds.
  path: Assets/Scenes/_tests/SC_TestOrbital.unity
  artifactKey: Guid(d10c5fe3f757f364e8fed956fcb261dd) Importer(2089858483,192608db42251d675da83286b1cce702)
Start importing Assets/Scenes/_tests/SC_TestOrbital.unity using Guid(d10c5fe3f757f364e8fed956fcb261dd) Importer(2089858483,192608db42251d675da83286b1cce702) (ScriptedImporter) -> (artifact id: 'e15e7a8752316780f171279f7bbaf996') in 0.0314244 seconds
Number of updated asset objects reloaded before import = 0Number of asset objects unloaded after import = 1

========================================================================
Received Import Request.
  Time since last request: 0.000034 seconds.
  path: Assets/Plugins/Tizen/libGameAnalytics.a
  artifactKey: Guid(87b563831833df94b948b555664a4412) Importer(2089858483,192608db42251d675da83286b1cce702)
Start importing Assets/Plugins/Tizen/libGameAnalytics.a using Guid(87b563831833df94b948b555664a4412) Importer(2089858483,192608db42251d675da83286b1cce702) (ScriptedImporter) -> (artifact id: 'f9c56ff4c6bee27bd3565ee19329d2a9') in 0.0142884 seconds
Number of updated asset objects reloaded before import = 0Number of asset objects unloaded after import = 0

========================================================================
Received Import Request.
  Time since last request: 0.000272 seconds.
  path: Assets/Plugins/WSA/GameAnalytics.UWP.dll
  artifactKey: Guid(fd56b16c69a3bf545afee5b47c17e928) Importer(2089858483,192608db42251d675da83286b1cce702)
Start importing Assets/Plugins/WSA/GameAnalytics.UWP.dll using Guid(fd56b16c69a3bf545afee5b47c17e928) Importer(2089858483,192608db42251d675da83286b1cce702) (ScriptedImporter) -> (artifact id: '5629a54c7f37ca257dd81a5da930453d') in 0.0102645 seconds
Number of updated asset objects reloaded before import = 0Number of asset objects unloaded after import = 0

========================================================================
Received Import Request.
  Time since last request: 0.000215 seconds.
  path: Assets/Plugins/iOS/libGameAnalytics.a
  artifactKey: Guid(2d56f07645a844a4c9cd1186cf2e3d40) Importer(2089858483,192608db42251d675da83286b1cce702)
Start importing Assets/Plugins/iOS/libGameAnalytics.a using Guid(2d56f07645a844a4c9cd1186cf2e3d40) Importer(2089858483,192608db42251d675da83286b1cce702) (ScriptedImporter) -> (artifact id: 'ddbc641f49c69b55ae397fbba0197217') in 0.0096957 seconds
Number of updated asset objects reloaded before import = 0Number of asset objects unloaded after import = 0

========================================================================
Received Import Request.
  Time since last request: 0.000199 seconds.
  path: Assets/JMO Assets/Cartoon FX/Shaders/CFX3 Multiply Color.shader
  artifactKey: Guid(d09abe9036011f94a9e27ccc73cea0ac) Importer(2089858483,192608db42251d675da83286b1cce702)
Start importing Assets/JMO Assets/Cartoon FX/Shaders/CFX3 Multiply Color.shader using Guid(d09abe9036011f94a9e27ccc73cea0ac) Importer(2089858483,192608db42251d675da83286b1cce702) (ScriptedImporter) -> (artifact id: '7859b3e6a3b2f2a0fd3465d192a0892c') in 0.0096265 seconds
Number of updated asset objects reloaded before import = 0Number of asset objects unloaded after import = 1

========================================================================
Received Import Request.
  Time since last request: 0.000169 seconds.
  path: Assets/JMO Assets/Cartoon FX/Scripts/CFX_ShurikenThreadFix.cs
  artifactKey: Guid(275fc5543f4e43c48a8b9ce3c3b559e0) Importer(2089858483,192608db42251d675da83286b1cce702)
Start importing Assets/JMO Assets/Cartoon FX/Scripts/CFX_ShurikenThreadFix.cs using Guid(275fc5543f4e43c48a8b9ce3c3b559e0) Importer(2089858483,192608db42251d675da83286b1cce702) (ScriptedImporter) -> (artifact id: 'b984c822f667e1a4bf0eb8b6a4ad055f') in 0.0100509 seconds
Number of updated asset objects reloaded before import = 0Number of asset objects unloaded after import = 0

========================================================================
Received Import Request.
  Time since last request: 0.000180 seconds.
  path: Assets/Plugins/iOS/GameAnalyticsUnity.m
  artifactKey: Guid(1be0c7b0c717943a2bee44e5a7831b08) Importer(2089858483,192608db42251d675da83286b1cce702)
Start importing Assets/Plugins/iOS/GameAnalyticsUnity.m using Guid(1be0c7b0c717943a2bee44e5a7831b08) Importer(2089858483,192608db42251d675da83286b1cce702) (ScriptedImporter) -> (artifact id: '04862339911d928b33037646f14bf97b') in 0.0098832 seconds
Number of updated asset objects reloaded before import = 0Number of asset objects unloaded after import = 0

========================================================================
Received Import Request.
  Time since last request: 0.000215 seconds.
  path: Assets/FacebookSDK/Plugins/Gameroom/FacebookNamedPipeClient.dll
  artifactKey: Guid(58581db2ce50b43ba97a9433fa98994e) Importer(2089858483,192608db42251d675da83286b1cce702)
Start importing Assets/FacebookSDK/Plugins/Gameroom/FacebookNamedPipeClient.dll using Guid(58581db2ce50b43ba97a9433fa98994e) Importer(2089858483,192608db42251d675da83286b1cce702) (ScriptedImporter) -> (artifact id: '9555f4285b19e336e5c0b0e304bf6f3c') in 0.007672 seconds
Number of updated asset objects reloaded before import = 0Number of asset objects unloaded after import = 0

========================================================================
Received Import Request.
  Time since last request: 0.000206 seconds.
  path: Assets/Plugins/Android/support-vector-drawable-25.3.1.aar
  artifactKey: Guid(247f739bda917e74a8911c1874e7bb6d) Importer(2089858483,192608db42251d675da83286b1cce702)
Start importing Assets/Plugins/Android/support-vector-drawable-25.3.1.aar using Guid(247f739bda917e74a8911c1874e7bb6d) Importer(2089858483,192608db42251d675da83286b1cce702) (ScriptedImporter) -> (artifact id: '9641398061df7f8e2f60107c70657d8b') in 0.0102237 seconds
Number of updated asset objects reloaded before import = 0Number of asset objects unloaded after import = 0

========================================================================
Received Import Request.
  Time since last request: 0.000251 seconds.
  path: Assets/JMO Assets/Cartoon FX/Mesh/CFX_Quad_Z.fbx
  artifactKey: Guid(97b39370f63444d468e3df532dbd65cd) Importer(2089858483,192608db42251d675da83286b1cce702)
Start importing Assets/JMO Assets/Cartoon FX/Mesh/CFX_Quad_Z.fbx using Guid(97b39370f63444d468e3df532dbd65cd) Importer(2089858483,192608db42251d675da83286b1cce702) (ScriptedImporter) -> (artifact id: '10d5d8f4c731a258863bfafcc2b5f77c') in 0.022975 seconds
Number of updated asset objects reloaded before import = 0Number of asset objects unloaded after import = 7

========================================================================
Received Import Request.
  Time since last request: 0.000041 seconds.
  path: Assets/Scenes/_tests/SC_TestOrbital_2.unity
  artifactKey: Guid(891d00f61b370724894aed85e3b1774b) Importer(2089858483,192608db42251d675da83286b1cce702)
Start importing Assets/Scenes/_tests/SC_TestOrbital_2.unity using Guid(891d00f61b370724894aed85e3b1774b) Importer(2089858483,192608db42251d675da83286b1cce702) (ScriptedImporter) -> (artifact id: 'b721acc6fa57c9a258d85235a23f0a6e') in 0.0335303 seconds
Number of updated asset objects reloaded before import = 0Number of asset objects unloaded after import = 1

========================================================================
Received Import Request.
  Time since last request: 0.000162 seconds.
  path: Assets/FacebookSDK/Examples/Textures/White.psd
  artifactKey: Guid(6f2bd1fb3a7ec4616b4311f171db577d) Importer(2089858483,192608db42251d675da83286b1cce702)
Start importing Assets/FacebookSDK/Examples/Textures/White.psd using Guid(6f2bd1fb3a7ec4616b4311f171db577d) Importer(2089858483,192608db42251d675da83286b1cce702) (ScriptedImporter) -> (artifact id: 'fcad9273e146f878dc511a29cfe23709') in 0.024399 seconds
Number of updated asset objects reloaded before import = 0Number of asset objects unloaded after import = 1

========================================================================
Received Import Request.
  Time since last request: 0.000079 seconds.
  path: Assets/Gizmos/GameAnalytics/Images/info.png
  artifactKey: Guid(1b4dd779aadd54ac88856975af0d3c0a) Importer(2089858483,192608db42251d675da83286b1cce702)
Start importing Assets/Gizmos/GameAnalytics/Images/info.png using Guid(1b4dd779aadd54ac88856975af0d3c0a) Importer(2089858483,192608db42251d675da83286b1cce702) (ScriptedImporter) -> (artifact id: 'ee1879f6cc1fafb691cd82a949f33498') in 0.0281219 seconds
Number of updated asset objects reloaded before import = 0Number of asset objects unloaded after import = 1

========================================================================
Received Import Request.
  Time since last request: 0.000091 seconds.
  path: Assets/Gizmos/GameAnalytics/Images/game.png
  artifactKey: Guid(a9ac7103fc40b4e00923bf8c2cb5d30f) Importer(2089858483,192608db42251d675da83286b1cce702)
Start importing Assets/Gizmos/GameAnalytics/Images/game.png using Guid(a9ac7103fc40b4e00923bf8c2cb5d30f) Importer(2089858483,192608db42251d675da83286b1cce702) (ScriptedImporter) -> (artifact id: 'fe1c33fcd587875c24c9c57b560baa23') in 0.0196814 seconds
Number of updated asset objects reloaded before import = 0Number of asset objects unloaded after import = 1

========================================================================
Received Import Request.
  Time since last request: 0.000082 seconds.
  path: Assets/JMO Assets/Cartoon FX/Scripts/CFX_AutoDestructShuriken.cs
  artifactKey: Guid(6fd2e8874f60266498a388d7229a1bac) Importer(2089858483,192608db42251d675da83286b1cce702)
Start importing Assets/JMO Assets/Cartoon FX/Scripts/CFX_AutoDestructShuriken.cs using Guid(6fd2e8874f60266498a388d7229a1bac) Importer(2089858483,192608db42251d675da83286b1cce702) (ScriptedImporter) -> (artifact id: 'd45386d001c51e9cb7b78b7707390542') in 0.0104753 seconds
Number of updated asset objects reloaded before import = 0Number of asset objects unloaded after import = 0

========================================================================
Received Import Request.
  Time since last request: 0.000227 seconds.
  path: Assets/GameAnalytics/Plugins/Playmaker/SendDesignEvent.cs
  artifactKey: Guid(69088c40a9088448b931f5688693ff5d) Importer(2089858483,192608db42251d675da83286b1cce702)
Start importing Assets/GameAnalytics/Plugins/Playmaker/SendDesignEvent.cs using Guid(69088c40a9088448b931f5688693ff5d) Importer(2089858483,192608db42251d675da83286b1cce702) (ScriptedImporter) -> (artifact id: '321e6aae2ec5756c1c6576bea5908874') in 0.0115362 seconds
Number of updated asset objects reloaded before import = 0Number of asset objects unloaded after import = 0

========================================================================
Received Import Request.
  Time since last request: 0.000127 seconds.
  path: Assets/JMO Assets/Cartoon FX/Editor/CFX_InspectorHelpEditor.cs
  artifactKey: Guid(5fefbc813de49524d89e5fcce98dc957) Importer(2089858483,192608db42251d675da83286b1cce702)
Start importing Assets/JMO Assets/Cartoon FX/Editor/CFX_InspectorHelpEditor.cs using Guid(5fefbc813de49524d89e5fcce98dc957) Importer(2089858483,192608db42251d675da83286b1cce702) (ScriptedImporter) -> (artifact id: 'aa6107c1ce7215d4ac3891099670e902') in 0.0087479 seconds
Number of updated asset objects reloaded before import = 0Number of asset objects unloaded after import = 0

========================================================================
Received Import Request.
  Time since last request: 0.000146 seconds.
  path: Assets/FacebookSDK/Examples/Scripts/MenuBase.cs
  artifactKey: Guid(8f28f9112a7d44d3c999fbd95333abbb) Importer(2089858483,192608db42251d675da83286b1cce702)
Start importing Assets/FacebookSDK/Examples/Scripts/MenuBase.cs using Guid(8f28f9112a7d44d3c999fbd95333abbb) Importer(2089858483,192608db42251d675da83286b1cce702) (ScriptedImporter) -> (artifact id: '8e3833cb641dbf6658d4a50dd8df7305') in 0.0079346 seconds
Number of updated asset objects reloaded before import = 0Number of asset objects unloaded after import = 0

========================================================================
Received Import Request.
  Time since last request: 0.000117 seconds.
  path: Assets/JMO Assets/Cartoon FX/Shaders/CFX3 Invert.shader
  artifactKey: Guid(bc5c65c64d948bf438dd916daa892958) Importer(2089858483,192608db42251d675da83286b1cce702)
Start importing Assets/JMO Assets/Cartoon FX/Shaders/CFX3 Invert.shader using Guid(bc5c65c64d948bf438dd916daa892958) Importer(2089858483,192608db42251d675da83286b1cce702) (ScriptedImporter) -> (artifact id: 'cbeea06805a2a0e710e8ee4183851769') in 0.0118248 seconds
Number of updated asset objects reloaded before import = 0Number of asset objects unloaded after import = 1

========================================================================
Received Import Request.
  Time since last request: 0.000142 seconds.
  path: Assets/Scenes/_tests/SC_TestFollowObject.unity
  artifactKey: Guid(aa095be5c84e2374f917ba38a056ff69) Importer(2089858483,192608db42251d675da83286b1cce702)
Start importing Assets/Scenes/_tests/SC_TestFollowObject.unity using Guid(aa095be5c84e2374f917ba38a056ff69) Importer(2089858483,192608db42251d675da83286b1cce702) (ScriptedImporter) -> (artifact id: '932ec637c54bf457480dc9d7db481a73') in 0.0113938 seconds
Number of updated asset objects reloaded before import = 0Number of asset objects unloaded after import = 1

========================================================================
Received Import Request.
  Time since last request: 0.000237 seconds.
  path: Assets/Gizmos/GameAnalytics/Images/user.png
  artifactKey: Guid(f49ef75333ff247cfb5dad4dab0d4dac) Importer(2089858483,192608db42251d675da83286b1cce702)
Start importing Assets/Gizmos/GameAnalytics/Images/user.png using Guid(f49ef75333ff247cfb5dad4dab0d4dac) Importer(2089858483,192608db42251d675da83286b1cce702) (ScriptedImporter) -> (artifact id: '47777e59ab96160671513ff3637af3ee') in 0.022719 seconds
Number of updated asset objects reloaded before import = 0Number of asset objects unloaded after import = 1

========================================================================
Received Import Request.
  Time since last request: 0.000138 seconds.
  path: Assets/Plugins/Android/cardview-v7-25.3.1.aar
  artifactKey: Guid(3fee38ba577ab0e43a2ac30729488961) Importer(2089858483,192608db42251d675da83286b1cce702)
Start importing Assets/Plugins/Android/cardview-v7-25.3.1.aar using Guid(3fee38ba577ab0e43a2ac30729488961) Importer(2089858483,192608db42251d675da83286b1cce702) (ScriptedImporter) -> (artifact id: '221dfb740b9e1abe5895e5310bb83f4f') in 0.0103629 seconds
Number of updated asset objects reloaded before import = 0Number of asset objects unloaded after import = 0

========================================================================
Received Import Request.
  Time since last request: 0.000255 seconds.
  path: Assets/GameAnalytics/Plugins/Playmaker/SetCustomDimension.cs
  artifactKey: Guid(f199e60f747934effb1d8e3fce31d6df) Importer(2089858483,192608db42251d675da83286b1cce702)
Start importing Assets/GameAnalytics/Plugins/Playmaker/SetCustomDimension.cs using Guid(f199e60f747934effb1d8e3fce31d6df) Importer(2089858483,192608db42251d675da83286b1cce702) (ScriptedImporter) -> (artifact id: 'c9bf906a2f8f40c5b8aa191db788e168') in 0.0061695 seconds
Number of updated asset objects reloaded before import = 0Number of asset objects unloaded after import = 0

========================================================================
Received Import Request.
  Time since last request: 0.000178 seconds.
  path: Assets/Plugins/SamsungTV/GameAnalytics.SamsungTV.dll
  artifactKey: Guid(0f62e1daf300cc540841be311ff17de8) Importer(2089858483,192608db42251d675da83286b1cce702)
Start importing Assets/Plugins/SamsungTV/GameAnalytics.SamsungTV.dll using Guid(0f62e1daf300cc540841be311ff17de8) Importer(2089858483,192608db42251d675da83286b1cce702) (ScriptedImporter) -> (artifact id: '6a539043b413005fd1198da12042edd8') in 0.0106791 seconds
Number of updated asset objects reloaded before import = 0Number of asset objects unloaded after import = 0

========================================================================
Received Import Request.
  Time since last request: 0.000178 seconds.
  path: Assets/Plugins/Mac/sqlite3.bundle
  artifactKey: Guid(82b9e4657fbe94a6796d3330ed2c60bb) Importer(2089858483,192608db42251d675da83286b1cce702)
Start importing Assets/Plugins/Mac/sqlite3.bundle using Guid(82b9e4657fbe94a6796d3330ed2c60bb) Importer(2089858483,192608db42251d675da83286b1cce702) (ScriptedImporter) -> (artifact id: '798a0e8a8515d182cdb328770f222628') in 0.0102856 seconds
Number of updated asset objects reloaded before import = 0Number of asset objects unloaded after import = 0

========================================================================
Received Import Request.
  Time since last request: 0.000176 seconds.
  path: Assets/JMO Assets/Cartoon FX/Scripts/CFX_InspectorHelp.cs
  artifactKey: Guid(79c859f5f7a87c8438b7a5e91d7f499e) Importer(2089858483,192608db42251d675da83286b1cce702)
Start importing Assets/JMO Assets/Cartoon FX/Scripts/CFX_InspectorHelp.cs using Guid(79c859f5f7a87c8438b7a5e91d7f499e) Importer(2089858483,192608db42251d675da83286b1cce702) (ScriptedImporter) -> (artifact id: '115be8af8e1c69efced640056fc0d2ce') in 0.0081666 seconds
Number of updated asset objects reloaded before import = 0Number of asset objects unloaded after import = 0

========================================================================
Received Import Request.
  Time since last request: 0.000155 seconds.
  path: Assets/FacebookSDK/Plugins/iOS/Facebook.Unity.IOS.dll
  artifactKey: Guid(91da3ab9c8aa549c685ec93106d71d95) Importer(2089858483,192608db42251d675da83286b1cce702)
Start importing Assets/FacebookSDK/Plugins/iOS/Facebook.Unity.IOS.dll using Guid(91da3ab9c8aa549c685ec93106d71d95) Importer(2089858483,192608db42251d675da83286b1cce702) (ScriptedImporter) -> (artifact id: '5be44761fa9ce8ccf9c9d523654d7c4f') in 0.0102468 seconds
Number of updated asset objects reloaded before import = 0Number of asset objects unloaded after import = 0

========================================================================
Received Import Request.
  Time since last request: 0.000300 seconds.
  path: Assets/GameAnalytics/Plugins/Scripts/GameAnalytics.cs
  artifactKey: Guid(1488bee7925fe433fbddf989c50ad4ff) Importer(2089858483,192608db42251d675da83286b1cce702)
Start importing Assets/GameAnalytics/Plugins/Scripts/GameAnalytics.cs using Guid(1488bee7925fe433fbddf989c50ad4ff) Importer(2089858483,192608db42251d675da83286b1cce702) (ScriptedImporter) -> (artifact id: '82df98f5d4d4e29bc264eb73bf1f92ef') in 0.0108711 seconds
Number of updated asset objects reloaded before import = 0Number of asset objects unloaded after import = 0

========================================================================
Received Import Request.
  Time since last request: 0.000209 seconds.
  path: Assets/Plugins/Android/support-fragment-25.3.1.aar
  artifactKey: Guid(2da7b55d28b092843bda5397905eb0f2) Importer(2089858483,192608db42251d675da83286b1cce702)
Start importing Assets/Plugins/Android/support-fragment-25.3.1.aar using Guid(2da7b55d28b092843bda5397905eb0f2) Importer(2089858483,192608db42251d675da83286b1cce702) (ScriptedImporter) -> (artifact id: '12050aeaf2005b2c2b9bba83b74c7973') in 0.0100497 seconds
Number of updated asset objects reloaded before import = 0Number of asset objects unloaded after import = 0

========================================================================
Received Import Request.
  Time since last request: 0.000297 seconds.
  path: Assets/FacebookSDK/SDK/Resources/FacebookSettings.asset
  artifactKey: Guid(066d50c0b5fd47e4ab838eced5f96e7a) Importer(2089858483,192608db42251d675da83286b1cce702)
Start importing Assets/FacebookSDK/SDK/Resources/FacebookSettings.asset using Guid(066d50c0b5fd47e4ab838eced5f96e7a) Importer(2089858483,192608db42251d675da83286b1cce702) (ScriptedImporter) -> (artifact id: '8c2177c0ec90085fb03d38a1be1d453f') in 0.0160397 seconds
Number of updated asset objects reloaded before import = 0Number of asset objects unloaded after import = 1

========================================================================
Received Import Request.
  Time since last request: 0.000197 seconds.
  path: Assets/Plugins/tvOS/GameAnalyticsTVOSUnity.m
  artifactKey: Guid(3f481e5372ce84e879d760b70c7249e2) Importer(2089858483,192608db42251d675da83286b1cce702)
Start importing Assets/Plugins/tvOS/GameAnalyticsTVOSUnity.m using Guid(3f481e5372ce84e879d760b70c7249e2) Importer(2089858483,192608db42251d675da83286b1cce702) (ScriptedImporter) -> (artifact id: '1e19ccd956848dd645a754701dfc3279') in 0.0086818 seconds
Number of updated asset objects reloaded before import = 0Number of asset objects unloaded after import = 0

========================================================================
Received Import Request.
  Time since last request: 0.000249 seconds.
  path: Assets/Plugins/tvOS/GameAnalyticsTVOS.h
  artifactKey: Guid(b6bf71225669c488b93e861115752dbc) Importer(2089858483,192608db42251d675da83286b1cce702)
Start importing Assets/Plugins/tvOS/GameAnalyticsTVOS.h using Guid(b6bf71225669c488b93e861115752dbc) Importer(2089858483,192608db42251d675da83286b1cce702) (ScriptedImporter) -> (artifact id: 'dc78282ff0c36022f321e33ea3547577') in 0.013322 seconds
Number of updated asset objects reloaded before import = 0Number of asset objects unloaded after import = 0

========================================================================
Received Import Request.
  Time since last request: 0.000267 seconds.
  path: Assets/Plugins/SamsungTV/Mono.Data.Sqlite.dll
  artifactKey: Guid(20bf6fb24fdb6204680a36dddcfc1217) Importer(2089858483,192608db42251d675da83286b1cce702)
Start importing Assets/Plugins/SamsungTV/Mono.Data.Sqlite.dll using Guid(20bf6fb24fdb6204680a36dddcfc1217) Importer(2089858483,192608db42251d675da83286b1cce702) (ScriptedImporter) -> (artifact id: '045a8591bbffbd6074989f65f96624cd') in 0.0141464 seconds
Number of updated asset objects reloaded before import = 0Number of asset objects unloaded after import = 0

========================================================================
Received Import Request.
  Time since last request: 0.000287 seconds.
  path: Assets/GameAnalytics/Plugins/Prefabs/GameAnalytics.prefab
  artifactKey: Guid(a9d27d37bab3c447b8eb7a2a6756e952) Importer(2089858483,192608db42251d675da83286b1cce702)
Start importing Assets/GameAnalytics/Plugins/Prefabs/GameAnalytics.prefab using Guid(a9d27d37bab3c447b8eb7a2a6756e952) Importer(2089858483,192608db42251d675da83286b1cce702) (ScriptedImporter) -> (artifact id: 'bff3af66b763a83098a3b4994dd1f9f8') in 0.0154089 seconds
Number of updated asset objects reloaded before import = 0Number of asset objects unloaded after import = 6

========================================================================
Received Import Request.
  Time since last request: 0.000134 seconds.
  path: Assets/Plugins/WebGL/GameAnalyticsUnity.jslib
  artifactKey: Guid(128ff5fbca9e2134e8d5740af437bd8d) Importer(2089858483,192608db42251d675da83286b1cce702)
Start importing Assets/Plugins/WebGL/GameAnalyticsUnity.jslib using Guid(128ff5fbca9e2134e8d5740af437bd8d) Importer(2089858483,192608db42251d675da83286b1cce702) (ScriptedImporter) -> (artifact id: '029f4b38ee8b0c36d76eea4eb2e6fcc1') in 0.0108453 seconds
Number of updated asset objects reloaded before import = 0Number of asset objects unloaded after import = 0

========================================================================
Received Import Request.
  Time since last request: 0.000201 seconds.
  path: Assets/Plugins/SamsungTV/sqlite3.c
  artifactKey: Guid(d485564365158ac468bb985d519a87b3) Importer(2089858483,192608db42251d675da83286b1cce702)
Start importing Assets/Plugins/SamsungTV/sqlite3.c using Guid(d485564365158ac468bb985d519a87b3) Importer(2089858483,192608db42251d675da83286b1cce702) (ScriptedImporter) -> (artifact id: 'fe85dbbad17f55925f9344ebc3796720') in 0.0084628 seconds
Number of updated asset objects reloaded before import = 0Number of asset objects unloaded after import = 0

========================================================================
Received Import Request.
  Time since last request: 0.000178 seconds.
  path: Assets/GameAnalytics/Plugins/Playmaker/SendErrorEvent.cs
  artifactKey: Guid(78ad7cbebadcf462498c3fb5f7e7f1d3) Importer(2089858483,192608db42251d675da83286b1cce702)
Start importing Assets/GameAnalytics/Plugins/Playmaker/SendErrorEvent.cs using Guid(78ad7cbebadcf462498c3fb5f7e7f1d3) Importer(2089858483,192608db42251d675da83286b1cce702) (ScriptedImporter) -> (artifact id: '8fe32b532a6de6a3e0f7da65b4a5a9c1') in 0.0119593 seconds
Number of updated asset objects reloaded before import = 0Number of asset objects unloaded after import = 0

========================================================================
Received Import Request.
  Time since last request: 0.000207 seconds.
  path: Assets/JMO Assets/Cartoon FX/Demo/CFX4 Demo.unity
  artifactKey: Guid(1292d98f487cb2b45b66c3dd4ad16e6b) Importer(2089858483,192608db42251d675da83286b1cce702)
Start importing Assets/JMO Assets/Cartoon FX/Demo/CFX4 Demo.unity using Guid(1292d98f487cb2b45b66c3dd4ad16e6b) Importer(2089858483,192608db42251d675da83286b1cce702) (ScriptedImporter) -> (artifact id: '8569d8922dc44436afd623d55083c885') in 0.273712 seconds
Number of updated asset objects reloaded before import = 0Number of asset objects unloaded after import = 1

========================================================================
Received Import Request.
  Time since last request: 0.051647 seconds.
  path: Assets/JMO Assets/Cartoon FX/Spawn System/CFX_SpawnSystem.cs
  artifactKey: Guid(ec1683be71e02f548b9023d92d51ac31) Importer(2089858483,192608db42251d675da83286b1cce702)
Start importing Assets/JMO Assets/Cartoon FX/Spawn System/CFX_SpawnSystem.cs using Guid(ec1683be71e02f548b9023d92d51ac31) Importer(2089858483,192608db42251d675da83286b1cce702) (ScriptedImporter) -> (artifact id: 'be0679c5e4a214d41a004f14e19a763d') in 0.0129535 seconds
Number of updated asset objects reloaded before import = 0Number of asset objects unloaded after import = 0

========================================================================
Received Import Request.
  Time since last request: 0.000488 seconds.
  path: Assets/JMO Assets/Cartoon FX/Textures/CFX4_T_GlowStar A8.png
  artifactKey: Guid(9491857c3ca7f5f46922682b21c25ca5) Importer(2089858483,192608db42251d675da83286b1cce702)
Start importing Assets/JMO Assets/Cartoon FX/Textures/CFX4_T_GlowStar A8.png using Guid(9491857c3ca7f5f46922682b21c25ca5) Importer(2089858483,192608db42251d675da83286b1cce702) (ScriptedImporter) -> (artifact id: '01e7857520371b09efe0c33516671a36') in 0.0298508 seconds
Number of updated asset objects reloaded before import = 0Number of asset objects unloaded after import = 1

========================================================================
Received Import Request.
  Time since last request: 0.000265 seconds.
  path: Assets/JMO Assets/Cartoon FX/Textures/CFX4_T_FireSoft A8.png
  artifactKey: Guid(ac1c534f46b4281448c8ac6934add775) Importer(2089858483,192608db42251d675da83286b1cce702)
Start importing Assets/JMO Assets/Cartoon FX/Textures/CFX4_T_FireSoft A8.png using Guid(ac1c534f46b4281448c8ac6934add775) Importer(2089858483,192608db42251d675da83286b1cce702) (ScriptedImporter) -> (artifact id: '3042a73120abc8b0863811af1f4b339c') in 0.0366471 seconds
Number of updated asset objects reloaded before import = 0Number of asset objects unloaded after import = 1

========================================================================
Received Import Request.
  Time since last request: 0.000315 seconds.
  path: Assets/JMO Assets/Cartoon FX/Textures/CFX4_T_AuraBubble A8.png
  artifactKey: Guid(841c5c070cb835640b82ace2e9ee09ff) Importer(2089858483,192608db42251d675da83286b1cce702)
Start importing Assets/JMO Assets/Cartoon FX/Textures/CFX4_T_AuraBubble A8.png using Guid(841c5c070cb835640b82ace2e9ee09ff) Importer(2089858483,192608db42251d675da83286b1cce702) (ScriptedImporter) -> (artifact id: '29032ac07e59f075e7713bfa53fe96e7') in 0.0258178 seconds
Number of updated asset objects reloaded before import = 0Number of asset objects unloaded after import = 1

========================================================================
Received Import Request.
  Time since last request: 0.000251 seconds.
  path: Assets/JMO Assets/Cartoon FX/Textures (Mobile)/CFXM4_T_FireBulk A8.png
  artifactKey: Guid(d24e05b32cb146546b06913fefd2aa0e) Importer(2089858483,192608db42251d675da83286b1cce702)
Start importing Assets/JMO Assets/Cartoon FX/Textures (Mobile)/CFXM4_T_FireBulk A8.png using Guid(d24e05b32cb146546b06913fefd2aa0e) Importer(2089858483,192608db42251d675da83286b1cce702) (ScriptedImporter) -> (artifact id: 'da5adb7cbd51a039bf1e1ac8719306b4') in 0.0267864 seconds
Number of updated asset objects reloaded before import = 0Number of asset objects unloaded after import = 1

========================================================================
Received Import Request.
  Time since last request: 0.000363 seconds.
  path: Assets/JMO Assets/Cartoon FX/Textures/CFX4_T_Flower.png
  artifactKey: Guid(5c94879e702dd0a48b84cfe698259460) Importer(2089858483,192608db42251d675da83286b1cce702)
Start importing Assets/JMO Assets/Cartoon FX/Textures/CFX4_T_Flower.png using Guid(5c94879e702dd0a48b84cfe698259460) Importer(2089858483,192608db42251d675da83286b1cce702) (ScriptedImporter) -> (artifact id: 'aa4200e868565df8ed3c49a23b99066d') in 0.0326308 seconds
Number of updated asset objects reloaded before import = 0Number of asset objects unloaded after import = 1

========================================================================
Received Import Request.
  Time since last request: 0.000235 seconds.
  path: Assets/JMO Assets/Cartoon FX/Textures (Mobile)/CFXM4_T_SpaceThruster A8.png
  artifactKey: Guid(274463422fb92a142ac4df795403e5f1) Importer(2089858483,192608db42251d675da83286b1cce702)
Start importing Assets/JMO Assets/Cartoon FX/Textures (Mobile)/CFXM4_T_SpaceThruster A8.png using Guid(274463422fb92a142ac4df795403e5f1) Importer(2089858483,192608db42251d675da83286b1cce702) (ScriptedImporter) -> (artifact id: 'ef6535fc371e9dd79673686a39fa2b0d') in 0.0281848 seconds
Number of updated asset objects reloaded before import = 0Number of asset objects unloaded after import = 1

========================================================================
Received Import Request.
  Time since last request: 0.000080 seconds.
  path: Assets/JMO Assets/Cartoon FX/Textures/CFX4_T_PowHit.png
  artifactKey: Guid(3736d3a30afdf1f4f8a5ba4e289720d3) Importer(2089858483,192608db42251d675da83286b1cce702)
Start importing Assets/JMO Assets/Cartoon FX/Textures/CFX4_T_PowHit.png using Guid(3736d3a30afdf1f4f8a5ba4e289720d3) Importer(2089858483,192608db42251d675da83286b1cce702) (ScriptedImporter) -> (artifact id: 'dbc4f196ea754803522de6de174837e0') in 0.035604 seconds
Number of updated asset objects reloaded before import = 0Number of asset objects unloaded after import = 1

========================================================================
Received Import Request.
  Time since last request: 0.000160 seconds.
  path: Assets/JMO Assets/Cartoon FX/Textures (Mobile)/CFXM4_T_Circle.png
  artifactKey: Guid(58601ebc0efb31040b78db6cf9e37190) Importer(2089858483,192608db42251d675da83286b1cce702)
Start importing Assets/JMO Assets/Cartoon FX/Textures (Mobile)/CFXM4_T_Circle.png using Guid(58601ebc0efb31040b78db6cf9e37190) Importer(2089858483,192608db42251d675da83286b1cce702) (ScriptedImporter) -> (artifact id: '29686f0cbaeac954730fd2186aa458ec') in 0.032013 seconds
Number of updated asset objects reloaded before import = 0Number of asset objects unloaded after import = 1

========================================================================
Received Import Request.
  Time since last request: 0.000129 seconds.
  path: Assets/JMO Assets/Cartoon FX/Textures/CFX3_T_GlowSpike.png
  artifactKey: Guid(ef7c6c2563f24da42b7c53853678ae82) Importer(2089858483,192608db42251d675da83286b1cce702)
Start importing Assets/JMO Assets/Cartoon FX/Textures/CFX3_T_GlowSpike.png using Guid(ef7c6c2563f24da42b7c53853678ae82) Importer(2089858483,192608db42251d675da83286b1cce702) (ScriptedImporter) -> (artifact id: 'a6519b86322cfa0b2f0e9397dee59553') in 0.025615 seconds
Number of updated asset objects reloaded before import = 0Number of asset objects unloaded after import = 1

========================================================================
Received Import Request.
  Time since last request: 0.000252 seconds.
  path: Assets/JMO Assets/Cartoon FX/Textures (Mobile)/CFXM3_T_GlowSpike.png
  artifactKey: Guid(7b307a75dc728dd45a8d3c3605600317) Importer(2089858483,192608db42251d675da83286b1cce702)
Start importing Assets/JMO Assets/Cartoon FX/Textures (Mobile)/CFXM3_T_GlowSpike.png using Guid(7b307a75dc728dd45a8d3c3605600317) Importer(2089858483,192608db42251d675da83286b1cce702) (ScriptedImporter) -> (artifact id: '2ea52d78711953cdc6f7aea6bb8c6cf7') in 0.0198048 seconds
Number of updated asset objects reloaded before import = 0Number of asset objects unloaded after import = 1

========================================================================
Received Import Request.
  Time since last request: 0.000106 seconds.
  path: Assets/JMO Assets/Cartoon FX/Textures (Mobile)/CFXM3_T_RayStraight.png
  artifactKey: Guid(c80c8de1aefaa5649a5dfe81c9d2e61f) Importer(2089858483,192608db42251d675da83286b1cce702)
Start importing Assets/JMO Assets/Cartoon FX/Textures (Mobile)/CFXM3_T_RayStraight.png using Guid(c80c8de1aefaa5649a5dfe81c9d2e61f) Importer(2089858483,192608db42251d675da83286b1cce702) (ScriptedImporter) -> (artifact id: 'e38ae34e326185596dd717bb6be175f9') in 0.0230907 seconds
Number of updated asset objects reloaded before import = 0Number of asset objects unloaded after import = 1

========================================================================
Received Import Request.
  Time since last request: 0.000137 seconds.
  path: Assets/JMO Assets/Cartoon FX/Textures/CFX4_T_SplashWave A8.png
  artifactKey: Guid(ec71240d66a49764b80942c65e984f11) Importer(2089858483,192608db42251d675da83286b1cce702)
Start importing Assets/JMO Assets/Cartoon FX/Textures/CFX4_T_SplashWave A8.png using Guid(ec71240d66a49764b80942c65e984f11) Importer(2089858483,192608db42251d675da83286b1cce702) (ScriptedImporter) -> (artifact id: 'e2c84b13047a76275f96a6763abd0a89') in 0.0195327 seconds
Number of updated asset objects reloaded before import = 0Number of asset objects unloaded after import = 1

========================================================================
Received Import Request.
  Time since last request: 0.000179 seconds.
  path: Assets/JMO Assets/Cartoon FX/Textures/CFX4_T_Glow AB.png
  artifactKey: Guid(6beca3749ecbb0d41b5c9d7cf3219b7d) Importer(2089858483,192608db42251d675da83286b1cce702)
Start importing Assets/JMO Assets/Cartoon FX/Textures/CFX4_T_Glow AB.png using Guid(6beca3749ecbb0d41b5c9d7cf3219b7d) Importer(2089858483,192608db42251d675da83286b1cce702) (ScriptedImporter) -> (artifact id: '4c84f60ac87ec9ec27916fdf1a0051d7') in 0.0278738 seconds
Number of updated asset objects reloaded before import = 0Number of asset objects unloaded after import = 1

========================================================================
Received Import Request.
  Time since last request: 0.000222 seconds.
  path: Assets/JMO Assets/Cartoon FX/Textures/CFX4_T_SplashRipple A8.png
  artifactKey: Guid(065004c4b8bf084409e6eb4c30b416ad) Importer(2089858483,192608db42251d675da83286b1cce702)
Start importing Assets/JMO Assets/Cartoon FX/Textures/CFX4_T_SplashRipple A8.png using Guid(065004c4b8bf084409e6eb4c30b416ad) Importer(2089858483,192608db42251d675da83286b1cce702) (ScriptedImporter) -> (artifact id: '6ebf3038508a01cd693b055e59087670') in 0.0259281 seconds
Number of updated asset objects reloaded before import = 0Number of asset objects unloaded after import = 1

========================================================================
Received Import Request.
  Time since last request: 0.000137 seconds.
  path: Assets/JMO Assets/Cartoon FX/Textures/CFX4_T_Bubble_A8.png
  artifactKey: Guid(1e5db261a868fc84684c336356ac1d32) Importer(2089858483,192608db42251d675da83286b1cce702)
Start importing Assets/JMO Assets/Cartoon FX/Textures/CFX4_T_Bubble_A8.png using Guid(1e5db261a868fc84684c336356ac1d32) Importer(2089858483,192608db42251d675da83286b1cce702) (ScriptedImporter) -> (artifact id: 'aa84bc495e4d4ff508268e288dc67605') in 0.0217646 seconds
Number of updated asset objects reloaded before import = 0Number of asset objects unloaded after import = 1

========================================================================
Received Import Request.
  Time since last request: 0.000124 seconds.
  path: Assets/JMO Assets/Cartoon FX/Textures/CFX4_T_SmokePuff AB.png
  artifactKey: Guid(c6706155351f6f64cb72882fdc1ca251) Importer(2089858483,192608db42251d675da83286b1cce702)
Start importing Assets/JMO Assets/Cartoon FX/Textures/CFX4_T_SmokePuff AB.png using Guid(c6706155351f6f64cb72882fdc1ca251) Importer(2089858483,192608db42251d675da83286b1cce702) (ScriptedImporter) -> (artifact id: '2231a33543ea6930b655bbb6a26f3e23') in 0.024241 seconds
Number of updated asset objects reloaded before import = 0Number of asset objects unloaded after import = 1

========================================================================
Received Import Request.
  Time since last request: 0.000189 seconds.
  path: Assets/JMO Assets/Cartoon FX/Textures/CFX2_T_FadedRay.png
  artifactKey: Guid(03825a665aa62554eb3e92e2ab6c4b12) Importer(2089858483,192608db42251d675da83286b1cce702)
Start importing Assets/JMO Assets/Cartoon FX/Textures/CFX2_T_FadedRay.png using Guid(03825a665aa62554eb3e92e2ab6c4b12) Importer(2089858483,192608db42251d675da83286b1cce702) (ScriptedImporter) -> (artifact id: 'aa0080336150f4367a7c82d83b2beca4') in 0.027388 seconds
Number of updated asset objects reloaded before import = 0Number of asset objects unloaded after import = 1

========================================================================
Received Import Request.
  Time since last request: 0.000174 seconds.
  path: Assets/JMO Assets/Cartoon FX/Textures/CFX3_T_GlowStar.png
  artifactKey: Guid(91d3d754c3f2ed742b805399cbbbe0e9) Importer(2089858483,192608db42251d675da83286b1cce702)
Start importing Assets/JMO Assets/Cartoon FX/Textures/CFX3_T_GlowStar.png using Guid(91d3d754c3f2ed742b805399cbbbe0e9) Importer(2089858483,192608db42251d675da83286b1cce702) (ScriptedImporter) -> (artifact id: 'fa7238c65f961b506031059126da7478') in 0.0209866 seconds
Number of updated asset objects reloaded before import = 0Number of asset objects unloaded after import = 1

========================================================================
Received Import Request.
  Time since last request: 0.000183 seconds.
  path: Assets/JMO Assets/Cartoon FX/Textures (Mobile)/CFXM4_T_SparksHit.png
  artifactKey: Guid(924c1d325ece0e344865cf7eacd19fb7) Importer(2089858483,192608db42251d675da83286b1cce702)
Start importing Assets/JMO Assets/Cartoon FX/Textures (Mobile)/CFXM4_T_SparksHit.png using Guid(924c1d325ece0e344865cf7eacd19fb7) Importer(2089858483,192608db42251d675da83286b1cce702) (ScriptedImporter) -> (artifact id: 'c233e530db8ea691fbb86c481141846b') in 0.0185815 seconds
Number of updated asset objects reloaded before import = 0Number of asset objects unloaded after import = 1

========================================================================
Received Import Request.
  Time since last request: 0.000205 seconds.
  path: Assets/JMO Assets/Cartoon FX/Textures/CFX_T_Bubble.png
  artifactKey: Guid(fd5f77db0b1cae745bf2d8b8df194861) Importer(2089858483,192608db42251d675da83286b1cce702)
Start importing Assets/JMO Assets/Cartoon FX/Textures/CFX_T_Bubble.png using Guid(fd5f77db0b1cae745bf2d8b8df194861) Importer(2089858483,192608db42251d675da83286b1cce702) (ScriptedImporter) -> (artifact id: '1478fe5416be222cd7d4c35e4afcfaff') in 0.0225531 seconds
Number of updated asset objects reloaded before import = 0Number of asset objects unloaded after import = 1

========================================================================
Received Import Request.
  Time since last request: 0.000172 seconds.
  path: Assets/JMO Assets/Cartoon FX/Textures (Mobile)/CFXM4_T_GlowStar A8.png
  artifactKey: Guid(4719094f631c1ba43b6b0cf08eb97bd4) Importer(2089858483,192608db42251d675da83286b1cce702)
Start importing Assets/JMO Assets/Cartoon FX/Textures (Mobile)/CFXM4_T_GlowStar A8.png using Guid(4719094f631c1ba43b6b0cf08eb97bd4) Importer(2089858483,192608db42251d675da83286b1cce702) (ScriptedImporter) -> (artifact id: 'ac1ab27f385ce1ed37267978a9c97d7a') in 0.0210241 seconds
Number of updated asset objects reloaded before import = 0Number of asset objects unloaded after import = 1

========================================================================
Received Import Request.
  Time since last request: 0.000256 seconds.
  path: Assets/JMO Assets/Cartoon FX/Textures/CFX4_T_FireBulk A8.png
  artifactKey: Guid(265ee4946f7dd804db1109ad6ea25318) Importer(2089858483,192608db42251d675da83286b1cce702)
Start importing Assets/JMO Assets/Cartoon FX/Textures/CFX4_T_FireBulk A8.png using Guid(265ee4946f7dd804db1109ad6ea25318) Importer(2089858483,192608db42251d675da83286b1cce702) (ScriptedImporter) -> (artifact id: '67c4c391020d57693230e1dccea1205a') in 0.021257 seconds
Number of updated asset objects reloaded before import = 0Number of asset objects unloaded after import = 1

========================================================================
Received Import Request.
  Time since last request: 0.000107 seconds.
  path: Assets/JMO Assets/Cartoon FX/Textures/CFX4_T_Fragments_4frms.png
  artifactKey: Guid(dc79601c2ffd6884cba44f36ac7cba68) Importer(2089858483,192608db42251d675da83286b1cce702)
Start importing Assets/JMO Assets/Cartoon FX/Textures/CFX4_T_Fragments_4frms.png using Guid(dc79601c2ffd6884cba44f36ac7cba68) Importer(2089858483,192608db42251d675da83286b1cce702) (ScriptedImporter) -> (artifact id: 'cec7a1598a79cedf94469527486c39c2') in 0.0264362 seconds
Number of updated asset objects reloaded before import = 0Number of asset objects unloaded after import = 1

========================================================================
Received Import Request.
  Time since last request: 0.000168 seconds.
  path: Assets/JMO Assets/Cartoon FX/Textures/CFX4_T_AuraBubble.png
  artifactKey: Guid(f233a7a5a2c3777498cc5c62b506633a) Importer(2089858483,192608db42251d675da83286b1cce702)
Start importing Assets/JMO Assets/Cartoon FX/Textures/CFX4_T_AuraBubble.png using Guid(f233a7a5a2c3777498cc5c62b506633a) Importer(2089858483,192608db42251d675da83286b1cce702) (ScriptedImporter) -> (artifact id: 'a7f8e9c65bb1a81b09c1de6449b914f5') in 0.0210364 seconds
Number of updated asset objects reloaded before import = 0Number of asset objects unloaded after import = 1

========================================================================
Received Import Request.
  Time since last request: 0.000246 seconds.
  path: Assets/JMO Assets/Cartoon FX/Textures (Mobile)/CFXM4_T_FireSoft A8.png
  artifactKey: Guid(ae87d8ded45ab8b45bce6cfc3695d9c6) Importer(2089858483,192608db42251d675da83286b1cce702)
Start importing Assets/JMO Assets/Cartoon FX/Textures (Mobile)/CFXM4_T_FireSoft A8.png using Guid(ae87d8ded45ab8b45bce6cfc3695d9c6) Importer(2089858483,192608db42251d675da83286b1cce702) (ScriptedImporter) -> (artifact id: '565baa6278dce0ccb7b7c8d730a92b16') in 0.0215875 seconds
Number of updated asset objects reloaded before import = 0Number of asset objects unloaded after import = 1

========================================================================
Received Import Request.
  Time since last request: 0.000208 seconds.
  path: Assets/JMO Assets/Cartoon FX/Textures (Mobile)/CFXM3_T_SmokePuff.png
  artifactKey: Guid(34487ea2f31aa17489a59b03570509a2) Importer(2089858483,192608db42251d675da83286b1cce702)
Start importing Assets/JMO Assets/Cartoon FX/Textures (Mobile)/CFXM3_T_SmokePuff.png using Guid(34487ea2f31aa17489a59b03570509a2) Importer(2089858483,192608db42251d675da83286b1cce702) (ScriptedImporter) -> (artifact id: '7369056d1e87b8dd95af6eeb60f09865') in 0.0181674 seconds
Number of updated asset objects reloaded before import = 0Number of asset objects unloaded after import = 1

========================================================================
Received Import Request.
  Time since last request: 0.000077 seconds.
  path: Assets/JMO Assets/Cartoon FX/Textures (Mobile)/CFXM4_T_PowHit.png
  artifactKey: Guid(91685b9320053cb488ef97b26239e86f) Importer(2089858483,192608db42251d675da83286b1cce702)
Start importing Assets/JMO Assets/Cartoon FX/Textures (Mobile)/CFXM4_T_PowHit.png using Guid(91685b9320053cb488ef97b26239e86f) Importer(2089858483,192608db42251d675da83286b1cce702) (ScriptedImporter) -> (artifact id: '4e98d4a3ad4e029df252bb1094b4b156') in 0.0198176 seconds
Number of updated asset objects reloaded before import = 0Number of asset objects unloaded after import = 1

========================================================================
Received Import Request.
  Time since last request: 0.000218 seconds.
  path: Assets/JMO Assets/Cartoon FX/Textures/CFX4_T_FireBulk AB.png
  artifactKey: Guid(f71f658d2f20fdf42b41170b8319e02d) Importer(2089858483,192608db42251d675da83286b1cce702)
Start importing Assets/JMO Assets/Cartoon FX/Textures/CFX4_T_FireBulk AB.png using Guid(f71f658d2f20fdf42b41170b8319e02d) Importer(2089858483,192608db42251d675da83286b1cce702) (ScriptedImporter) -> (artifact id: 'eaf634307ff88626e70c14026092ffb6') in 0.0200307 seconds
Number of updated asset objects reloaded before import = 0Number of asset objects unloaded after import = 1

========================================================================
Received Import Request.
  Time since last request: 0.000152 seconds.
  path: Assets/JMO Assets/Cartoon FX/Textures/CFX4_T_Anim_WiggleLine.png
  artifactKey: Guid(cd895235a201703448c77a2952188cd1) Importer(2089858483,192608db42251d675da83286b1cce702)
Start importing Assets/JMO Assets/Cartoon FX/Textures/CFX4_T_Anim_WiggleLine.png using Guid(cd895235a201703448c77a2952188cd1) Importer(2089858483,192608db42251d675da83286b1cce702) (ScriptedImporter) -> (artifact id: 'c92fb1b40bf45790f269d9912ab4ebf0') in 0.0218617 seconds
Number of updated asset objects reloaded before import = 0Number of asset objects unloaded after import = 1

========================================================================
Received Import Request.
  Time since last request: 0.000135 seconds.
  path: Assets/JMO Assets/Cartoon FX/Textures/CFX4_T_GlowHalf A8.png
  artifactKey: Guid(fd1c67821f48ea34dab0d8f5ea129ca4) Importer(2089858483,192608db42251d675da83286b1cce702)
Start importing Assets/JMO Assets/Cartoon FX/Textures/CFX4_T_GlowHalf A8.png using Guid(fd1c67821f48ea34dab0d8f5ea129ca4) Importer(2089858483,192608db42251d675da83286b1cce702) (ScriptedImporter) -> (artifact id: '472b2667ac5dd0c85e1026827f38778f') in 0.0194918 seconds
Number of updated asset objects reloaded before import = 0Number of asset objects unloaded after import = 1

========================================================================
Received Import Request.
  Time since last request: 0.000305 seconds.
  path: Assets/JMO Assets/Cartoon FX/Textures/CFX4_T_SpaceThruster A8.png
  artifactKey: Guid(9401fe7d750647c4b8ecb745cf623ee0) Importer(2089858483,192608db42251d675da83286b1cce702)
Start importing Assets/JMO Assets/Cartoon FX/Textures/CFX4_T_SpaceThruster A8.png using Guid(9401fe7d750647c4b8ecb745cf623ee0) Importer(2089858483,192608db42251d675da83286b1cce702) (ScriptedImporter) -> (artifact id: '088fabb38d94c657ef7d8bc975821aef') in 0.0217771 seconds
Number of updated asset objects reloaded before import = 0Number of asset objects unloaded after import = 1

========================================================================
Received Import Request.
  Time since last request: 0.000187 seconds.
  path: Assets/JMO Assets/Cartoon FX/Textures (Mobile)/CFXM4_T_Foam A8.png
  artifactKey: Guid(2d091d8ca7b73e94998cbd70469f242e) Importer(2089858483,192608db42251d675da83286b1cce702)
Start importing Assets/JMO Assets/Cartoon FX/Textures (Mobile)/CFXM4_T_Foam A8.png using Guid(2d091d8ca7b73e94998cbd70469f242e) Importer(2089858483,192608db42251d675da83286b1cce702) (ScriptedImporter) -> (artifact id: 'ebedd5d5bb03a9235470265cde70a294') in 0.0244454 seconds
Number of updated asset objects reloaded before import = 0Number of asset objects unloaded after import = 1

========================================================================
Received Import Request.
  Time since last request: 0.000233 seconds.
  path: Assets/Plugins/WSA/SDK81/Microsoft.Data.Sqlite.dll
  artifactKey: Guid(7e70d6c29c3cf9546ab31e57c4be387b) Importer(2089858483,192608db42251d675da83286b1cce702)
Start importing Assets/Plugins/WSA/SDK81/Microsoft.Data.Sqlite.dll using Guid(7e70d6c29c3cf9546ab31e57c4be387b) Importer(2089858483,192608db42251d675da83286b1cce702) (ScriptedImporter) -> (artifact id: '24fdfe1e68f92c5114f52fbae96ed2f7') in 0.0076928 seconds
Number of updated asset objects reloaded before import = 0Number of asset objects unloaded after import = 0

========================================================================
Received Import Request.
  Time since last request: 0.000169 seconds.
  path: Assets/JMO Assets/Cartoon FX/CFX4 Prefabs/Light/CFX4 Aura Bubble A (CFX Blend).prefab
  artifactKey: Guid(b844cca705773e44b85994812f6cbfab) Importer(2089858483,192608db42251d675da83286b1cce702)
Start importing Assets/JMO Assets/Cartoon FX/CFX4 Prefabs/Light/CFX4 Aura Bubble A (CFX Blend).prefab using Guid(b844cca705773e44b85994812f6cbfab) Importer(2089858483,192608db42251d675da83286b1cce702) (ScriptedImporter) -> (artifact id: '23a9f9af2b64df26ba9f2d69759991da') in 0.1504767 seconds
Number of updated asset objects reloaded before import = 0Number of asset objects unloaded after import = 6

========================================================================
Received Import Request.
  Time since last request: 0.000035 seconds.
  path: Assets/GameAnalytics/Plugins/Scripts/Wrapper/GA_MonoWrapper.cs
  artifactKey: Guid(858f7c48da8a74c11b8a3cc0cbf14499) Importer(2089858483,192608db42251d675da83286b1cce702)
Start importing Assets/GameAnalytics/Plugins/Scripts/Wrapper/GA_MonoWrapper.cs using Guid(858f7c48da8a74c11b8a3cc0cbf14499) Importer(2089858483,192608db42251d675da83286b1cce702) (ScriptedImporter) -> (artifact id: '66ef63bf0fa58a9e7021f8e74908c742') in 0.0073627 seconds
Number of updated asset objects reloaded before import = 0Number of asset objects unloaded after import = 0

========================================================================
Received Import Request.
  Time since last request: 0.000123 seconds.
  path: Assets/JMO Assets/Cartoon FX/CFX4 Prefabs/Misc/CFX4 Hit A (Blue, CFX Blend).prefab
  artifactKey: Guid(c7e9fd06344b48d4cba4ccde3f12eb5c) Importer(2089858483,192608db42251d675da83286b1cce702)
Start importing Assets/JMO Assets/Cartoon FX/CFX4 Prefabs/Misc/CFX4 Hit A (Blue, CFX Blend).prefab using Guid(c7e9fd06344b48d4cba4ccde3f12eb5c) Importer(2089858483,192608db42251d675da83286b1cce702) (ScriptedImporter) -> (artifact id: 'ff1e13af98a8a8a8b1286ab76b10797f') in 0.0619613 seconds
Number of updated asset objects reloaded before import = 0Number of asset objects unloaded after import = 15

========================================================================
Received Import Request.
  Time since last request: 0.000041 seconds.
  path: Assets/JMO Assets/Cartoon FX/CFX4 Prefabs/Misc/CFX4 Hit B2 (Blue, CFX Blend).prefab
  artifactKey: Guid(7c62cc32d6c37ea43b321753eab319c9) Importer(2089858483,192608db42251d675da83286b1cce702)
Start importing Assets/JMO Assets/Cartoon FX/CFX4 Prefabs/Misc/CFX4 Hit B2 (Blue, CFX Blend).prefab using Guid(7c62cc32d6c37ea43b321753eab319c9) Importer(2089858483,192608db42251d675da83286b1cce702) (ScriptedImporter) -> (artifact id: 'c4304fac1b13666b3522670d7730dd9f') in 0.0590353 seconds
Number of updated asset objects reloaded before import = 0Number of asset objects unloaded after import = 15

========================================================================
Received Import Request.
  Time since last request: 0.000053 seconds.
  path: Assets/JMO Assets/Cartoon FX/CFX4 Prefabs/Explosions/CFX4 Explosion Quick.prefab
  artifactKey: Guid(a07e7b59818a578448d55a9cca88c5af) Importer(2089858483,192608db42251d675da83286b1cce702)
Start importing Assets/JMO Assets/Cartoon FX/CFX4 Prefabs/Explosions/CFX4 Explosion Quick.prefab using Guid(a07e7b59818a578448d55a9cca88c5af) Importer(2089858483,192608db42251d675da83286b1cce702) (ScriptedImporter) -> (artifact id: '1d52329e46a6890acca5cba6dd4b7289') in 0.0632391 seconds
Number of updated asset objects reloaded before import = 0Number of asset objects unloaded after import = 23

========================================================================
Received Import Request.
  Time since last request: 0.000034 seconds.
  path: Assets/FacebookSDK/SDK/Editor/iOS/FBUnityInterface.mm
  artifactKey: Guid(4c29c5d59509848c4bc24c13ac976932) Importer(2089858483,192608db42251d675da83286b1cce702)
Start importing Assets/FacebookSDK/SDK/Editor/iOS/FBUnityInterface.mm using Guid(4c29c5d59509848c4bc24c13ac976932) Importer(2089858483,192608db42251d675da83286b1cce702) (ScriptedImporter) -> (artifact id: 'bd563bf502236b93343fee6059dbc109') in 0.0088161 seconds
Number of updated asset objects reloaded before import = 0Number of asset objects unloaded after import = 0

========================================================================
Received Import Request.
  Time since last request: 0.000188 seconds.
  path: Assets/FacebookSDK/SDK/Editor/iOS/FBUnityUtility.mm
  artifactKey: Guid(5cafb2af7ca9641f58022a816236d1ad) Importer(2089858483,192608db42251d675da83286b1cce702)
Start importing Assets/FacebookSDK/SDK/Editor/iOS/FBUnityUtility.mm using Guid(5cafb2af7ca9641f58022a816236d1ad) Importer(2089858483,192608db42251d675da83286b1cce702) (ScriptedImporter) -> (artifact id: 'c337191c052a54a115116f43fe06e0bb') in 0.0076199 seconds
Number of updated asset objects reloaded before import = 0Number of asset objects unloaded after import = 0

========================================================================
Received Import Request.
  Time since last request: 0.000224 seconds.
  path: Assets/JMO Assets/Cartoon FX/CFX4 Prefabs/Electric/CFX4 Sparks Explosion Bigger (Yellow).prefab
  artifactKey: Guid(726ddc47d300e2f4a906310721bde07d) Importer(2089858483,192608db42251d675da83286b1cce702)
Start importing Assets/JMO Assets/Cartoon FX/CFX4 Prefabs/Electric/CFX4 Sparks Explosion Bigger (Yellow).prefab using Guid(726ddc47d300e2f4a906310721bde07d) Importer(2089858483,192608db42251d675da83286b1cce702) (ScriptedImporter) -> (artifact id: '691a49b53e1fa9c59e670d407cc1213a') in 0.0594752 seconds
Number of updated asset objects reloaded before import = 0Number of asset objects unloaded after import = 11

========================================================================
Received Import Request.
  Time since last request: 0.000035 seconds.
  path: Assets/GameAnalytics/Plugins/Scripts/Events/GA_Resource.cs
  artifactKey: Guid(f303caa895c244cb1817893da8a79602) Importer(2089858483,192608db42251d675da83286b1cce702)
Start importing Assets/GameAnalytics/Plugins/Scripts/Events/GA_Resource.cs using Guid(f303caa895c244cb1817893da8a79602) Importer(2089858483,192608db42251d675da83286b1cce702) (ScriptedImporter) -> (artifact id: '03c9a958fc9294cb730244a87a1563c7') in 0.0078261 seconds
Number of updated asset objects reloaded before import = 0Number of asset objects unloaded after import = 0

========================================================================
Received Import Request.
  Time since last request: 0.000256 seconds.
  path: Assets/GameAnalytics/Plugins/Scripts/Events/GA_Debug.cs
  artifactKey: Guid(6455957878877439898d50d5143ff4f6) Importer(2089858483,192608db42251d675da83286b1cce702)
Start importing Assets/GameAnalytics/Plugins/Scripts/Events/GA_Debug.cs using Guid(6455957878877439898d50d5143ff4f6) Importer(2089858483,192608db42251d675da83286b1cce702) (ScriptedImporter) -> (artifact id: '49fc11fa73aa90a972e6d4fcdd928db0') in 0.0068523 seconds
Number of updated asset objects reloaded before import = 0Number of asset objects unloaded after import = 0

========================================================================
Received Import Request.
  Time since last request: 0.000234 seconds.
  path: Assets/JMO Assets/Cartoon FX/CFX4 Prefabs/Misc/CFX4 Drill Ground Hit (COLLIDE).prefab
  artifactKey: Guid(2b82eef408e7bf644850dd6f9bc67c7c) Importer(2089858483,192608db42251d675da83286b1cce702)
Start importing Assets/JMO Assets/Cartoon FX/CFX4 Prefabs/Misc/CFX4 Drill Ground Hit (COLLIDE).prefab using Guid(2b82eef408e7bf644850dd6f9bc67c7c) Importer(2089858483,192608db42251d675da83286b1cce702) (ScriptedImporter) -> (artifact id: 'ec432251e21d4ccab7a00622c34e67e2') in 0.0857437 seconds
Number of updated asset objects reloaded before import = 0Number of asset objects unloaded after import = 17

========================================================================
Received Import Request.
  Time since last request: 0.000055 seconds.
  path: Assets/FacebookSDK/SDK/Editor/iOS/fixup.projmods
  artifactKey: Guid(aead30834362b490ea67fdd7fd0351c5) Importer(2089858483,192608db42251d675da83286b1cce702)
Start importing Assets/FacebookSDK/SDK/Editor/iOS/fixup.projmods using Guid(aead30834362b490ea67fdd7fd0351c5) Importer(2089858483,192608db42251d675da83286b1cce702) (ScriptedImporter) -> (artifact id: '07d0c596849912d13e659743ac84b68a') in 0.0079942 seconds
Number of updated asset objects reloaded before import = 0Number of asset objects unloaded after import = 1

========================================================================
Received Import Request.
  Time since last request: 0.000069 seconds.
  path: Assets/JMO Assets/Cartoon FX/CFX4 Prefabs/Magic/CFX4 Shiny Loop (CFX Blend).prefab
  artifactKey: Guid(badbcac9f7e82b549a66fc4c294792cf) Importer(2089858483,192608db42251d675da83286b1cce702)
Start importing Assets/JMO Assets/Cartoon FX/CFX4 Prefabs/Magic/CFX4 Shiny Loop (CFX Blend).prefab using Guid(badbcac9f7e82b549a66fc4c294792cf) Importer(2089858483,192608db42251d675da83286b1cce702) (ScriptedImporter) -> (artifact id: 'aeaa50c2f62ddedf9a35a33051d05013') in 0.0727652 seconds
Number of updated asset objects reloaded before import = 0Number of asset objects unloaded after import = 19

========================================================================
Received Import Request.
  Time since last request: 0.000033 seconds.
  path: Assets/Plugins/WSA/SDK80/Microsoft.Data.Sqlite.dll
  artifactKey: Guid(b8444348aafc9234a86df658dfb4782f) Importer(2089858483,192608db42251d675da83286b1cce702)
Start importing Assets/Plugins/WSA/SDK80/Microsoft.Data.Sqlite.dll using Guid(b8444348aafc9234a86df658dfb4782f) Importer(2089858483,192608db42251d675da83286b1cce702) (ScriptedImporter) -> (artifact id: '6e743f21442b21990b5ef9ea77899725') in 0.0110206 seconds
Number of updated asset objects reloaded before import = 0Number of asset objects unloaded after import = 0

========================================================================
Received Import Request.
  Time since last request: 0.000266 seconds.
  path: Assets/Plugins/WSA/SDK81/System.Data.Common.dll
  artifactKey: Guid(a56ea81718205bc458b5d1b15eb8d565) Importer(2089858483,192608db42251d675da83286b1cce702)
Start importing Assets/Plugins/WSA/SDK81/System.Data.Common.dll using Guid(a56ea81718205bc458b5d1b15eb8d565) Importer(2089858483,192608db42251d675da83286b1cce702) (ScriptedImporter) -> (artifact id: 'c063295ae8df802e5193554333debbcc') in 0.0109926 seconds
Number of updated asset objects reloaded before import = 0Number of asset objects unloaded after import = 0

========================================================================
Received Import Request.
  Time since last request: 0.000102 seconds.
  path: Assets/GameAnalytics/Plugins/Scripts/Events/GAValidator.cs
  artifactKey: Guid(2f5d575b6c7034a7385fb0ee45564a2e) Importer(2089858483,192608db42251d675da83286b1cce702)
Start importing Assets/GameAnalytics/Plugins/Scripts/Events/GAValidator.cs using Guid(2f5d575b6c7034a7385fb0ee45564a2e) Importer(2089858483,192608db42251d675da83286b1cce702) (ScriptedImporter) -> (artifact id: 'd57ec8be746ccdc698134f3d0aa97ab1') in 0.0142648 seconds
Number of updated asset objects reloaded before import = 0Number of asset objects unloaded after import = 0

========================================================================
Received Import Request.
  Time since last request: 0.000299 seconds.
  path: Assets/JMO Assets/Cartoon FX/CFX4 Prefabs/Explosions/CFX4 Firework B.prefab
  artifactKey: Guid(d77a1d4564e1e3b4ea665d96c41890f2) Importer(2089858483,192608db42251d675da83286b1cce702)
Start importing Assets/JMO Assets/Cartoon FX/CFX4 Prefabs/Explosions/CFX4 Firework B.prefab using Guid(d77a1d4564e1e3b4ea665d96c41890f2) Importer(2089858483,192608db42251d675da83286b1cce702) (ScriptedImporter) -> (artifact id: '8b7405e79c7db7d2ea5b55bdcb9812e0') in 0.0646092 seconds
Number of updated asset objects reloaded before import = 0Number of asset objects unloaded after import = 15

========================================================================
Received Import Request.
  Time since last request: 0.000032 seconds.
  path: Assets/JMO Assets/Cartoon FX/CFX4 Prefabs/Fire/CFX4 Fire.prefab
  artifactKey: Guid(1c20c7996d683754db1f0f62a361952c) Importer(2089858483,192608db42251d675da83286b1cce702)
Start importing Assets/JMO Assets/Cartoon FX/CFX4 Prefabs/Fire/CFX4 Fire.prefab using Guid(1c20c7996d683754db1f0f62a361952c) Importer(2089858483,192608db42251d675da83286b1cce702) (ScriptedImporter) -> (artifact id: 'b5b4fca23c2e375e9ab87450ae5e8bc3') in 0.0609768 seconds
Number of updated asset objects reloaded before import = 0Number of asset objects unloaded after import = 14

========================================================================
Received Import Request.
  Time since last request: 0.000035 seconds.
  path: Assets/JMO Assets/Cartoon FX/CFX4 Prefabs/Misc/CFX4 Smoke Trail A.prefab
  artifactKey: Guid(2aae5479782100940950cacfe199c7d4) Importer(2089858483,192608db42251d675da83286b1cce702)
Start importing Assets/JMO Assets/Cartoon FX/CFX4 Prefabs/Misc/CFX4 Smoke Trail A.prefab using Guid(2aae5479782100940950cacfe199c7d4) Importer(2089858483,192608db42251d675da83286b1cce702) (ScriptedImporter) -> (artifact id: '557f1150539aa883eb37eef466591973') in 0.0618729 seconds
Number of updated asset objects reloaded before import = 0Number of asset objects unloaded after import = 10

========================================================================
Received Import Request.
  Time since last request: 0.000059 seconds.
  path: Assets/JMO Assets/Cartoon FX/CFX4 Prefabs/Water/CFX4 Rain (COLLIDE).prefab
  artifactKey: Guid(f95cd11e4ad9861448ecec6ad19da747) Importer(2089858483,192608db42251d675da83286b1cce702)
Start importing Assets/JMO Assets/Cartoon FX/CFX4 Prefabs/Water/CFX4 Rain (COLLIDE).prefab using Guid(f95cd11e4ad9861448ecec6ad19da747) Importer(2089858483,192608db42251d675da83286b1cce702) (ScriptedImporter) -> (artifact id: 'bb9b9fda33ddd1128d9cc96707b3efe1') in 0.0852297 seconds
Number of updated asset objects reloaded before import = 0Number of asset objects unloaded after import = 16

========================================================================
Received Import Request.
  Time since last request: 0.000053 seconds.
  path: Assets/JMO Assets/Cartoon FX/CFX4 Prefabs/Misc/CFX4 Hit Pow.prefab
  artifactKey: Guid(fb7b0526ade434043b350a180d741cf3) Importer(2089858483,192608db42251d675da83286b1cce702)
Start importing Assets/JMO Assets/Cartoon FX/CFX4 Prefabs/Misc/CFX4 Hit Pow.prefab using Guid(fb7b0526ade434043b350a180d741cf3) Importer(2089858483,192608db42251d675da83286b1cce702) (ScriptedImporter) -> (artifact id: 'd1edb14ea60f788570b1ff4579eb30d7') in 0.073923 seconds
Number of updated asset objects reloaded before import = 0Number of asset objects unloaded after import = 15

========================================================================
Received Import Request.
  Time since last request: 0.000042 seconds.
  path: Assets/JMO Assets/Cartoon FX/CFX4 Prefabs/Misc/CFX4 Radar Rings.prefab
  artifactKey: Guid(5e7767ad1f74a6c4fa7b40cb4e0f5602) Importer(2089858483,192608db42251d675da83286b1cce702)
Start importing Assets/JMO Assets/Cartoon FX/CFX4 Prefabs/Misc/CFX4 Radar Rings.prefab using Guid(5e7767ad1f74a6c4fa7b40cb4e0f5602) Importer(2089858483,192608db42251d675da83286b1cce702) (ScriptedImporter) -> (artifact id: '049eaeef50f55ef5e8551745d72eddc1') in 0.0638406 seconds
Number of updated asset objects reloaded before import = 0Number of asset objects unloaded after import = 7

========================================================================
Received Import Request.
  Time since last request: 0.000038 seconds.
  path: Assets/JMO Assets/Cartoon FX/CFX4 Prefabs/Space/CFX4_Plasma Ball (Blue-Purple, CFX Blend).prefab
  artifactKey: Guid(d3b923912f9cdee4290707074826eba2) Importer(2089858483,192608db42251d675da83286b1cce702)
Start importing Assets/JMO Assets/Cartoon FX/CFX4 Prefabs/Space/CFX4_Plasma Ball (Blue-Purple, CFX Blend).prefab using Guid(d3b923912f9cdee4290707074826eba2) Importer(2089858483,192608db42251d675da83286b1cce702) (ScriptedImporter) -> (artifact id: '74d0be303c504d8a771ed33928201dcf') in 0.0664029 seconds
Number of updated asset objects reloaded before import = 0Number of asset objects unloaded after import = 15

========================================================================
Received Import Request.
  Time since last request: 0.000053 seconds.
  path: Assets/JMO Assets/Cartoon FX/CFX4 Prefabs/Space/CFX4_Space Thruster C (Blue-Purple, CFX Blend).prefab
  artifactKey: Guid(297cc46fb4bf9ad4eb7076fe2ec45482) Importer(2089858483,192608db42251d675da83286b1cce702)
Start importing Assets/JMO Assets/Cartoon FX/CFX4 Prefabs/Space/CFX4_Space Thruster C (Blue-Purple, CFX Blend).prefab using Guid(297cc46fb4bf9ad4eb7076fe2ec45482) Importer(2089858483,192608db42251d675da83286b1cce702) (ScriptedImporter) -> (artifact id: '2809202feef68d9465877a38654d62cc') in 0.065809 seconds
Number of updated asset objects reloaded before import = 0Number of asset objects unloaded after import = 11

========================================================================
Received Import Request.
  Time since last request: 0.000046 seconds.
  path: Assets/JMO Assets/Cartoon FX/CFX4 Prefabs/Misc/CFX4 Smoke Trail A (Black).prefab
  artifactKey: Guid(21c10d7bba326c74c8a13dc9bc1a6e42) Importer(2089858483,192608db42251d675da83286b1cce702)
Start importing Assets/JMO Assets/Cartoon FX/CFX4 Prefabs/Misc/CFX4 Smoke Trail A (Black).prefab using Guid(21c10d7bba326c74c8a13dc9bc1a6e42) Importer(2089858483,192608db42251d675da83286b1cce702) (ScriptedImporter) -> (artifact id: '788f66379f12b614435eb27ba462ac0a') in 0.0497942 seconds
Number of updated asset objects reloaded before import = 0Number of asset objects unloaded after import = 10

========================================================================
Received Import Request.
  Time since last request: 0.000033 seconds.
  path: Assets/JMO Assets/Cartoon FX/CFX4 Prefabs/Misc/CFX4 Smoke Trail B.prefab
  artifactKey: Guid(66e7703d302252149a5bab568149be61) Importer(2089858483,192608db42251d675da83286b1cce702)
Start importing Assets/JMO Assets/Cartoon FX/CFX4 Prefabs/Misc/CFX4 Smoke Trail B.prefab using Guid(66e7703d302252149a5bab568149be61) Importer(2089858483,192608db42251d675da83286b1cce702) (ScriptedImporter) -> (artifact id: '6b03c07abc0a918a3efaee2a6a3df498') in 0.0598508 seconds
Number of updated asset objects reloaded before import = 0Number of asset objects unloaded after import = 10

========================================================================
Received Import Request.
  Time since last request: 0.000032 seconds.
  path: Assets/JMO Assets/Cartoon FX/CFX4 Prefabs/Water/CFX4 Environment Bubbles Low.prefab
  artifactKey: Guid(cf67b045d4288ba4eb708642f9d8522f) Importer(2089858483,192608db42251d675da83286b1cce702)
Start importing Assets/JMO Assets/Cartoon FX/CFX4 Prefabs/Water/CFX4 Environment Bubbles Low.prefab using Guid(cf67b045d4288ba4eb708642f9d8522f) Importer(2089858483,192608db42251d675da83286b1cce702) (ScriptedImporter) -> (artifact id: 'fb34ddbb46728dc263cf5ae0db57faa3') in 0.0543272 seconds
Number of updated asset objects reloaded before import = 0Number of asset objects unloaded after import = 6

========================================================================
Received Import Request.
  Time since last request: 0.000043 seconds.
  path: Assets/JMO Assets/Cartoon FX/CFX4 Prefabs/Explosions/CFX4 Explosion SoftEdge Ground.prefab
  artifactKey: Guid(7421e033522c14345be92cc5fdc4bcf6) Importer(2089858483,192608db42251d675da83286b1cce702)
Start importing Assets/JMO Assets/Cartoon FX/CFX4 Prefabs/Explosions/CFX4 Explosion SoftEdge Ground.prefab using Guid(7421e033522c14345be92cc5fdc4bcf6) Importer(2089858483,192608db42251d675da83286b1cce702) (ScriptedImporter) -> (artifact id: '062500b63ee00646ade774ca6f7e6e6c') in 0.0543454 seconds
Number of updated asset objects reloaded before import = 0Number of asset objects unloaded after import = 27

========================================================================
Received Import Request.
  Time since last request: 0.000054 seconds.
  path: Assets/JMO Assets/Cartoon FX/CFX4 Prefabs/Fire/CFX4 Flamme Soft (CFX Blend).prefab
  artifactKey: Guid(eef8bf8ac3f30e54ab19c43c1f4fa76e) Importer(2089858483,192608db42251d675da83286b1cce702)
Start importing Assets/JMO Assets/Cartoon FX/CFX4 Prefabs/Fire/CFX4 Flamme Soft (CFX Blend).prefab using Guid(eef8bf8ac3f30e54ab19c43c1f4fa76e) Importer(2089858483,192608db42251d675da83286b1cce702) (ScriptedImporter) -> (artifact id: '47ae61adf6a1fee7efb2f1b9310abd98') in 0.042024 seconds
Number of updated asset objects reloaded before import = 0Number of asset objects unloaded after import = 15

========================================================================
Received Import Request.
  Time since last request: 0.000026 seconds.
  path: Assets/JMO Assets/Cartoon FX/CFX4 Prefabs/Fire/CFX4_Fire Disintegrate (CFX Blend).prefab
  artifactKey: Guid(4c15a26066eefe14982f2782e04ea900) Importer(2089858483,192608db42251d675da83286b1cce702)
Start importing Assets/JMO Assets/Cartoon FX/CFX4 Prefabs/Fire/CFX4_Fire Disintegrate (CFX Blend).prefab using Guid(4c15a26066eefe14982f2782e04ea900) Importer(2089858483,192608db42251d675da83286b1cce702) (ScriptedImporter) -> (artifact id: '982e0bf26c62df79f453d7a140c79600') in 0.05699 seconds
Number of updated asset objects reloaded before import = 0Number of asset objects unloaded after import = 11

========================================================================
Received Import Request.
  Time since last request: 0.000033 seconds.
  path: Assets/JMO Assets/Cartoon FX/Textures/CFX4_T_GlowDot A8.png
  artifactKey: Guid(84e0b338e2f2af147a31afbc7f85d9d3) Importer(2089858483,192608db42251d675da83286b1cce702)
Start importing Assets/JMO Assets/Cartoon FX/Textures/CFX4_T_GlowDot A8.png using Guid(84e0b338e2f2af147a31afbc7f85d9d3) Importer(2089858483,192608db42251d675da83286b1cce702) (ScriptedImporter) -> (artifact id: '85c1c687dd3461c0131fd816f1dfa095') in 0.0156147 seconds
Number of updated asset objects reloaded before import = 0Number of asset objects unloaded after import = 1

========================================================================
Received Import Request.
  Time since last request: 0.000203 seconds.
  path: Assets/JMO Assets/Cartoon FX/CFX4 Prefabs/Misc/CFX4 SmokePuff Ground B.prefab
  artifactKey: Guid(d1ffd334735bb3741a3e97c39c810029) Importer(2089858483,192608db42251d675da83286b1cce702)
Start importing Assets/JMO Assets/Cartoon FX/CFX4 Prefabs/Misc/CFX4 SmokePuff Ground B.prefab using Guid(d1ffd334735bb3741a3e97c39c810029) Importer(2089858483,192608db42251d675da83286b1cce702) (ScriptedImporter) -> (artifact id: 'e2d50de378e615acbdadbf4824d5d9e0') in 0.0422207 seconds
Number of updated asset objects reloaded before import = 0Number of asset objects unloaded after import = 7

========================================================================
Received Import Request.
  Time since last request: 0.000029 seconds.
  path: Assets/JMO Assets/Cartoon FX/Textures (Mobile)/CFXM4_T_RayRounded A8.png
  artifactKey: Guid(528d2ec4aeb18784aa29355f31f0e44b) Importer(2089858483,192608db42251d675da83286b1cce702)
Start importing Assets/JMO Assets/Cartoon FX/Textures (Mobile)/CFXM4_T_RayRounded A8.png using Guid(528d2ec4aeb18784aa29355f31f0e44b) Importer(2089858483,192608db42251d675da83286b1cce702) (ScriptedImporter) -> (artifact id: 'fde249e05af1365c53e4f0c695293f5f') in 0.0211751 seconds
Number of updated asset objects reloaded before import = 0Number of asset objects unloaded after import = 1

========================================================================
Received Import Request.
  Time since last request: 0.000087 seconds.
  path: Assets/JMO Assets/Cartoon FX/Textures (Mobile)/CFXM4_T_GlowDot A8.png
  artifactKey: Guid(ead4346f4f786f34c80a49bda9c327e5) Importer(2089858483,192608db42251d675da83286b1cce702)
Start importing Assets/JMO Assets/Cartoon FX/Textures (Mobile)/CFXM4_T_GlowDot A8.png using Guid(ead4346f4f786f34c80a49bda9c327e5) Importer(2089858483,192608db42251d675da83286b1cce702) (ScriptedImporter) -> (artifact id: '64e5e515747e3c5ea7656fb1dd33e9e8') in 0.016036 seconds
Number of updated asset objects reloaded before import = 0Number of asset objects unloaded after import = 1

========================================================================
Received Import Request.
  Time since last request: 0.000134 seconds.
  path: Assets/JMO Assets/Cartoon FX/Textures (Mobile)/CFXM4_T_SplashRipple A8.png
  artifactKey: Guid(cb86f0c84cf728e498eacb1b377675ad) Importer(2089858483,192608db42251d675da83286b1cce702)
Start importing Assets/JMO Assets/Cartoon FX/Textures (Mobile)/CFXM4_T_SplashRipple A8.png using Guid(cb86f0c84cf728e498eacb1b377675ad) Importer(2089858483,192608db42251d675da83286b1cce702) (ScriptedImporter) -> (artifact id: '79b575f84e5aaa056a49d1f28c8ba9b7') in 0.014493 seconds
Number of updated asset objects reloaded before import = 0Number of asset objects unloaded after import = 1

========================================================================
Received Import Request.
  Time since last request: 0.000193 seconds.
  path: Assets/JMO Assets/Cartoon FX/CFX4 Prefabs/Fire/CFX4 Flamethrower (CFX Blend).prefab
  artifactKey: Guid(27dec30211d89714ebc1b6c2255561b8) Importer(2089858483,192608db42251d675da83286b1cce702)
Start importing Assets/JMO Assets/Cartoon FX/CFX4 Prefabs/Fire/CFX4 Flamethrower (CFX Blend).prefab using Guid(27dec30211d89714ebc1b6c2255561b8) Importer(2089858483,192608db42251d675da83286b1cce702) (ScriptedImporter) -> (artifact id: 'baab9f51d3cf19b46af4e6c63b9b6529') in 0.0371377 seconds
Number of updated asset objects reloaded before import = 0Number of asset objects unloaded after import = 15

========================================================================
Received Import Request.
  Time since last request: 0.000023 seconds.
  path: Assets/JMO Assets/Cartoon FX/Spawn System/SpawnSystem Template.prefab
  artifactKey: Guid(4f752d70fdcea284c8c3e3129cc58ff4) Importer(2089858483,192608db42251d675da83286b1cce702)
Start importing Assets/JMO Assets/Cartoon FX/Spawn System/SpawnSystem Template.prefab using Guid(4f752d70fdcea284c8c3e3129cc58ff4) Importer(2089858483,192608db42251d675da83286b1cce702) (ScriptedImporter) -> (artifact id: 'f182d32384fa5c7baece0e68e3f8b2fb') in 0.014558 seconds
Number of updated asset objects reloaded before import = 0Number of asset objects unloaded after import = 6

========================================================================
Received Import Request.
  Time since last request: 0.000055 seconds.
  path: Assets/JMO Assets/Cartoon FX/Textures/CFX3_T_RayStraight.png
  artifactKey: Guid(25fe726fd84d1154790a6f91bccc02c5) Importer(2089858483,192608db42251d675da83286b1cce702)
Start importing Assets/JMO Assets/Cartoon FX/Textures/CFX3_T_RayStraight.png using Guid(25fe726fd84d1154790a6f91bccc02c5) Importer(2089858483,192608db42251d675da83286b1cce702) (ScriptedImporter) -> (artifact id: 'b4024bd1d723c8e8705fae50a757e8e1') in 0.0117285 seconds
Number of updated asset objects reloaded before import = 0Number of asset objects unloaded after import = 1

========================================================================
Received Import Request.
  Time since last request: 0.000200 seconds.
  path: Assets/JMO Assets/Cartoon FX/Textures (Mobile)/CFXM4_T_AuraBubble A8.png
  artifactKey: Guid(109da480abecf00409219c2d0bc8db0b) Importer(2089858483,192608db42251d675da83286b1cce702)
Start importing Assets/JMO Assets/Cartoon FX/Textures (Mobile)/CFXM4_T_AuraBubble A8.png using Guid(109da480abecf00409219c2d0bc8db0b) Importer(2089858483,192608db42251d675da83286b1cce702) (ScriptedImporter) -> (artifact id: 'd0088d5305860d352219f75f7e93e9a3') in 0.011363 seconds
Number of updated asset objects reloaded before import = 0Number of asset objects unloaded after import = 1

========================================================================
Received Import Request.
  Time since last request: 0.000170 seconds.
  path: Assets/JMO Assets/Cartoon FX/CFX4 Prefabs/Light/CFX4 Falling Stars.prefab
  artifactKey: Guid(36b8d9f2f4bb58f49a6edb5d96c7dffb) Importer(2089858483,192608db42251d675da83286b1cce702)
Start importing Assets/JMO Assets/Cartoon FX/CFX4 Prefabs/Light/CFX4 Falling Stars.prefab using Guid(36b8d9f2f4bb58f49a6edb5d96c7dffb) Importer(2089858483,192608db42251d675da83286b1cce702) (ScriptedImporter) -> (artifact id: '7fe512ad0fae0b29d6ee2322b31d00b3') in 0.0385544 seconds
Number of updated asset objects reloaded before import = 0Number of asset objects unloaded after import = 10

========================================================================
Received Import Request.
  Time since last request: 0.000020 seconds.
  path: Assets/JMO Assets/Cartoon FX/CFX4 Prefabs/Light/CFX4 Aurora (Slow).prefab
  artifactKey: Guid(3708c90f057d40840acb1e37c3d6ff12) Importer(2089858483,192608db42251d675da83286b1cce702)
Start importing Assets/JMO Assets/Cartoon FX/CFX4 Prefabs/Light/CFX4 Aurora (Slow).prefab using Guid(3708c90f057d40840acb1e37c3d6ff12) Importer(2089858483,192608db42251d675da83286b1cce702) (ScriptedImporter) -> (artifact id: 'ad58dcd48e52b11514afee5184dde0dd') in 0.0341302 seconds
Number of updated asset objects reloaded before import = 0Number of asset objects unloaded after import = 6

========================================================================
Received Import Request.
  Time since last request: 0.000022 seconds.
  path: Assets/JMO Assets/Cartoon FX/Textures (Mobile)/CFXM4_T_DropRipple.png
  artifactKey: Guid(bc31bbae07eacab4aab741dcd8057ea1) Importer(2089858483,192608db42251d675da83286b1cce702)
Start importing Assets/JMO Assets/Cartoon FX/Textures (Mobile)/CFXM4_T_DropRipple.png using Guid(bc31bbae07eacab4aab741dcd8057ea1) Importer(2089858483,192608db42251d675da83286b1cce702) (ScriptedImporter) -> (artifact id: '3c631c6ad9d5bd50e43aa045e0145b54') in 0.0113766 seconds
Number of updated asset objects reloaded before import = 0Number of asset objects unloaded after import = 1

========================================================================
Received Import Request.
  Time since last request: 0.000096 seconds.
  path: Assets/JMO Assets/Cartoon FX/CFX4 Prefabs/Fire/CFX4 Sun (CFX Blend).prefab
  artifactKey: Guid(5fdcd1afad4983341a70d45601592669) Importer(2089858483,192608db42251d675da83286b1cce702)
Start importing Assets/JMO Assets/Cartoon FX/CFX4 Prefabs/Fire/CFX4 Sun (CFX Blend).prefab using Guid(5fdcd1afad4983341a70d45601592669) Importer(2089858483,192608db42251d675da83286b1cce702) (ScriptedImporter) -> (artifact id: '4f2370bf133d2b230aecab0046f71a64') in 0.036872 seconds
Number of updated asset objects reloaded before import = 0Number of asset objects unloaded after import = 19

========================================================================
Received Import Request.
  Time since last request: 0.000025 seconds.
  path: Assets/JMO Assets/Cartoon FX/CFX4 Prefabs/Space/CFX4_Plasma Ball Bigger (Blue-Purple, CFX Blend).prefab
  artifactKey: Guid(7aa20232ad0f37a4589de3df2567b113) Importer(2089858483,192608db42251d675da83286b1cce702)
Start importing Assets/JMO Assets/Cartoon FX/CFX4 Prefabs/Space/CFX4_Plasma Ball Bigger (Blue-Purple, CFX Blend).prefab using Guid(7aa20232ad0f37a4589de3df2567b113) Importer(2089858483,192608db42251d675da83286b1cce702) (ScriptedImporter) -> (artifact id: '98e83922d2988e8dadec30dc170452e7') in 0.0430719 seconds
Number of updated asset objects reloaded before import = 0Number of asset objects unloaded after import = 15

========================================================================
Received Import Request.
  Time since last request: 0.000045 seconds.
  path: Assets/JMO Assets/Cartoon FX/Textures/CFX2_T_Glow.png
  artifactKey: Guid(e387f662afce60c4cbf4689043469d34) Importer(2089858483,192608db42251d675da83286b1cce702)
Start importing Assets/JMO Assets/Cartoon FX/Textures/CFX2_T_Glow.png using Guid(e387f662afce60c4cbf4689043469d34) Importer(2089858483,192608db42251d675da83286b1cce702) (ScriptedImporter) -> (artifact id: '0cd84ffeb95c43ca4ffd89b7f89db681') in 0.0145813 seconds
Number of updated asset objects reloaded before import = 0Number of asset objects unloaded after import = 1

========================================================================
Received Import Request.
  Time since last request: 0.000083 seconds.
  path: Assets/JMO Assets/Cartoon FX/CFX4 Prefabs/Magic/CFX4 Magic Drain (Invert).prefab
  artifactKey: Guid(d89496bf4bf894d4a87eb3c8b1ab08c3) Importer(2089858483,192608db42251d675da83286b1cce702)
Start importing Assets/JMO Assets/Cartoon FX/CFX4 Prefabs/Magic/CFX4 Magic Drain (Invert).prefab using Guid(d89496bf4bf894d4a87eb3c8b1ab08c3) Importer(2089858483,192608db42251d675da83286b1cce702) (ScriptedImporter) -> (artifact id: 'c953a315cda8c17b9a74a1c507809228') in 0.0426737 seconds
Number of updated asset objects reloaded before import = 0Number of asset objects unloaded after import = 18

========================================================================
Received Import Request.
  Time since last request: 0.004479 seconds.
  path: Assets/GameAnalytics/Plugins/Playmaker/Editor/SendResourceEventActionEditor.cs
  artifactKey: Guid(f50974faf2211494d9c937a90c66fc94) Importer(2089858483,192608db42251d675da83286b1cce702)
Start importing Assets/GameAnalytics/Plugins/Playmaker/Editor/SendResourceEventActionEditor.cs using Guid(f50974faf2211494d9c937a90c66fc94) Importer(2089858483,192608db42251d675da83286b1cce702) (ScriptedImporter) -> (artifact id: '181e0219930f1704c94d63e969ace707') in 0.0057706 seconds
Number of updated asset objects reloaded before import = 0Number of asset objects unloaded after import = 0

========================================================================
Received Import Request.
  Time since last request: 0.000083 seconds.
  path: Assets/JMO Assets/Cartoon FX/CFX4 Prefabs/Misc/CFX4 Hit B (Orange).prefab
  artifactKey: Guid(e9391f622091e1449bdef4ef15af4948) Importer(2089858483,192608db42251d675da83286b1cce702)
Start importing Assets/JMO Assets/Cartoon FX/CFX4 Prefabs/Misc/CFX4 Hit B (Orange).prefab using Guid(e9391f622091e1449bdef4ef15af4948) Importer(2089858483,192608db42251d675da83286b1cce702) (ScriptedImporter) -> (artifact id: '3f03cc6c5a29784bc4913eab56249803') in 0.0392369 seconds
Number of updated asset objects reloaded before import = 0Number of asset objects unloaded after import = 11

========================================================================
Received Import Request.
  Time since last request: 0.000046 seconds.
  path: Assets/GameAnalytics/Plugins/Scripts/Events/GA_SpecialEvents.cs
  artifactKey: Guid(adefe18d2f40dd84c8666cc766d5de82) Importer(2089858483,192608db42251d675da83286b1cce702)
Start importing Assets/GameAnalytics/Plugins/Scripts/Events/GA_SpecialEvents.cs using Guid(adefe18d2f40dd84c8666cc766d5de82) Importer(2089858483,192608db42251d675da83286b1cce702) (ScriptedImporter) -> (artifact id: '90dde7b06dabf74d91454f3ce0cc9090') in 0.0075327 seconds
Number of updated asset objects reloaded before import = 0Number of asset objects unloaded after import = 0

========================================================================
Received Import Request.
  Time since last request: 0.000183 seconds.
  path: Assets/FacebookSDK/Examples/Scripts/SubMenus/DialogShare.cs
  artifactKey: Guid(e93c4155902d3496399630ee494eab6b) Importer(2089858483,192608db42251d675da83286b1cce702)
Start importing Assets/FacebookSDK/Examples/Scripts/SubMenus/DialogShare.cs using Guid(e93c4155902d3496399630ee494eab6b) Importer(2089858483,192608db42251d675da83286b1cce702) (ScriptedImporter) -> (artifact id: '7f592622a6baaf58c5b7e8c183b47d29') in 0.0068733 seconds
Number of updated asset objects reloaded before import = 0Number of asset objects unloaded after import = 0

========================================================================
Received Import Request.
  Time since last request: 0.000090 seconds.
  path: Assets/FacebookSDK/SDK/Editor/iOS/FBUnitySDKDelegate.h
  artifactKey: Guid(7461bcc2e2c714a03a3f60d68ec79369) Importer(2089858483,192608db42251d675da83286b1cce702)
Start importing Assets/FacebookSDK/SDK/Editor/iOS/FBUnitySDKDelegate.h using Guid(7461bcc2e2c714a03a3f60d68ec79369) Importer(2089858483,192608db42251d675da83286b1cce702) (ScriptedImporter) -> (artifact id: '79beb00fe49b57ef7e69e1182b585c71') in 0.0074214 seconds
Number of updated asset objects reloaded before import = 0Number of asset objects unloaded after import = 0

========================================================================
Received Import Request.
  Time since last request: 0.000165 seconds.
  path: Assets/JMO Assets/Cartoon FX/CFX4 Prefabs/Light/CFX4 Aura Bubble C (CFX Blend).prefab
  artifactKey: Guid(e6e0f261c681ec0489edd10c9889d7e8) Importer(2089858483,192608db42251d675da83286b1cce702)
Start importing Assets/JMO Assets/Cartoon FX/CFX4 Prefabs/Light/CFX4 Aura Bubble C (CFX Blend).prefab using Guid(e6e0f261c681ec0489edd10c9889d7e8) Importer(2089858483,192608db42251d675da83286b1cce702) (ScriptedImporter) -> (artifact id: '64161177edba48b06d0ebe765737b907') in 0.0379541 seconds
Number of updated asset objects reloaded before import = 0Number of asset objects unloaded after import = 14

========================================================================
Received Import Request.
  Time since last request: 0.000022 seconds.
  path: Assets/FacebookSDK/SDK/Editor/iOS/FBSDK+Internal.h
  artifactKey: Guid(66952bdb75cae4c348f3d0521da59bfd) Importer(2089858483,192608db42251d675da83286b1cce702)
Start importing Assets/FacebookSDK/SDK/Editor/iOS/FBSDK+Internal.h using Guid(66952bdb75cae4c348f3d0521da59bfd) Importer(2089858483,192608db42251d675da83286b1cce702) (ScriptedImporter) -> (artifact id: 'c1cab9d9d2c0894a9008e7a6f8fc4b71') in 0.0045055 seconds
Number of updated asset objects reloaded before import = 0Number of asset objects unloaded after import = 0

========================================================================
Received Import Request.
  Time since last request: 0.000178 seconds.
  path: Assets/JMO Assets/Cartoon FX/CFX4 Prefabs/Fire/CFX4 Flamme.prefab
  artifactKey: Guid(09c5e21cfc3a06148a53ee6ee0e5de3b) Importer(2089858483,192608db42251d675da83286b1cce702)
Start importing Assets/JMO Assets/Cartoon FX/CFX4 Prefabs/Fire/CFX4 Flamme.prefab using Guid(09c5e21cfc3a06148a53ee6ee0e5de3b) Importer(2089858483,192608db42251d675da83286b1cce702) (ScriptedImporter) -> (artifact id: '8c3e777d9b9223f9e415ce1c0aa047b0') in 0.0393254 seconds
Number of updated asset objects reloaded before import = 0Number of asset objects unloaded after import = 14

========================================================================
Received Import Request.
  Time since last request: 0.000038 seconds.
  path: Assets/JMO Assets/Cartoon FX/CFX4 Prefabs/Magic/CFX4 Magic Drain.prefab
  artifactKey: Guid(a050caf6adff7854c93720966f6f3853) Importer(2089858483,192608db42251d675da83286b1cce702)
Start importing Assets/JMO Assets/Cartoon FX/CFX4 Prefabs/Magic/CFX4 Magic Drain.prefab using Guid(a050caf6adff7854c93720966f6f3853) Importer(2089858483,192608db42251d675da83286b1cce702) (ScriptedImporter) -> (artifact id: '2af66af6b4d654be637aefe003ca336b') in 0.040187 seconds
Number of updated asset objects reloaded before import = 0Number of asset objects unloaded after import = 18

========================================================================
Received Import Request.
  Time since last request: 0.000044 seconds.
  path: Assets/GameAnalytics/Plugins/Scripts/Wrapper/GA_Wrapper.cs
  artifactKey: Guid(f770e9a858e99433d9719ad773afb625) Importer(2089858483,192608db42251d675da83286b1cce702)
Start importing Assets/GameAnalytics/Plugins/Scripts/Wrapper/GA_Wrapper.cs using Guid(f770e9a858e99433d9719ad773afb625) Importer(2089858483,192608db42251d675da83286b1cce702) (ScriptedImporter) -> (artifact id: 'eacf8c7cb2169ec5f472fe48653c97cb') in 0.0052078 seconds
Number of updated asset objects reloaded before import = 0Number of asset objects unloaded after import = 0

========================================================================
Received Import Request.
  Time since last request: 0.000077 seconds.
  path: Assets/Plugins/WSA/SDK80/System.Data.Common.dll
  artifactKey: Guid(33c53c6117bda3c41bebc809b6877948) Importer(2089858483,192608db42251d675da83286b1cce702)
Start importing Assets/Plugins/WSA/SDK80/System.Data.Common.dll using Guid(33c53c6117bda3c41bebc809b6877948) Importer(2089858483,192608db42251d675da83286b1cce702) (ScriptedImporter) -> (artifact id: '061de5ea7a4358716e87f4e71574cda0') in 0.0048196 seconds
Number of updated asset objects reloaded before import = 0Number of asset objects unloaded after import = 0

========================================================================
Received Import Request.
  Time since last request: 0.000064 seconds.
  path: Assets/JMO Assets/Cartoon FX/CFX4 Prefabs/Magic/CFX4 Magic Drain (CFX Blend).prefab
  artifactKey: Guid(909e70dddf93f47438afb352fa986b75) Importer(2089858483,192608db42251d675da83286b1cce702)
Start importing Assets/JMO Assets/Cartoon FX/CFX4 Prefabs/Magic/CFX4 Magic Drain (CFX Blend).prefab using Guid(909e70dddf93f47438afb352fa986b75) Importer(2089858483,192608db42251d675da83286b1cce702) (ScriptedImporter) -> (artifact id: 'ab6092d7519ff61fa343b8c5895ccb02') in 0.0370578 seconds
Number of updated asset objects reloaded before import = 0Number of asset objects unloaded after import = 19

========================================================================
Received Import Request.
  Time since last request: 0.000041 seconds.
  path: Assets/GameAnalytics/Plugins/Scripts/Events/GA_Business.cs
  artifactKey: Guid(9c87e364230a6ce459923436a2215b15) Importer(2089858483,192608db42251d675da83286b1cce702)
Start importing Assets/GameAnalytics/Plugins/Scripts/Events/GA_Business.cs using Guid(9c87e364230a6ce459923436a2215b15) Importer(2089858483,192608db42251d675da83286b1cce702) (ScriptedImporter) -> (artifact id: '45ab19a54a5b8ce231d6fa6e94299f95') in 0.0062035 seconds
Number of updated asset objects reloaded before import = 0Number of asset objects unloaded after import = 0

========================================================================
Received Import Request.
  Time since last request: 0.000135 seconds.
  path: Assets/JMO Assets/Cartoon FX/CFX4 Prefabs/Electric/CFX4 Sparks Explosion B.prefab
  artifactKey: Guid(ec1383a81f8b26e41bd5795fba065567) Importer(2089858483,192608db42251d675da83286b1cce702)
Start importing Assets/JMO Assets/Cartoon FX/CFX4 Prefabs/Electric/CFX4 Sparks Explosion B.prefab using Guid(ec1383a81f8b26e41bd5795fba065567) Importer(2089858483,192608db42251d675da83286b1cce702) (ScriptedImporter) -> (artifact id: '26d191061b52f54b50b47877ff1445cd') in 0.0393584 seconds
Number of updated asset objects reloaded before import = 0Number of asset objects unloaded after import = 11

========================================================================
Received Import Request.
  Time since last request: 0.000036 seconds.
  path: Assets/JMO Assets/Cartoon FX/CFX4 Prefabs/Explosions/CFX4 Explosion SoftEdge Air.prefab
  artifactKey: Guid(8e4c7f021f137774aaf3ae503165f560) Importer(2089858483,192608db42251d675da83286b1cce702)
Start importing Assets/JMO Assets/Cartoon FX/CFX4 Prefabs/Explosions/CFX4 Explosion SoftEdge Air.prefab using Guid(8e4c7f021f137774aaf3ae503165f560) Importer(2089858483,192608db42251d675da83286b1cce702) (ScriptedImporter) -> (artifact id: '50c7a21d35487e428a5812cb9587dec3') in 0.0429546 seconds
Number of updated asset objects reloaded before import = 0Number of asset objects unloaded after import = 23

========================================================================
Received Import Request.
  Time since last request: 0.000046 seconds.
  path: Assets/JMO Assets/Cartoon FX/CFX4 Prefabs/Space/CFX4 Donut Teleporter.prefab
  artifactKey: Guid(50ad627e8f205b646893e31e6268cb1f) Importer(2089858483,192608db42251d675da83286b1cce702)
Start importing Assets/JMO Assets/Cartoon FX/CFX4 Prefabs/Space/CFX4 Donut Teleporter.prefab using Guid(50ad627e8f205b646893e31e6268cb1f) Importer(2089858483,192608db42251d675da83286b1cce702) (ScriptedImporter) -> (artifact id: '7764d971b2deb4aeda552a009fcdfc3c') in 0.0459486 seconds
Number of updated asset objects reloaded before import = 0Number of asset objects unloaded after import = 7

========================================================================
Received Import Request.
  Time since last request: 0.000031 seconds.
  path: Assets/JMO Assets/Cartoon FX/CFX4 Prefabs/Fire/CFX4 Flamme Soft.prefab
  artifactKey: Guid(fa3a33c0f0dccd446b40b9696dbf030c) Importer(2089858483,192608db42251d675da83286b1cce702)
Start importing Assets/JMO Assets/Cartoon FX/CFX4 Prefabs/Fire/CFX4 Flamme Soft.prefab using Guid(fa3a33c0f0dccd446b40b9696dbf030c) Importer(2089858483,192608db42251d675da83286b1cce702) (ScriptedImporter) -> (artifact id: '002433dfa7c05b0e6dc58f18faa3d97e') in 0.0333217 seconds
Number of updated asset objects reloaded before import = 0Number of asset objects unloaded after import = 14

========================================================================
Received Import Request.
  Time since last request: 0.000033 seconds.
  path: Assets/JMO Assets/Cartoon FX/CFX4 Prefabs/Light/CFX4 Aura Bubble C.prefab
  artifactKey: Guid(968c924d2be019d4b9e67647551eec3e) Importer(2089858483,192608db42251d675da83286b1cce702)
Start importing Assets/JMO Assets/Cartoon FX/CFX4 Prefabs/Light/CFX4 Aura Bubble C.prefab using Guid(968c924d2be019d4b9e67647551eec3e) Importer(2089858483,192608db42251d675da83286b1cce702) (ScriptedImporter) -> (artifact id: '643b8ff9c2014bbecbe6cd6d7c490080') in 0.0390491 seconds
Number of updated asset objects reloaded before import = 0Number of asset objects unloaded after import = 14

========================================================================
Received Import Request.
  Time since last request: 0.000056 seconds.
  path: Assets/GameAnalytics/Plugins/Scripts/Wrapper/GA_tvOSWrapper.cs
  artifactKey: Guid(fa243e0b34b0943898d5bdbc2e0f5e04) Importer(2089858483,192608db42251d675da83286b1cce702)
Start importing Assets/GameAnalytics/Plugins/Scripts/Wrapper/GA_tvOSWrapper.cs using Guid(fa243e0b34b0943898d5bdbc2e0f5e04) Importer(2089858483,192608db42251d675da83286b1cce702) (ScriptedImporter) -> (artifact id: '1d6eae9081c06f6519fa7d3f9c230d7f') in 0.0051292 seconds
Number of updated asset objects reloaded before import = 0Number of asset objects unloaded after import = 0

========================================================================
Received Import Request.
  Time since last request: 0.000139 seconds.
  path: Assets/FacebookSDK/Plugins/Android/libs/bolts-tasks-1.4.0.jar
  artifactKey: Guid(9395d5074105b4bf5bb3f25a7daf0d6a) Importer(2089858483,192608db42251d675da83286b1cce702)
Start importing Assets/FacebookSDK/Plugins/Android/libs/bolts-tasks-1.4.0.jar using Guid(9395d5074105b4bf5bb3f25a7daf0d6a) Importer(2089858483,192608db42251d675da83286b1cce702) (ScriptedImporter) -> (artifact id: '37e3065fe36ad9b012bea1cd09b1ab16') in 0.0057691 seconds
Number of updated asset objects reloaded before import = 0Number of asset objects unloaded after import = 0

========================================================================
Received Import Request.
  Time since last request: 0.000181 seconds.
  path: Assets/Plugins/WSA/SDK81/GameAnalytics.WSA.dll
  artifactKey: Guid(dd262aad5e2d98a45b6dbe071854424f) Importer(2089858483,192608db42251d675da83286b1cce702)
Start importing Assets/Plugins/WSA/SDK81/GameAnalytics.WSA.dll using Guid(dd262aad5e2d98a45b6dbe071854424f) Importer(2089858483,192608db42251d675da83286b1cce702) (ScriptedImporter) -> (artifact id: '26a8ea12736aed8797e453cbee2ee24d') in 0.0054946 seconds
Number of updated asset objects reloaded before import = 0Number of asset objects unloaded after import = 0

========================================================================
Received Import Request.
  Time since last request: 0.000123 seconds.
  path: Assets/JMO Assets/Cartoon FX/CFX4 Prefabs/Space/CFX4 Atom (CFX Blend).prefab
  artifactKey: Guid(eb60b12f614235947851eca8015570b2) Importer(2089858483,192608db42251d675da83286b1cce702)
Start importing Assets/JMO Assets/Cartoon FX/CFX4 Prefabs/Space/CFX4 Atom (CFX Blend).prefab using Guid(eb60b12f614235947851eca8015570b2) Importer(2089858483,192608db42251d675da83286b1cce702) (ScriptedImporter) -> (artifact id: 'b1bf2b7000d345662218e5253dc0f18c') in 0.0381766 seconds
Number of updated asset objects reloaded before import = 0Number of asset objects unloaded after import = 23

========================================================================
Received Import Request.
  Time since last request: 0.000028 seconds.
  path: Assets/GameAnalytics/Plugins/Playmaker/Examples/GameAnalyticsPlayMakerDemo.unitypackage
  artifactKey: Guid(407ffca6c655a443ba2a0b82d2a43bdc) Importer(2089858483,192608db42251d675da83286b1cce702)
Start importing Assets/GameAnalytics/Plugins/Playmaker/Examples/GameAnalyticsPlayMakerDemo.unitypackage using Guid(407ffca6c655a443ba2a0b82d2a43bdc) Importer(2089858483,192608db42251d675da83286b1cce702) (ScriptedImporter) -> (artifact id: '286da51a4819eeb7130d538c8e7e64a5') in 0.0046791 seconds
Number of updated asset objects reloaded before import = 0Number of asset objects unloaded after import = 1

========================================================================
Received Import Request.
  Time since last request: 0.000105 seconds.
  path: Assets/JMO Assets/Cartoon FX/CFX4 Prefabs/Misc/CFX4 SmokePuff.prefab
  artifactKey: Guid(2451cd75d57a0434884169dbc07bafaa) Importer(2089858483,192608db42251d675da83286b1cce702)
Start importing Assets/JMO Assets/Cartoon FX/CFX4 Prefabs/Misc/CFX4 SmokePuff.prefab using Guid(2451cd75d57a0434884169dbc07bafaa) Importer(2089858483,192608db42251d675da83286b1cce702) (ScriptedImporter) -> (artifact id: '0897a461381bfc4f4caf556c86dec914') in 0.0395595 seconds
Number of updated asset objects reloaded before import = 0Number of asset objects unloaded after import = 7

========================================================================
Received Import Request.
  Time since last request: 0.000024 seconds.
  path: Assets/JMO Assets/Cartoon FX/CFX4 Prefabs/Magic/CFX4 Fairy Dust.prefab
  artifactKey: Guid(b89d19759a645cd45a6a9361c184f61e) Importer(2089858483,192608db42251d675da83286b1cce702)
Start importing Assets/JMO Assets/Cartoon FX/CFX4 Prefabs/Magic/CFX4 Fairy Dust.prefab using Guid(b89d19759a645cd45a6a9361c184f61e) Importer(2089858483,192608db42251d675da83286b1cce702) (ScriptedImporter) -> (artifact id: '4187703aeb8ba34a01b524b1510d6dc8') in 0.0357104 seconds
Number of updated asset objects reloaded before import = 0Number of asset objects unloaded after import = 11

========================================================================
Received Import Request.
  Time since last request: 0.000025 seconds.
  path: Assets/JMO Assets/Cartoon FX/CFX4 Prefabs/Magic/CFX4 Magic Hit (CFX Blend).prefab
  artifactKey: Guid(cbd607655e9d8e24e905a90c2dfa98a3) Importer(2089858483,192608db42251d675da83286b1cce702)
Start importing Assets/JMO Assets/Cartoon FX/CFX4 Prefabs/Magic/CFX4 Magic Hit (CFX Blend).prefab using Guid(cbd607655e9d8e24e905a90c2dfa98a3) Importer(2089858483,192608db42251d675da83286b1cce702) (ScriptedImporter) -> (artifact id: '6d51f8665168cdb3c7d6cf85b0ad660f') in 0.0381978 seconds
Number of updated asset objects reloaded before import = 0Number of asset objects unloaded after import = 22

========================================================================
Received Import Request.
  Time since last request: 0.000024 seconds.
  path: Assets/Plugins/WSA/ARM/sqlite3.dll
  artifactKey: Guid(30177d4e124608d4cb92d0a4fd4cad84) Importer(2089858483,192608db42251d675da83286b1cce702)
Start importing Assets/Plugins/WSA/ARM/sqlite3.dll using Guid(30177d4e124608d4cb92d0a4fd4cad84) Importer(2089858483,192608db42251d675da83286b1cce702) (ScriptedImporter) -> (artifact id: 'de38f66b13430a6bc42a5355963f89e9') in 0.0060241 seconds
Number of updated asset objects reloaded before import = 0Number of asset objects unloaded after import = 0

========================================================================
Received Import Request.
  Time since last request: 0.000189 seconds.
  path: Assets/JMO Assets/Cartoon FX/Textures (Mobile)/CFXM4_T_AuraBubble.png
  artifactKey: Guid(47dc3b21e044e144fabb8a4816f38ad2) Importer(2089858483,192608db42251d675da83286b1cce702)
Start importing Assets/JMO Assets/Cartoon FX/Textures (Mobile)/CFXM4_T_AuraBubble.png using Guid(47dc3b21e044e144fabb8a4816f38ad2) Importer(2089858483,192608db42251d675da83286b1cce702) (ScriptedImporter) -> (artifact id: '24fee1fbca2b573136e0f38a1ff8db1f') in 0.0139874 seconds
Number of updated asset objects reloaded before import = 0Number of asset objects unloaded after import = 1

========================================================================
Received Import Request.
  Time since last request: 0.000146 seconds.
  path: Assets/JMO Assets/Cartoon FX/CFX4 Prefabs/Fire/CFX4 Fire Vortex (CFX Blend).prefab
  artifactKey: Guid(a75f7b4c33e0c0d46bbfef818fcd2dfc) Importer(2089858483,192608db42251d675da83286b1cce702)
Start importing Assets/JMO Assets/Cartoon FX/CFX4 Prefabs/Fire/CFX4 Fire Vortex (CFX Blend).prefab using Guid(a75f7b4c33e0c0d46bbfef818fcd2dfc) Importer(2089858483,192608db42251d675da83286b1cce702) (ScriptedImporter) -> (artifact id: '363d79eb48d00a9ecbeb32cde7e1a905') in 0.0474178 seconds
Number of updated asset objects reloaded before import = 0Number of asset objects unloaded after import = 19

========================================================================
Received Import Request.
  Time since last request: 0.000024 seconds.
  path: Assets/JMO Assets/Cartoon FX/CFX4 Prefabs/Light/CFX4 Aura Bubble B.prefab
  artifactKey: Guid(9cff7516f32de324bb9b5fa55a647fb7) Importer(2089858483,192608db42251d675da83286b1cce702)
Start importing Assets/JMO Assets/Cartoon FX/CFX4 Prefabs/Light/CFX4 Aura Bubble B.prefab using Guid(9cff7516f32de324bb9b5fa55a647fb7) Importer(2089858483,192608db42251d675da83286b1cce702) (ScriptedImporter) -> (artifact id: 'b2972e8966bb94b594d36abd9bb45035') in 0.0362622 seconds
Number of updated asset objects reloaded before import = 0Number of asset objects unloaded after import = 10

========================================================================
Received Import Request.
  Time since last request: 0.000022 seconds.
  path: Assets/JMO Assets/Cartoon FX/CFX4 Prefabs/Water/CFX4 Environment Bubbles Denser.prefab
  artifactKey: Guid(37bd362d795dc334d8676f4781d66578) Importer(2089858483,192608db42251d675da83286b1cce702)
Start importing Assets/JMO Assets/Cartoon FX/CFX4 Prefabs/Water/CFX4 Environment Bubbles Denser.prefab using Guid(37bd362d795dc334d8676f4781d66578) Importer(2089858483,192608db42251d675da83286b1cce702) (ScriptedImporter) -> (artifact id: '4c0e49e5ce9e4275786e0aea71943e69') in 0.0379707 seconds
Number of updated asset objects reloaded before import = 0Number of asset objects unloaded after import = 6

========================================================================
Received Import Request.
  Time since last request: 0.000026 seconds.
  path: Assets/JMO Assets/Cartoon FX/CFX4 Prefabs/Light/CFX4 Falling Stars (CFX Blend).prefab
  artifactKey: Guid(1f84f83d0827e9d46b2e0f59dd0011cf) Importer(2089858483,192608db42251d675da83286b1cce702)
Start importing Assets/JMO Assets/Cartoon FX/CFX4 Prefabs/Light/CFX4 Falling Stars (CFX Blend).prefab using Guid(1f84f83d0827e9d46b2e0f59dd0011cf) Importer(2089858483,192608db42251d675da83286b1cce702) (ScriptedImporter) -> (artifact id: 'cfcf7aad8a9c2c4c7daf26fdf36875fa') in 0.0343123 seconds
Number of updated asset objects reloaded before import = 0Number of asset objects unloaded after import = 10

========================================================================
Received Import Request.
  Time since last request: 0.000025 seconds.
  path: Assets/JMO Assets/Cartoon FX/Textures/CFX4_T_SoftCircle A8.png
  artifactKey: Guid(1e1ae8a8637880241a6eea3f1cbbcc7e) Importer(2089858483,192608db42251d675da83286b1cce702)
Start importing Assets/JMO Assets/Cartoon FX/Textures/CFX4_T_SoftCircle A8.png using Guid(1e1ae8a8637880241a6eea3f1cbbcc7e) Importer(2089858483,192608db42251d675da83286b1cce702) (ScriptedImporter) -> (artifact id: 'd68bad27cbde728201c34c07764d4127') in 0.0156859 seconds
Number of updated asset objects reloaded before import = 0Number of asset objects unloaded after import = 1

========================================================================
Received Import Request.
  Time since last request: 0.000142 seconds.
  path: Assets/JMO Assets/Cartoon FX/Textures/CFX3_T_FireSparkle.png
  artifactKey: Guid(52c1a422bfc04b543adc653b160af1e6) Importer(2089858483,192608db42251d675da83286b1cce702)
Start importing Assets/JMO Assets/Cartoon FX/Textures/CFX3_T_FireSparkle.png using Guid(52c1a422bfc04b543adc653b160af1e6) Importer(2089858483,192608db42251d675da83286b1cce702) (ScriptedImporter) -> (artifact id: '86fd21a068eb7ce0dc1c728f15bc4d75') in 0.0125567 seconds
Number of updated asset objects reloaded before import = 0Number of asset objects unloaded after import = 1

========================================================================
Received Import Request.
  Time since last request: 0.000023 seconds.
  path: Assets/JMO Assets/Cartoon FX/Textures/CFX4_T_PaintHit.png
  artifactKey: Guid(9e8ecf28345d6f44d9386600ea414f4d) Importer(2089858483,192608db42251d675da83286b1cce702)
Start importing Assets/JMO Assets/Cartoon FX/Textures/CFX4_T_PaintHit.png using Guid(9e8ecf28345d6f44d9386600ea414f4d) Importer(2089858483,192608db42251d675da83286b1cce702) (ScriptedImporter) -> (artifact id: '11413dac9304373d38100b563d19d176') in 0.011495 seconds
Number of updated asset objects reloaded before import = 0Number of asset objects unloaded after import = 1

========================================================================
Received Import Request.
  Time since last request: 0.000149 seconds.
  path: Assets/JMO Assets/Cartoon FX/Textures (Mobile)/CFXM2_T_Glow.png
  artifactKey: Guid(0f52056d1e0975b45897abf22078ebd9) Importer(2089858483,192608db42251d675da83286b1cce702)
Start importing Assets/JMO Assets/Cartoon FX/Textures (Mobile)/CFXM2_T_Glow.png using Guid(0f52056d1e0975b45897abf22078ebd9) Importer(2089858483,192608db42251d675da83286b1cce702) (ScriptedImporter) -> (artifact id: 'da76ad36891c0927e14fafebece4019a') in 0.0115607 seconds
Number of updated asset objects reloaded before import = 0Number of asset objects unloaded after import = 1

========================================================================
Received Import Request.
  Time since last request: 0.000175 seconds.
  path: Assets/JMO Assets/Cartoon FX/CFX4 Prefabs/Misc/CFX4 Smoke Trail B (Black).prefab
  artifactKey: Guid(e59c5511bb7547a459ab624f6ad1e548) Importer(2089858483,192608db42251d675da83286b1cce702)
Start importing Assets/JMO Assets/Cartoon FX/CFX4 Prefabs/Misc/CFX4 Smoke Trail B (Black).prefab using Guid(e59c5511bb7547a459ab624f6ad1e548) Importer(2089858483,192608db42251d675da83286b1cce702) (ScriptedImporter) -> (artifact id: '9b5c0b5d28086837e0a2241451a52e74') in 0.0335749 seconds
Number of updated asset objects reloaded before import = 0Number of asset objects unloaded after import = 10

========================================================================
Received Import Request.
  Time since last request: 0.000022 seconds.
  path: Assets/JMO Assets/Cartoon FX/Textures (Mobile)/CFXM4_T_GroundDebris AB.png
  artifactKey: Guid(8954b1529b5469544bff279840f6bb81) Importer(2089858483,192608db42251d675da83286b1cce702)
Start importing Assets/JMO Assets/Cartoon FX/Textures (Mobile)/CFXM4_T_GroundDebris AB.png using Guid(8954b1529b5469544bff279840f6bb81) Importer(2089858483,192608db42251d675da83286b1cce702) (ScriptedImporter) -> (artifact id: '296506de9fa2ea8f759968c099e59f81') in 0.0174116 seconds
Number of updated asset objects reloaded before import = 0Number of asset objects unloaded after import = 1

========================================================================
Received Import Request.
  Time since last request: 0.000042 seconds.
  path: Assets/JMO Assets/Cartoon FX/CFX4 Prefabs/Magic/CFX4 Magical Ring.prefab
  artifactKey: Guid(29fe89e2251da0a4bb5e578791c6e2a7) Importer(2089858483,192608db42251d675da83286b1cce702)
Start importing Assets/JMO Assets/Cartoon FX/CFX4 Prefabs/Magic/CFX4 Magical Ring.prefab using Guid(29fe89e2251da0a4bb5e578791c6e2a7) Importer(2089858483,192608db42251d675da83286b1cce702) (ScriptedImporter) -> (artifact id: '89bb2ac8d299ee4f8fd04a1f0b5c1ffa') in 0.0495254 seconds
Number of updated asset objects reloaded before import = 0Number of asset objects unloaded after import = 15

========================================================================
Received Import Request.
  Time since last request: 0.000035 seconds.
  path: Assets/FacebookSDK/SDK/Editor/iOS/FBUnityUtility.h
  artifactKey: Guid(b4469d6625a664618b68231ee0dcc093) Importer(2089858483,192608db42251d675da83286b1cce702)
Start importing Assets/FacebookSDK/SDK/Editor/iOS/FBUnityUtility.h using Guid(b4469d6625a664618b68231ee0dcc093) Importer(2089858483,192608db42251d675da83286b1cce702) (ScriptedImporter) -> (artifact id: '93c4e05d3b2e371924de0ad6e3f6dd21') in 0.0067533 seconds
Number of updated asset objects reloaded before import = 0Number of asset objects unloaded after import = 0

========================================================================
Received Import Request.
  Time since last request: 0.000231 seconds.
  path: Assets/JMO Assets/Cartoon FX/CFX4 Prefabs/Electric/CFX4 Sparks Explosion B Double.prefab
  artifactKey: Guid(af37473edf036494e929dd1e4cc88890) Importer(2089858483,192608db42251d675da83286b1cce702)
Start importing Assets/JMO Assets/Cartoon FX/CFX4 Prefabs/Electric/CFX4 Sparks Explosion B Double.prefab using Guid(af37473edf036494e929dd1e4cc88890) Importer(2089858483,192608db42251d675da83286b1cce702) (ScriptedImporter) -> (artifact id: 'd3b26fd7201c26e0ec5ff50522867854') in 0.0378844 seconds
Number of updated asset objects reloaded before import = 0Number of asset objects unloaded after import = 11

========================================================================
Received Import Request.
  Time since last request: 0.000055 seconds.
  path: Assets/JMO Assets/Cartoon FX/Textures/CFX_T_RayRounded.png
  artifactKey: Guid(80afd895097ad144893ad78943aaf475) Importer(2089858483,192608db42251d675da83286b1cce702)
Start importing Assets/JMO Assets/Cartoon FX/Textures/CFX_T_RayRounded.png using Guid(80afd895097ad144893ad78943aaf475) Importer(2089858483,192608db42251d675da83286b1cce702) (ScriptedImporter) -> (artifact id: '73a4794f27da7714090d9ca9f04c3001') in 0.0165302 seconds
Number of updated asset objects reloaded before import = 0Number of asset objects unloaded after import = 1

========================================================================
Received Import Request.
  Time since last request: 0.000318 seconds.
  path: Assets/JMO Assets/Cartoon FX/Textures (Mobile)/CFXM_T_RayRounded.png
  artifactKey: Guid(5f84370739e00f6448c2ea5cd4b39ed2) Importer(2089858483,192608db42251d675da83286b1cce702)
Start importing Assets/JMO Assets/Cartoon FX/Textures (Mobile)/CFXM_T_RayRounded.png using Guid(5f84370739e00f6448c2ea5cd4b39ed2) Importer(2089858483,192608db42251d675da83286b1cce702) (ScriptedImporter) -> (artifact id: 'de6857a0d79ad3198cf7a5690bbc07f5') in 0.0246511 seconds
Number of updated asset objects reloaded before import = 0Number of asset objects unloaded after import = 1

========================================================================
Received Import Request.
  Time since last request: 0.000079 seconds.
  path: Assets/GameAnalytics/Plugins/Scripts/Wrapper/GA_WebGLWrapper.cs
  artifactKey: Guid(b2e01a91a8f57cc4ab01eb170c170820) Importer(2089858483,192608db42251d675da83286b1cce702)
Start importing Assets/GameAnalytics/Plugins/Scripts/Wrapper/GA_WebGLWrapper.cs using Guid(b2e01a91a8f57cc4ab01eb170c170820) Importer(2089858483,192608db42251d675da83286b1cce702) (ScriptedImporter) -> (artifact id: '4803a656961d7d9125f69c742699d33c') in 0.0055568 seconds
Number of updated asset objects reloaded before import = 0Number of asset objects unloaded after import = 0

========================================================================
Received Prepare
Refreshing native plugins compatible for Editor in 28.13 ms, found 6 plugins.
Preloading 0 native plugins for Editor in 0.00 ms.
Unloading 4 Unused Serialized files (Serialized files now loaded: 0)
Unloading 3618 unused Assets / (1.5 MB). Loaded Objects now: 4115.
Memory consumption went from 86.8 MB to 85.3 MB.
Total: 37.797100 ms (FindLiveObjects: 1.018300 ms CreateObjectMapping: 0.460400 ms MarkObjects: 32.895300 ms  DeleteObjects: 3.420800 ms)

Prepare: number of updated asset objects reloaded= 0
========================================================================
Received Prepare
Refreshing native plugins compatible for Editor in 27.52 ms, found 6 plugins.
Preloading 0 native plugins for Editor in 0.00 ms.
Unloading 4 Unused Serialized files (Serialized files now loaded: 0)
Unloading 3617 unused Assets / (1.5 MB). Loaded Objects now: 4115.
Memory consumption went from 86.8 MB to 85.3 MB.
Total: 33.811200 ms (FindLiveObjects: 0.666900 ms CreateObjectMapping: 0.696600 ms MarkObjects: 28.004200 ms  DeleteObjects: 4.439500 ms)

Prepare: number of updated asset objects reloaded= 0
========================================================================
Received Prepare
Refreshing native plugins compatible for Editor in 24.67 ms, found 6 plugins.
Preloading 0 native plugins for Editor in 0.00 ms.
Unloading 4 Unused Serialized files (Serialized files now loaded: 0)
Unloading 3617 unused Assets / (1.4 MB). Loaded Objects now: 4115.
Memory consumption went from 86.8 MB to 85.4 MB.
Total: 23.440000 ms (FindLiveObjects: 0.585200 ms CreateObjectMapping: 0.403400 ms MarkObjects: 20.699600 ms  DeleteObjects: 1.748900 ms)

Prepare: number of updated asset objects reloaded= 0
========================================================================
Received Prepare
Refreshing native plugins compatible for Editor in 29.59 ms, found 6 plugins.
Preloading 0 native plugins for Editor in 0.00 ms.
Unloading 4 Unused Serialized files (Serialized files now loaded: 0)
Unloading 3617 unused Assets / (1.2 MB). Loaded Objects now: 4115.
Memory consumption went from 86.8 MB to 85.6 MB.
Total: 19.604300 ms (FindLiveObjects: 0.830300 ms CreateObjectMapping: 0.453900 ms MarkObjects: 16.031800 ms  DeleteObjects: 2.285700 ms)

Prepare: number of updated asset objects reloaded= 0
========================================================================
Received Prepare
Refreshing native plugins compatible for Editor in 23.10 ms, found 6 plugins.
Preloading 0 native plugins for Editor in 0.00 ms.
Unloading 4 Unused Serialized files (Serialized files now loaded: 0)
Unloading 3617 unused Assets / (1.3 MB). Loaded Objects now: 4115.
Memory consumption went from 86.8 MB to 85.5 MB.
Total: 17.510400 ms (FindLiveObjects: 0.403800 ms CreateObjectMapping: 0.329400 ms MarkObjects: 15.365900 ms  DeleteObjects: 1.409800 ms)

Prepare: number of updated asset objects reloaded= 0
========================================================================
Received Prepare
Refreshing native plugins compatible for Editor in 19.36 ms, found 6 plugins.
Preloading 0 native plugins for Editor in 0.00 ms.
Unloading 4 Unused Serialized files (Serialized files now loaded: 0)
Unloading 3617 unused Assets / (1.0 MB). Loaded Objects now: 4115.
Memory consumption went from 86.8 MB to 85.8 MB.
Total: 24.668400 ms (FindLiveObjects: 0.480100 ms CreateObjectMapping: 0.321100 ms MarkObjects: 22.258900 ms  DeleteObjects: 1.606100 ms)

Prepare: number of updated asset objects reloaded= 0
========================================================================
Received Prepare
Refreshing native plugins compatible for Editor in 18.15 ms, found 6 plugins.
Preloading 0 native plugins for Editor in 0.00 ms.
Unloading 4 Unused Serialized files (Serialized files now loaded: 0)
Unloading 3617 unused Assets / (1.3 MB). Loaded Objects now: 4115.
Memory consumption went from 86.8 MB to 85.5 MB.
Total: 17.398500 ms (FindLiveObjects: 0.566400 ms CreateObjectMapping: 0.428500 ms MarkObjects: 14.943700 ms  DeleteObjects: 1.458200 ms)

Prepare: number of updated asset objects reloaded= 0
========================================================================
Received Prepare
Refreshing native plugins compatible for Editor in 21.64 ms, found 6 plugins.
Preloading 0 native plugins for Editor in 0.00 ms.
Unloading 4 Unused Serialized files (Serialized files now loaded: 0)
Unloading 3617 unused Assets / (1.0 MB). Loaded Objects now: 4115.
Memory consumption went from 86.8 MB to 85.7 MB.
Total: 18.392800 ms (FindLiveObjects: 0.932500 ms CreateObjectMapping: 0.321500 ms MarkObjects: 15.164100 ms  DeleteObjects: 1.971100 ms)

Prepare: number of updated asset objects reloaded= 0
========================================================================
Received Prepare
Refreshing native plugins compatible for Editor in 19.51 ms, found 6 plugins.
Preloading 0 native plugins for Editor in 0.00 ms.
Unloading 4 Unused Serialized files (Serialized files now loaded: 0)
Unloading 3617 unused Assets / (1.3 MB). Loaded Objects now: 4115.
Memory consumption went from 86.8 MB to 85.5 MB.
Total: 16.736800 ms (FindLiveObjects: 0.404000 ms CreateObjectMapping: 0.274100 ms MarkObjects: 14.517300 ms  DeleteObjects: 1.540100 ms)

Prepare: number of updated asset objects reloaded= 0
========================================================================
Received Prepare
Refreshing native plugins compatible for Editor in 25.49 ms, found 6 plugins.
Preloading 0 native plugins for Editor in 0.00 ms.
Unloading 4 Unused Serialized files (Serialized files now loaded: 0)
Unloading 3617 unused Assets / (244.0 KB). Loaded Objects now: 4115.
Memory consumption went from 86.8 MB to 86.6 MB.
Total: 25.658500 ms (FindLiveObjects: 0.459700 ms CreateObjectMapping: 0.513000 ms MarkObjects: 22.580700 ms  DeleteObjects: 2.102600 ms)

Prepare: number of updated asset objects reloaded= 0
========================================================================
Received Prepare
Refreshing native plugins compatible for Editor in 29.03 ms, found 6 plugins.
Preloading 0 native plugins for Editor in 0.00 ms.
Unloading 4 Unused Serialized files (Serialized files now loaded: 0)
Unloading 3617 unused Assets / (288.3 KB). Loaded Objects now: 4115.
Memory consumption went from 86.8 MB to 86.5 MB.
Total: 23.824700 ms (FindLiveObjects: 0.467600 ms CreateObjectMapping: 0.496700 ms MarkObjects: 21.106800 ms  DeleteObjects: 1.751400 ms)

Prepare: number of updated asset objects reloaded= 0
========================================================================
Received Prepare
Refreshing native plugins compatible for Editor in 23.13 ms, found 6 plugins.
Preloading 0 native plugins for Editor in 0.00 ms.
Unloading 4 Unused Serialized files (Serialized files now loaded: 0)
Unloading 3617 unused Assets / (0.9 MB). Loaded Objects now: 4115.
Memory consumption went from 86.8 MB to 85.8 MB.
Total: 16.250200 ms (FindLiveObjects: 0.364200 ms CreateObjectMapping: 0.260100 ms MarkObjects: 14.151100 ms  DeleteObjects: 1.471400 ms)

Prepare: number of updated asset objects reloaded= 0
========================================================================
Received Prepare
Refreshing native plugins compatible for Editor in 23.16 ms, found 6 plugins.
Preloading 0 native plugins for Editor in 0.00 ms.
Unloading 4 Unused Serialized files (Serialized files now loaded: 0)
Unloading 3617 unused Assets / (1.2 MB). Loaded Objects now: 4115.
Memory consumption went from 86.8 MB to 85.6 MB.
Total: 18.118900 ms (FindLiveObjects: 1.036000 ms CreateObjectMapping: 0.399400 ms MarkObjects: 14.642600 ms  DeleteObjects: 2.038700 ms)

Prepare: number of updated asset objects reloaded= 0
========================================================================
Received Prepare
Refreshing native plugins compatible for Editor in 25.05 ms, found 6 plugins.
Preloading 0 native plugins for Editor in 0.00 ms.
Unloading 4 Unused Serialized files (Serialized files now loaded: 0)
Unloading 3617 unused Assets / (242.9 KB). Loaded Objects now: 4115.
Memory consumption went from 86.8 MB to 86.6 MB.
Total: 26.358900 ms (FindLiveObjects: 0.758300 ms CreateObjectMapping: 1.364600 ms MarkObjects: 22.003000 ms  DeleteObjects: 2.230600 ms)

Prepare: number of updated asset objects reloaded= 0
========================================================================
Received Prepare
Refreshing native plugins compatible for Editor in 18.19 ms, found 6 plugins.
Preloading 0 native plugins for Editor in 0.00 ms.
Unloading 4 Unused Serialized files (Serialized files now loaded: 0)
Unloading 3617 unused Assets / (1.3 MB). Loaded Objects now: 4115.
Memory consumption went from 86.8 MB to 85.5 MB.
Total: 17.600800 ms (FindLiveObjects: 0.621800 ms CreateObjectMapping: 0.302800 ms MarkObjects: 15.337800 ms  DeleteObjects: 1.336700 ms)

Prepare: number of updated asset objects reloaded= 0
========================================================================
Received Import Request.
  Time since last request: 13.564257 seconds.
  path: Assets/JMO Assets/Cartoon FX/CFX4 Prefabs/Water/CFX4 Splash.prefab
  artifactKey: Guid(cee5f0c785dd47d40b4bd7b8ba480076) Importer(2089858483,192608db42251d675da83286b1cce702)
Start importing Assets/JMO Assets/Cartoon FX/CFX4 Prefabs/Water/CFX4 Splash.prefab using Guid(cee5f0c785dd47d40b4bd7b8ba480076) Importer(2089858483,192608db42251d675da83286b1cce702) (ScriptedImporter) -> (artifact id: 'a10e1b86be32c0dc38e72fe07fac1e1b') in 0.6271621 seconds
Number of updated asset objects reloaded before import = 0Number of asset objects unloaded after import = 27

========================================================================
Received Import Request.
  Time since last request: 0.000032 seconds.
  path: Assets/JMO Assets/Cartoon FX/CFX4 Prefabs (Mobile)/Magic/CFXM4 Magic Drain (Invert).prefab
  artifactKey: Guid(e0eea4a20ec2d82478c384ce3a642b3b) Importer(2089858483,192608db42251d675da83286b1cce702)
Start importing Assets/JMO Assets/Cartoon FX/CFX4 Prefabs (Mobile)/Magic/CFXM4 Magic Drain (Invert).prefab using Guid(e0eea4a20ec2d82478c384ce3a642b3b) Importer(2089858483,192608db42251d675da83286b1cce702) (ScriptedImporter) -> (artifact id: '37587979f11c8cae7669206b1d86c678') in 0.0515267 seconds
Number of updated asset objects reloaded before import = 0Number of asset objects unloaded after import = 18

========================================================================
Received Import Request.
  Time since last request: 0.000110 seconds.
  path: Assets/JMO Assets/Cartoon FX/CFX4 Prefabs (Mobile)/Magic/CFXM4 Shiny Loop (CFX Blend).prefab
  artifactKey: Guid(f2e1904ac9c984249a7c0c6624abf344) Importer(2089858483,192608db42251d675da83286b1cce702)
Start importing Assets/JMO Assets/Cartoon FX/CFX4 Prefabs (Mobile)/Magic/CFXM4 Shiny Loop (CFX Blend).prefab using Guid(f2e1904ac9c984249a7c0c6624abf344) Importer(2089858483,192608db42251d675da83286b1cce702) (ScriptedImporter) -> (artifact id: '98c6a0afdb3218ebadf8463c2d2e1272') in 0.0496437 seconds
Number of updated asset objects reloaded before import = 0Number of asset objects unloaded after import = 19

========================================================================
Received Import Request.
  Time since last request: 0.000034 seconds.
  path: Assets/JMO Assets/Cartoon FX/CFX4 Prefabs (Mobile)/Misc/CFXM4 Smoke Trail A (Black).prefab
  artifactKey: Guid(10c5d920b26f05f4e876f4a55b38691b) Importer(2089858483,192608db42251d675da83286b1cce702)
Start importing Assets/JMO Assets/Cartoon FX/CFX4 Prefabs (Mobile)/Misc/CFXM4 Smoke Trail A (Black).prefab using Guid(10c5d920b26f05f4e876f4a55b38691b) Importer(2089858483,192608db42251d675da83286b1cce702) (ScriptedImporter) -> (artifact id: '9d78deb884e2217ad57aaba8daceda02') in 0.0408753 seconds
Number of updated asset objects reloaded before import = 0Number of asset objects unloaded after import = 10

========================================================================
Received Import Request.
  Time since last request: 0.000030 seconds.
  path: Assets/JMO Assets/Cartoon FX/CFX4 Prefabs (Mobile)/Magic/CFXM4 Shiny (CFX Blend).prefab
  artifactKey: Guid(900eae996d17b4847b421ac16009645b) Importer(2089858483,192608db42251d675da83286b1cce702)
Start importing Assets/JMO Assets/Cartoon FX/CFX4 Prefabs (Mobile)/Magic/CFXM4 Shiny (CFX Blend).prefab using Guid(900eae996d17b4847b421ac16009645b) Importer(2089858483,192608db42251d675da83286b1cce702) (ScriptedImporter) -> (artifact id: '307a37f53e83d6d4e9369fe4a8d911a3') in 0.0522558 seconds
Number of updated asset objects reloaded before import = 0Number of asset objects unloaded after import = 19

========================================================================
Received Import Request.
  Time since last request: 0.000033 seconds.
  path: Assets/JMO Assets/Cartoon FX/Demo/Assets/CFX_Demo_RandomDir.cs
  artifactKey: Guid(27666076fd6e86245aa62dfd9e943d6c) Importer(2089858483,192608db42251d675da83286b1cce702)
Start importing Assets/JMO Assets/Cartoon FX/Demo/Assets/CFX_Demo_RandomDir.cs using Guid(27666076fd6e86245aa62dfd9e943d6c) Importer(2089858483,192608db42251d675da83286b1cce702) (ScriptedImporter) -> (artifact id: 'df95ba66fe66ddaa3214f4ac7c8b2f2b') in 0.005378 seconds
Number of updated asset objects reloaded before import = 0Number of asset objects unloaded after import = 0

========================================================================
Received Import Request.
  Time since last request: 0.000115 seconds.
  path: Assets/JMO Assets/Cartoon FX/CFX4 Prefabs (Mobile)/Misc/CFXM4 Hit Flower.prefab
  artifactKey: Guid(bd23a79e8cec2b7408d8394338e5eea3) Importer(2089858483,192608db42251d675da83286b1cce702)
Start importing Assets/JMO Assets/Cartoon FX/CFX4 Prefabs (Mobile)/Misc/CFXM4 Hit Flower.prefab using Guid(bd23a79e8cec2b7408d8394338e5eea3) Importer(2089858483,192608db42251d675da83286b1cce702) (ScriptedImporter) -> (artifact id: '1e79ce02ae2b1b0141d5ba2b8bf9f852') in 0.0469266 seconds
Number of updated asset objects reloaded before import = 0Number of asset objects unloaded after import = 15

========================================================================
Received Import Request.
  Time since last request: 0.000046 seconds.
  path: Assets/JMO Assets/Cartoon FX/CFX4 Prefabs (Mobile)/Light/CFXM4 Aura Bubble B.prefab
  artifactKey: Guid(407996168797e1b4eb7511278e0f6b7d) Importer(2089858483,192608db42251d675da83286b1cce702)
Start importing Assets/JMO Assets/Cartoon FX/CFX4 Prefabs (Mobile)/Light/CFXM4 Aura Bubble B.prefab using Guid(407996168797e1b4eb7511278e0f6b7d) Importer(2089858483,192608db42251d675da83286b1cce702) (ScriptedImporter) -> (artifact id: 'a2e163764ceea9380990e1f87fd67b41') in 0.0487413 seconds
Number of updated asset objects reloaded before import = 0Number of asset objects unloaded after import = 10

========================================================================
Received Import Request.
  Time since last request: 15.880700 seconds.
  path: Assets/JMO Assets/Cartoon FX/CFX4 Prefabs (Mobile)/Electric/CFXM4 Sparks Explosion (Yellow).prefab
  artifactKey: Guid(0422efb500eecaa4b956cfed8aef8a92) Importer(2089858483,192608db42251d675da83286b1cce702)
Start importing Assets/JMO Assets/Cartoon FX/CFX4 Prefabs (Mobile)/Electric/CFXM4 Sparks Explosion (Yellow).prefab using Guid(0422efb500eecaa4b956cfed8aef8a92) Importer(2089858483,192608db42251d675da83286b1cce702) (ScriptedImporter) -> (artifact id: 'd82bad4c7469b622953c90395dec0453') in 0.9004292 seconds
Number of updated asset objects reloaded before import = 0Number of asset objects unloaded after import = 11

========================================================================
Received Import Request.
  Time since last request: 0.000037 seconds.
  path: Assets/JMO Assets/Cartoon FX/Materials/Light/CFX3_GlowSpike ADD.mat
  artifactKey: Guid(1de66e5f4e86e2e4cb564890916f7a9c) Importer(2089858483,192608db42251d675da83286b1cce702)
Start importing Assets/JMO Assets/Cartoon FX/Materials/Light/CFX3_GlowSpike ADD.mat using Guid(1de66e5f4e86e2e4cb564890916f7a9c) Importer(2089858483,192608db42251d675da83286b1cce702) (ScriptedImporter) -> (artifact id: '5b2a445a487c524e021e68316c53c044') in 0.0238666 seconds
Number of updated asset objects reloaded before import = 0Number of asset objects unloaded after import = 2

========================================================================
Received Import Request.
  Time since last request: 0.000096 seconds.
  path: Assets/JMO Assets/Cartoon FX/Materials (Mobile)/Light/CFXM4_GlowStar INV.mat
  artifactKey: Guid(0417bd540eaa14f49a480b12fad6f701) Importer(2089858483,192608db42251d675da83286b1cce702)
Start importing Assets/JMO Assets/Cartoon FX/Materials (Mobile)/Light/CFXM4_GlowStar INV.mat using Guid(0417bd540eaa14f49a480b12fad6f701) Importer(2089858483,192608db42251d675da83286b1cce702) (ScriptedImporter) -> (artifact id: '5e18c1395183151904d1f73f0a816950') in 0.0133473 seconds
Number of updated asset objects reloaded before import = 0Number of asset objects unloaded after import = 2

========================================================================
Received Import Request.
  Time since last request: 0.000059 seconds.
  path: Assets/JMO Assets/Cartoon FX/Materials (Mobile)/Misc/CFXM4_SmokePuff AB.mat
  artifactKey: Guid(e1a042a235f5f214884a45385ff0abe8) Importer(2089858483,192608db42251d675da83286b1cce702)
Start importing Assets/JMO Assets/Cartoon FX/Materials (Mobile)/Misc/CFXM4_SmokePuff AB.mat using Guid(e1a042a235f5f214884a45385ff0abe8) Importer(2089858483,192608db42251d675da83286b1cce702) (ScriptedImporter) -> (artifact id: 'ea349699df0a576327d299d75e47ac3c') in 0.0126499 seconds
Number of updated asset objects reloaded before import = 0Number of asset objects unloaded after import = 2

========================================================================
Received Import Request.
  Time since last request: 0.000027 seconds.
  path: Assets/JMO Assets/Cartoon FX/CFX4 Prefabs (Mobile)/Space/CFXM4_Space Disintegrate (CFXM Blend).prefab
  artifactKey: Guid(0d06b131c459e494a8ef2a43bc265cef) Importer(2089858483,192608db42251d675da83286b1cce702)
Start importing Assets/JMO Assets/Cartoon FX/CFX4 Prefabs (Mobile)/Space/CFXM4_Space Disintegrate (CFXM Blend).prefab using Guid(0d06b131c459e494a8ef2a43bc265cef) Importer(2089858483,192608db42251d675da83286b1cce702) (ScriptedImporter) -> (artifact id: '4e7c763aaa9ae9f7e018a079b33c6d83') in 0.0541878 seconds
Number of updated asset objects reloaded before import = 0Number of asset objects unloaded after import = 11

========================================================================
Received Import Request.
  Time since last request: 0.000027 seconds.
  path: Assets/JMO Assets/Cartoon FX/CFX4 Prefabs (Mobile)/Water/CFXM4 Bubbles Hit.prefab
  artifactKey: Guid(dde30a30829d4be4db64054b7df243aa) Importer(2089858483,192608db42251d675da83286b1cce702)
Start importing Assets/JMO Assets/Cartoon FX/CFX4 Prefabs (Mobile)/Water/CFXM4 Bubbles Hit.prefab using Guid(dde30a30829d4be4db64054b7df243aa) Importer(2089858483,192608db42251d675da83286b1cce702) (ScriptedImporter) -> (artifact id: '46e99534de3f62fee77ba62d05a3530b') in 0.037866 seconds
Number of updated asset objects reloaded before import = 0Number of asset objects unloaded after import = 15

========================================================================
Received Import Request.
  Time since last request: 0.000024 seconds.
  path: Assets/JMO Assets/Cartoon FX/Materials (Mobile)/Fire/CFXM4_FireBulk_Round AB+AddSoft Red.mat
  artifactKey: Guid(550ea5957456a544eb72318dd0749b7c) Importer(2089858483,192608db42251d675da83286b1cce702)
Start importing Assets/JMO Assets/Cartoon FX/Materials (Mobile)/Fire/CFXM4_FireBulk_Round AB+AddSoft Red.mat using Guid(550ea5957456a544eb72318dd0749b7c) Importer(2089858483,192608db42251d675da83286b1cce702) (ScriptedImporter) -> (artifact id: 'db774fc157c29ce290715217a940fc62') in 0.0153381 seconds
Number of updated asset objects reloaded before import = 0Number of asset objects unloaded after import = 3

========================================================================
Received Import Request.
  Time since last request: 0.000019 seconds.
  path: Assets/JMO Assets/Cartoon FX/CFX4 Prefabs (Mobile)/Light/CFXM4 Aura Bubble C.prefab
  artifactKey: Guid(6177869dc016f97458af32e1e8988088) Importer(2089858483,192608db42251d675da83286b1cce702)
Start importing Assets/JMO Assets/Cartoon FX/CFX4 Prefabs (Mobile)/Light/CFXM4 Aura Bubble C.prefab using Guid(6177869dc016f97458af32e1e8988088) Importer(2089858483,192608db42251d675da83286b1cce702) (ScriptedImporter) -> (artifact id: '7e6f160a6f4179f2192275747a596a5a') in 0.0421026 seconds
Number of updated asset objects reloaded before import = 0Number of asset objects unloaded after import = 14

========================================================================
Received Import Request.
  Time since last request: 0.000024 seconds.
  path: Assets/JMO Assets/Cartoon FX/Materials/Stretched/CFX4_RayRounded AB+AddSoft VColor.mat
  artifactKey: Guid(5ab871475f59b0247af0cd9908537be8) Importer(2089858483,192608db42251d675da83286b1cce702)
Start importing Assets/JMO Assets/Cartoon FX/Materials/Stretched/CFX4_RayRounded AB+AddSoft VColor.mat using Guid(5ab871475f59b0247af0cd9908537be8) Importer(2089858483,192608db42251d675da83286b1cce702) (ScriptedImporter) -> (artifact id: '3f40d52403c8c4d86ef42456084b75f4') in 0.0181728 seconds
Number of updated asset objects reloaded before import = 0Number of asset objects unloaded after import = 3

========================================================================
Received Import Request.
  Time since last request: 0.000026 seconds.
  path: Assets/JMO Assets/Cartoon FX/CFX4 Prefabs (Mobile)/Misc/CFXM4 Radar Rings (CFX Blend).prefab
  artifactKey: Guid(1a06a97f46be69c49ae73894ec420bdb) Importer(2089858483,192608db42251d675da83286b1cce702)
Start importing Assets/JMO Assets/Cartoon FX/CFX4 Prefabs (Mobile)/Misc/CFXM4 Radar Rings (CFX Blend).prefab using Guid(1a06a97f46be69c49ae73894ec420bdb) Importer(2089858483,192608db42251d675da83286b1cce702) (ScriptedImporter) -> (artifact id: '94e556c00562c023e9ab5a493aadb708') in 0.0528358 seconds
Number of updated asset objects reloaded before import = 0Number of asset objects unloaded after import = 7

========================================================================
Received Import Request.
  Time since last request: 0.000041 seconds.
  path: Assets/JMO Assets/Cartoon FX/CFX4 Prefabs (Mobile)/Water/CFXM4 Bubbles Choke.prefab
  artifactKey: Guid(c67d9acc73f77884b93f338ab4c4051d) Importer(2089858483,192608db42251d675da83286b1cce702)
Start importing Assets/JMO Assets/Cartoon FX/CFX4 Prefabs (Mobile)/Water/CFXM4 Bubbles Choke.prefab using Guid(c67d9acc73f77884b93f338ab4c4051d) Importer(2089858483,192608db42251d675da83286b1cce702) (ScriptedImporter) -> (artifact id: 'b668c42a842b41af816023e9ffae17c0') in 0.0491705 seconds
Number of updated asset objects reloaded before import = 0Number of asset objects unloaded after import = 7

========================================================================
Received Import Request.
  Time since last request: 0.000049 seconds.
  path: Assets/JMO Assets/Cartoon FX/CFX4 Prefabs/Explosions/Variants/CFX4 Wave Explosion (Red).prefab
  artifactKey: Guid(c6d790cc571d9dc4798c4c921e9748ad) Importer(2089858483,192608db42251d675da83286b1cce702)
Start importing Assets/JMO Assets/Cartoon FX/CFX4 Prefabs/Explosions/Variants/CFX4 Wave Explosion (Red).prefab using Guid(c6d790cc571d9dc4798c4c921e9748ad) Importer(2089858483,192608db42251d675da83286b1cce702) (ScriptedImporter) -> (artifact id: '0527bbdaea2810488c6f3a57e6fbe957') in 0.061169 seconds
Number of updated asset objects reloaded before import = 0Number of asset objects unloaded after import = 24

========================================================================
Received Import Request.
  Time since last request: 0.000023 seconds.
  path: Assets/JMO Assets/Cartoon FX/CFX4 Prefabs/Explosions/Variants/CFX4 Explosion SoftEdge Ground (Blue, No Smoke).prefab
  artifactKey: Guid(214093005ce0e4c47b4716acf54dd328) Importer(2089858483,192608db42251d675da83286b1cce702)
Start importing Assets/JMO Assets/Cartoon FX/CFX4 Prefabs/Explosions/Variants/CFX4 Explosion SoftEdge Ground (Blue, No Smoke).prefab using Guid(214093005ce0e4c47b4716acf54dd328) Importer(2089858483,192608db42251d675da83286b1cce702) (ScriptedImporter) -> (artifact id: 'dad19fb0647588e062fc6da340f65ada') in 0.056761 seconds
Number of updated asset objects reloaded before import = 0Number of asset objects unloaded after import = 23

========================================================================
Received Import Request.
  Time since last request: 0.000023 seconds.
  path: Assets/JMO Assets/Cartoon FX/CFX4 Prefabs (Mobile)/Misc/CFXM4 SmokePuff Ground A.prefab
  artifactKey: Guid(eb5c60523d0efcb43b82bfbd0ad58bf8) Importer(2089858483,192608db42251d675da83286b1cce702)
Start importing Assets/JMO Assets/Cartoon FX/CFX4 Prefabs (Mobile)/Misc/CFXM4 SmokePuff Ground A.prefab using Guid(eb5c60523d0efcb43b82bfbd0ad58bf8) Importer(2089858483,192608db42251d675da83286b1cce702) (ScriptedImporter) -> (artifact id: 'a7f8d59cb8f2f9192fc34a817f0f0091') in 0.0491681 seconds
Number of updated asset objects reloaded before import = 0Number of asset objects unloaded after import = 7

========================================================================
Received Import Request.
  Time since last request: 0.000034 seconds.
  path: Assets/JMO Assets/Cartoon FX/Materials (Mobile)/Fire/CFXM4_FireBulk AddSoft.mat
  artifactKey: Guid(10b6b6d5970959549831a865fae481ff) Importer(2089858483,192608db42251d675da83286b1cce702)
Start importing Assets/JMO Assets/Cartoon FX/Materials (Mobile)/Fire/CFXM4_FireBulk AddSoft.mat using Guid(10b6b6d5970959549831a865fae481ff) Importer(2089858483,192608db42251d675da83286b1cce702) (ScriptedImporter) -> (artifact id: '79e4db9972c2a5151c4df208c028961e') in 0.0146879 seconds
Number of updated asset objects reloaded before import = 0Number of asset objects unloaded after import = 2

========================================================================
Received Import Request.
  Time since last request: 0.000025 seconds.
  path: Assets/JMO Assets/Cartoon FX/CFX4 Prefabs/Explosions/Variants/CFX4 Firework B (Red).prefab
  artifactKey: Guid(4438a705d353d5f41b463d054b064b26) Importer(2089858483,192608db42251d675da83286b1cce702)
Start importing Assets/JMO Assets/Cartoon FX/CFX4 Prefabs/Explosions/Variants/CFX4 Firework B (Red).prefab using Guid(4438a705d353d5f41b463d054b064b26) Importer(2089858483,192608db42251d675da83286b1cce702) (ScriptedImporter) -> (artifact id: '2ea7b122870288999721c143a3684112') in 0.0663759 seconds
Number of updated asset objects reloaded before import = 0Number of asset objects unloaded after import = 15

========================================================================
Received Import Request.
  Time since last request: 0.000028 seconds.
  path: Assets/JMO Assets/Cartoon FX/Materials (Mobile)/Water/CFXM4_Splash Ripple AddA8.mat
  artifactKey: Guid(5e78ccd0dcb212a46a13591e668c6ed1) Importer(2089858483,192608db42251d675da83286b1cce702)
Start importing Assets/JMO Assets/Cartoon FX/Materials (Mobile)/Water/CFXM4_Splash Ripple AddA8.mat using Guid(5e78ccd0dcb212a46a13591e668c6ed1) Importer(2089858483,192608db42251d675da83286b1cce702) (ScriptedImporter) -> (artifact id: 'e5970c815e1cece335cda254bab0b9bb') in 0.013007 seconds
Number of updated asset objects reloaded before import = 0Number of asset objects unloaded after import = 2

========================================================================
Received Import Request.
  Time since last request: 0.000056 seconds.
  path: Assets/JMO Assets/Cartoon FX/Materials (Mobile)/Light/CFXM3_RayStraight ADD.mat
  artifactKey: Guid(fdf825eb3a5464a43896eb003acabe52) Importer(2089858483,192608db42251d675da83286b1cce702)
Start importing Assets/JMO Assets/Cartoon FX/Materials (Mobile)/Light/CFXM3_RayStraight ADD.mat using Guid(fdf825eb3a5464a43896eb003acabe52) Importer(2089858483,192608db42251d675da83286b1cce702) (ScriptedImporter) -> (artifact id: 'b9541e00c7dce303fd02eced51e449b2') in 0.0102914 seconds
Number of updated asset objects reloaded before import = 0Number of asset objects unloaded after import = 2

========================================================================
Received Import Request.
  Time since last request: 0.000024 seconds.
  path: Assets/JMO Assets/Cartoon FX/Materials (Mobile)/Misc/CFXM2_Glow Soft.mat
  artifactKey: Guid(2b46ee04ee00df54d8a019afc70ae405) Importer(2089858483,192608db42251d675da83286b1cce702)
Start importing Assets/JMO Assets/Cartoon FX/Materials (Mobile)/Misc/CFXM2_Glow Soft.mat using Guid(2b46ee04ee00df54d8a019afc70ae405) Importer(2089858483,192608db42251d675da83286b1cce702) (ScriptedImporter) -> (artifact id: '812e80ed1cd8b94bf1784a0af1fce78c') in 0.0106283 seconds
Number of updated asset objects reloaded before import = 0Number of asset objects unloaded after import = 2

========================================================================
Received Import Request.
  Time since last request: 0.000042 seconds.
  path: Assets/JMO Assets/Cartoon FX/CFX4 Prefabs/Explosions/Variants/CFX4 Explosion SoftEdge Air (No Smoke).prefab
  artifactKey: Guid(5b715a23d9a4cc04fb477c3e66a5885e) Importer(2089858483,192608db42251d675da83286b1cce702)
Start importing Assets/JMO Assets/Cartoon FX/CFX4 Prefabs/Explosions/Variants/CFX4 Explosion SoftEdge Air (No Smoke).prefab using Guid(5b715a23d9a4cc04fb477c3e66a5885e) Importer(2089858483,192608db42251d675da83286b1cce702) (ScriptedImporter) -> (artifact id: 'e7e5746de12fa3637e569b934e315822') in 0.0687346 seconds
Number of updated asset objects reloaded before import = 0Number of asset objects unloaded after import = 19

========================================================================
Received Import Request.
  Time since last request: 0.000031 seconds.
  path: Assets/JMO Assets/Cartoon FX/Materials (Mobile)/Fire/CFXM4_FireSoft AddSoft.mat
  artifactKey: Guid(669d970db875a3f49ab0cb51c5b6dd42) Importer(2089858483,192608db42251d675da83286b1cce702)
Start importing Assets/JMO Assets/Cartoon FX/Materials (Mobile)/Fire/CFXM4_FireSoft AddSoft.mat using Guid(669d970db875a3f49ab0cb51c5b6dd42) Importer(2089858483,192608db42251d675da83286b1cce702) (ScriptedImporter) -> (artifact id: '8bdd66a1eee934cda5994619b14ebec0') in 0.0149481 seconds
Number of updated asset objects reloaded before import = 0Number of asset objects unloaded after import = 2

========================================================================
Received Import Request.
  Time since last request: 0.000041 seconds.
  path: Assets/JMO Assets/Cartoon FX/Materials/Light/CFX4_Glow AB+Add Red.mat
  artifactKey: Guid(2e033526472a3a94395ea486ab4749db) Importer(2089858483,192608db42251d675da83286b1cce702)
Start importing Assets/JMO Assets/Cartoon FX/Materials/Light/CFX4_Glow AB+Add Red.mat using Guid(2e033526472a3a94395ea486ab4749db) Importer(2089858483,192608db42251d675da83286b1cce702) (ScriptedImporter) -> (artifact id: '7a9b91cbbbf02e88a1b37309bfb5dce4') in 0.0292066 seconds
Number of updated asset objects reloaded before import = 0Number of asset objects unloaded after import = 3

========================================================================
Received Import Request.
  Time since last request: 0.000048 seconds.
  path: Assets/JMO Assets/Cartoon FX/CFX4 Prefabs (Mobile)/Explosions/CFXM4 Explosion SoftEdge Ground.prefab
  artifactKey: Guid(16a0bc92e8bf1e24ea72adb19c30797d) Importer(2089858483,192608db42251d675da83286b1cce702)
Start importing Assets/JMO Assets/Cartoon FX/CFX4 Prefabs (Mobile)/Explosions/CFXM4 Explosion SoftEdge Ground.prefab using Guid(16a0bc92e8bf1e24ea72adb19c30797d) Importer(2089858483,192608db42251d675da83286b1cce702) (ScriptedImporter) -> (artifact id: 'a5383d4b6eb08f8927c9cd182189871b') in 0.0577252 seconds
Number of updated asset objects reloaded before import = 0Number of asset objects unloaded after import = 23

========================================================================
Received Import Request.
  Time since last request: 0.000035 seconds.
  path: Assets/JMO Assets/Cartoon FX/CFX4 Prefabs/Fire/Variants/CFX4 Flamme (Blue).prefab
  artifactKey: Guid(03a27b077e24ff24daf56638b50a9b3f) Importer(2089858483,192608db42251d675da83286b1cce702)
Start importing Assets/JMO Assets/Cartoon FX/CFX4 Prefabs/Fire/Variants/CFX4 Flamme (Blue).prefab using Guid(03a27b077e24ff24daf56638b50a9b3f) Importer(2089858483,192608db42251d675da83286b1cce702) (ScriptedImporter) -> (artifact id: 'd0bcbf7c40121b90b63f969c3f26c861') in 0.0500052 seconds
Number of updated asset objects reloaded before import = 0Number of asset objects unloaded after import = 14

========================================================================
Received Import Request.
  Time since last request: 0.000046 seconds.
  path: Assets/JMO Assets/Cartoon FX/Materials/Misc/CFX2_Glow.mat
  artifactKey: Guid(b479681f08574fd4188237f92866cbac) Importer(2089858483,192608db42251d675da83286b1cce702)
Start importing Assets/JMO Assets/Cartoon FX/Materials/Misc/CFX2_Glow.mat using Guid(b479681f08574fd4188237f92866cbac) Importer(2089858483,192608db42251d675da83286b1cce702) (ScriptedImporter) -> (artifact id: 'c895ada10bbbff5946d6a86dbeaf89d3') in 0.0142607 seconds
Number of updated asset objects reloaded before import = 0Number of asset objects unloaded after import = 2

========================================================================
Received Import Request.
  Time since last request: 0.000053 seconds.
  path: Assets/JMO Assets/Cartoon FX/CFX4 Prefabs/Misc/Variants/CFX4 Hit Paint C (Orange).prefab
  artifactKey: Guid(32a2e67cd06d355458a5093ca522a4a4) Importer(2089858483,192608db42251d675da83286b1cce702)
Start importing Assets/JMO Assets/Cartoon FX/CFX4 Prefabs/Misc/Variants/CFX4 Hit Paint C (Orange).prefab using Guid(32a2e67cd06d355458a5093ca522a4a4) Importer(2089858483,192608db42251d675da83286b1cce702) (ScriptedImporter) -> (artifact id: '95a40bc83bae8c8703adbfd0d47bd9da') in 0.055406 seconds
Number of updated asset objects reloaded before import = 0Number of asset objects unloaded after import = 11

========================================================================
Received Import Request.
  Time since last request: 0.000037 seconds.
  path: Assets/JMO Assets/Cartoon FX/CFX4 Prefabs/Misc/Variants/CFX4 Hit Paint A (Orange).prefab
  artifactKey: Guid(2dfbafdb8051ac9458a786c62a45c6fd) Importer(2089858483,192608db42251d675da83286b1cce702)
Start importing Assets/JMO Assets/Cartoon FX/CFX4 Prefabs/Misc/Variants/CFX4 Hit Paint A (Orange).prefab using Guid(2dfbafdb8051ac9458a786c62a45c6fd) Importer(2089858483,192608db42251d675da83286b1cce702) (ScriptedImporter) -> (artifact id: 'd2d0a5cba1d70a295fe9903f0c897005') in 0.0834237 seconds
Number of updated asset objects reloaded before import = 0Number of asset objects unloaded after import = 11

========================================================================
Received Import Request.
  Time since last request: 0.000027 seconds.
  path: Assets/JMO Assets/Cartoon FX/CFX4 Prefabs/Misc/Variants/CFX4 Hit C (Green).prefab
  artifactKey: Guid(57edd4a5f531a2a42a4c393f6282d500) Importer(2089858483,192608db42251d675da83286b1cce702)
Start importing Assets/JMO Assets/Cartoon FX/CFX4 Prefabs/Misc/Variants/CFX4 Hit C (Green).prefab using Guid(57edd4a5f531a2a42a4c393f6282d500) Importer(2089858483,192608db42251d675da83286b1cce702) (ScriptedImporter) -> (artifact id: '339246153489a1467673a19963857e44') in 0.1026939 seconds
Number of updated asset objects reloaded before import = 0Number of asset objects unloaded after import = 11

========================================================================
Received Import Request.
  Time since last request: 0.000028 seconds.
  path: Assets/JMO Assets/Cartoon FX/CFX4 Prefabs/Misc/Variants/CFX4 Radar Rings (Red).prefab
  artifactKey: Guid(c1cb85ac57c4a7649bbf6d065e8efbdc) Importer(2089858483,192608db42251d675da83286b1cce702)
Start importing Assets/JMO Assets/Cartoon FX/CFX4 Prefabs/Misc/Variants/CFX4 Radar Rings (Red).prefab using Guid(c1cb85ac57c4a7649bbf6d065e8efbdc) Importer(2089858483,192608db42251d675da83286b1cce702) (ScriptedImporter) -> (artifact id: '658aa02d7e1a4385ae690382bf9ed04f') in 0.0715078 seconds
Number of updated asset objects reloaded before import = 0Number of asset objects unloaded after import = 7

========================================================================
Received Import Request.
  Time since last request: 0.000046 seconds.
  path: Assets/JMO Assets/Cartoon FX/CFX4 Prefabs/Misc/Variants/CFX4 Hit Flower (Yellow).prefab
  artifactKey: Guid(55b850fd88a978f44b678f1fa5233c5a) Importer(2089858483,192608db42251d675da83286b1cce702)
Start importing Assets/JMO Assets/Cartoon FX/CFX4 Prefabs/Misc/Variants/CFX4 Hit Flower (Yellow).prefab using Guid(55b850fd88a978f44b678f1fa5233c5a) Importer(2089858483,192608db42251d675da83286b1cce702) (ScriptedImporter) -> (artifact id: '0274c8211f9bbed57266068396de2a99') in 0.3193304 seconds
Number of updated asset objects reloaded before import = 0Number of asset objects unloaded after import = 15

========================================================================
Received Import Request.
  Time since last request: 0.000074 seconds.
  path: Assets/JMO Assets/Cartoon FX/CFX4 Prefabs (Mobile)/Explosions/Variants/CFXM4 Explosion SoftEdge Ground (Blue, No Smoke).prefab
  artifactKey: Guid(808960a3e36689a40a01da0e7eaca308) Importer(2089858483,192608db42251d675da83286b1cce702)
Start importing Assets/JMO Assets/Cartoon FX/CFX4 Prefabs (Mobile)/Explosions/Variants/CFXM4 Explosion SoftEdge Ground (Blue, No Smoke).prefab using Guid(808960a3e36689a40a01da0e7eaca308) Importer(2089858483,192608db42251d675da83286b1cce702) (ScriptedImporter) -> (artifact id: '5832e2f1126cc2e170aa837a300142c4') in 0.0772621 seconds
Number of updated asset objects reloaded before import = 0Number of asset objects unloaded after import = 19

========================================================================
Received Import Request.
  Time since last request: 0.000051 seconds.
  path: Assets/JMO Assets/Cartoon FX/CFX4 Prefabs/Misc/Variants/CFX4 Hit Paint C (Red).prefab
  artifactKey: Guid(108fc84b0245f8a46bd8b39fc2c74f98) Importer(2089858483,192608db42251d675da83286b1cce702)
Start importing Assets/JMO Assets/Cartoon FX/CFX4 Prefabs/Misc/Variants/CFX4 Hit Paint C (Red).prefab using Guid(108fc84b0245f8a46bd8b39fc2c74f98) Importer(2089858483,192608db42251d675da83286b1cce702) (ScriptedImporter) -> (artifact id: '9f0b43d06c8e10a9e8f10b37b0893494') in 0.050923 seconds
Number of updated asset objects reloaded before import = 0Number of asset objects unloaded after import = 11

========================================================================
Received Import Request.
  Time since last request: 0.000031 seconds.
  path: Assets/JMO Assets/Cartoon FX/CFX4 Prefabs/Misc/Variants/CFX4 Hit Flower (Red).prefab
  artifactKey: Guid(f8299f57404b5a8478f0051444388726) Importer(2089858483,192608db42251d675da83286b1cce702)
Start importing Assets/JMO Assets/Cartoon FX/CFX4 Prefabs/Misc/Variants/CFX4 Hit Flower (Red).prefab using Guid(f8299f57404b5a8478f0051444388726) Importer(2089858483,192608db42251d675da83286b1cce702) (ScriptedImporter) -> (artifact id: 'ada5435de1b38d16b90b87073fd214b2') in 0.0611802 seconds
Number of updated asset objects reloaded before import = 0Number of asset objects unloaded after import = 15

========================================================================
Received Import Request.
  Time since last request: 0.000031 seconds.
  path: Assets/JMO Assets/Cartoon FX/Materials (Mobile)/Misc/CFXM4_SparksHit AddSoft.mat
  artifactKey: Guid(c952ea681ea91f24ab3b8ab3ce233aa4) Importer(2089858483,192608db42251d675da83286b1cce702)
Start importing Assets/JMO Assets/Cartoon FX/Materials (Mobile)/Misc/CFXM4_SparksHit AddSoft.mat using Guid(c952ea681ea91f24ab3b8ab3ce233aa4) Importer(2089858483,192608db42251d675da83286b1cce702) (ScriptedImporter) -> (artifact id: '4dc9c71255b27e4abfb12697a5871fe8') in 0.0132574 seconds
Number of updated asset objects reloaded before import = 0Number of asset objects unloaded after import = 2

========================================================================
Received Import Request.
  Time since last request: 0.000033 seconds.
  path: Assets/JMO Assets/Cartoon FX/CFX4 Prefabs (Mobile)/Misc/CFXM4 Hit Pow.prefab
  artifactKey: Guid(3f2385808f756ca46b7964701d7d99fe) Importer(2089858483,192608db42251d675da83286b1cce702)
Start importing Assets/JMO Assets/Cartoon FX/CFX4 Prefabs (Mobile)/Misc/CFXM4 Hit Pow.prefab using Guid(3f2385808f756ca46b7964701d7d99fe) Importer(2089858483,192608db42251d675da83286b1cce702) (ScriptedImporter) -> (artifact id: '8e820d524b3ae80bb9491fd4102680d5') in 0.0561682 seconds
Number of updated asset objects reloaded before import = 0Number of asset objects unloaded after import = 15

========================================================================
Received Import Request.
  Time since last request: 0.000041 seconds.
  path: Assets/JMO Assets/Cartoon FX/CFX4 Prefabs/Misc/Variants/CFX4 Hit Paint B (Yellow).prefab
  artifactKey: Guid(d40e859bc527b4f44b0d27e94281d02d) Importer(2089858483,192608db42251d675da83286b1cce702)
Start importing Assets/JMO Assets/Cartoon FX/CFX4 Prefabs/Misc/Variants/CFX4 Hit Paint B (Yellow).prefab using Guid(d40e859bc527b4f44b0d27e94281d02d) Importer(2089858483,192608db42251d675da83286b1cce702) (ScriptedImporter) -> (artifact id: '03ac72600d7c0d884d41e106414515f6') in 0.0453026 seconds
Number of updated asset objects reloaded before import = 0Number of asset objects unloaded after import = 15

========================================================================
Received Import Request.
  Time since last request: 0.000029 seconds.
  path: Assets/JMO Assets/Cartoon FX/CFX4 Prefabs/Explosions/Variants/CFX4 Explosion SoftEdge Ground (No Smoke).prefab
  artifactKey: Guid(5ac3e145b7a9a124999838d9097f51df) Importer(2089858483,192608db42251d675da83286b1cce702)
Start importing Assets/JMO Assets/Cartoon FX/CFX4 Prefabs/Explosions/Variants/CFX4 Explosion SoftEdge Ground (No Smoke).prefab using Guid(5ac3e145b7a9a124999838d9097f51df) Importer(2089858483,192608db42251d675da83286b1cce702) (ScriptedImporter) -> (artifact id: '36d98b06dfd89f590f806b54086e7ef6') in 0.0627845 seconds
Number of updated asset objects reloaded before import = 0Number of asset objects unloaded after import = 23

========================================================================
Received Import Request.
  Time since last request: 0.000055 seconds.
  path: Assets/JMO Assets/Cartoon FX/CFX4 Prefabs/Misc/Variants/CFX4 Hit Paint A (Green).prefab
  artifactKey: Guid(ed65997077867754d98c72e77ebe2e38) Importer(2089858483,192608db42251d675da83286b1cce702)
Start importing Assets/JMO Assets/Cartoon FX/CFX4 Prefabs/Misc/Variants/CFX4 Hit Paint A (Green).prefab using Guid(ed65997077867754d98c72e77ebe2e38) Importer(2089858483,192608db42251d675da83286b1cce702) (ScriptedImporter) -> (artifact id: 'fb584ced54c80ad1def154cfee4ab3c9') in 0.0724614 seconds
Number of updated asset objects reloaded before import = 0Number of asset objects unloaded after import = 11

========================================================================
Received Import Request.
  Time since last request: 0.000077 seconds.
  path: Assets/JMO Assets/Cartoon FX/CFX4 Prefabs (Mobile)/Electric/Variants/CFXM4 Sparks Explosion (Cyan).prefab
  artifactKey: Guid(0927a1dcaf7b72d49a21afe7aeeacfd6) Importer(2089858483,192608db42251d675da83286b1cce702)
Start importing Assets/JMO Assets/Cartoon FX/CFX4 Prefabs (Mobile)/Electric/Variants/CFXM4 Sparks Explosion (Cyan).prefab using Guid(0927a1dcaf7b72d49a21afe7aeeacfd6) Importer(2089858483,192608db42251d675da83286b1cce702) (ScriptedImporter) -> (artifact id: '47b666d0b32f1faf23f936fdde2c3f19') in 0.0641811 seconds
Number of updated asset objects reloaded before import = 0Number of asset objects unloaded after import = 11

========================================================================
Received Import Request.
  Time since last request: 0.000044 seconds.
  path: Assets/JMO Assets/Cartoon FX/CFX4 Prefabs (Mobile)/Misc/Variants/CFXM4 Hit B (Blue).prefab
  artifactKey: Guid(856e5637f3471074089a0d1712d5c1a7) Importer(2089858483,192608db42251d675da83286b1cce702)
Start importing Assets/JMO Assets/Cartoon FX/CFX4 Prefabs (Mobile)/Misc/Variants/CFXM4 Hit B (Blue).prefab using Guid(856e5637f3471074089a0d1712d5c1a7) Importer(2089858483,192608db42251d675da83286b1cce702) (ScriptedImporter) -> (artifact id: '84d583d6c57b89dbc9afad54701e5c95') in 0.0631394 seconds
Number of updated asset objects reloaded before import = 0Number of asset objects unloaded after import = 11

========================================================================
Received Import Request.
  Time since last request: 0.000032 seconds.
  path: Assets/JMO Assets/Cartoon FX/CFX4 Prefabs (Mobile)/Explosions/Variants/CFXM4 Spiky Explosion (Blue).prefab
  artifactKey: Guid(9f4a437a07b5eb0469c894e2c2439649) Importer(2089858483,192608db42251d675da83286b1cce702)
Start importing Assets/JMO Assets/Cartoon FX/CFX4 Prefabs (Mobile)/Explosions/Variants/CFXM4 Spiky Explosion (Blue).prefab using Guid(9f4a437a07b5eb0469c894e2c2439649) Importer(2089858483,192608db42251d675da83286b1cce702) (ScriptedImporter) -> (artifact id: '8f779e751042ec4504ae24300ed575aa') in 0.0573648 seconds
Number of updated asset objects reloaded before import = 0Number of asset objects unloaded after import = 15

========================================================================
Received Import Request.
  Time since last request: 0.000045 seconds.
  path: Assets/JMO Assets/Cartoon FX/CFX4 Prefabs (Mobile)/Explosions/Variants/CFXM4 Firework B (Red).prefab
  artifactKey: Guid(158e9a4e6e8086a43a581cfa87647ae7) Importer(2089858483,192608db42251d675da83286b1cce702)
Start importing Assets/JMO Assets/Cartoon FX/CFX4 Prefabs (Mobile)/Explosions/Variants/CFXM4 Firework B (Red).prefab using Guid(158e9a4e6e8086a43a581cfa87647ae7) Importer(2089858483,192608db42251d675da83286b1cce702) (ScriptedImporter) -> (artifact id: '1fb9e33c08bf562961d796e125ea44bf') in 0.0470849 seconds
Number of updated asset objects reloaded before import = 0Number of asset objects unloaded after import = 15

========================================================================
Received Import Request.
  Time since last request: 0.000046 seconds.
  path: Assets/JMO Assets/Cartoon FX/CFX4 Prefabs (Mobile)/Fire/Variants/CFXM4 Flamme Soft (Red, CFX Blend).prefab
  artifactKey: Guid(3b370631373c49c449c54804978ae00f) Importer(2089858483,192608db42251d675da83286b1cce702)
Start importing Assets/JMO Assets/Cartoon FX/CFX4 Prefabs (Mobile)/Fire/Variants/CFXM4 Flamme Soft (Red, CFX Blend).prefab using Guid(3b370631373c49c449c54804978ae00f) Importer(2089858483,192608db42251d675da83286b1cce702) (ScriptedImporter) -> (artifact id: '8afef5a40022874a14b9daea6b880f94') in 0.0522811 seconds
Number of updated asset objects reloaded before import = 0Number of asset objects unloaded after import = 11

========================================================================
Received Import Request.
  Time since last request: 0.000027 seconds.
  path: Assets/JMO Assets/Cartoon FX/CFX4 Prefabs/Misc/Variants/CFX4 Radar Rings Loop (CFX Blend).prefab
  artifactKey: Guid(1df9a5236f2682f4597339718b7c04e8) Importer(2089858483,192608db42251d675da83286b1cce702)
Start importing Assets/JMO Assets/Cartoon FX/CFX4 Prefabs/Misc/Variants/CFX4 Radar Rings Loop (CFX Blend).prefab using Guid(1df9a5236f2682f4597339718b7c04e8) Importer(2089858483,192608db42251d675da83286b1cce702) (ScriptedImporter) -> (artifact id: '4a43a3d4a28ba792058902a4660fb1be') in 0.0433766 seconds
Number of updated asset objects reloaded before import = 0Number of asset objects unloaded after import = 6

========================================================================
Received Import Request.
  Time since last request: 0.000029 seconds.
  path: Assets/JMO Assets/Cartoon FX/CFX4 Prefabs (Mobile)/Water/CFXM4 Rain (NO COLLISION).prefab
  artifactKey: Guid(a1d292e04bd20054aaaa1f11bcef6912) Importer(2089858483,192608db42251d675da83286b1cce702)
Start importing Assets/JMO Assets/Cartoon FX/CFX4 Prefabs (Mobile)/Water/CFXM4 Rain (NO COLLISION).prefab using Guid(a1d292e04bd20054aaaa1f11bcef6912) Importer(2089858483,192608db42251d675da83286b1cce702) (ScriptedImporter) -> (artifact id: 'bf89a372f643c856acf5b4564fc381e4') in 0.0559801 seconds
Number of updated asset objects reloaded before import = 0Number of asset objects unloaded after import = 16

========================================================================
Received Import Request.
  Time since last request: 0.000024 seconds.
  path: Assets/JMO Assets/Cartoon FX/CFX4 Prefabs/Misc/Variants/CFX4 Hit Flower (Orange).prefab
  artifactKey: Guid(741d0d124cb74f54a98950e5237bb4f5) Importer(2089858483,192608db42251d675da83286b1cce702)
Start importing Assets/JMO Assets/Cartoon FX/CFX4 Prefabs/Misc/Variants/CFX4 Hit Flower (Orange).prefab using Guid(741d0d124cb74f54a98950e5237bb4f5) Importer(2089858483,192608db42251d675da83286b1cce702) (ScriptedImporter) -> (artifact id: 'd746a2cb9ac793ff0718563ed40e9f67') in 0.0520588 seconds
Number of updated asset objects reloaded before import = 0Number of asset objects unloaded after import = 15

========================================================================
Received Import Request.
  Time since last request: 0.000043 seconds.
  path: Assets/JMO Assets/Cartoon FX/Materials/Stretched/CFX4_Faded Ray INV.mat
  artifactKey: Guid(eb3d57a0a0042b444868c8d7cb324a27) Importer(2089858483,192608db42251d675da83286b1cce702)
Start importing Assets/JMO Assets/Cartoon FX/Materials/Stretched/CFX4_Faded Ray INV.mat using Guid(eb3d57a0a0042b444868c8d7cb324a27) Importer(2089858483,192608db42251d675da83286b1cce702) (ScriptedImporter) -> (artifact id: 'dda45c311f94d5873fb55762e9c451b1') in 0.0113625 seconds
Number of updated asset objects reloaded before import = 0Number of asset objects unloaded after import = 2

========================================================================
Received Import Request.
  Time since last request: 0.000035 seconds.
  path: Assets/JMO Assets/Cartoon FX/Materials/Stretched/CFX_RayRounded.mat
  artifactKey: Guid(7cd73ef8e5a31a244a672ae32c0f6ddb) Importer(2089858483,192608db42251d675da83286b1cce702)
Start importing Assets/JMO Assets/Cartoon FX/Materials/Stretched/CFX_RayRounded.mat using Guid(7cd73ef8e5a31a244a672ae32c0f6ddb) Importer(2089858483,192608db42251d675da83286b1cce702) (ScriptedImporter) -> (artifact id: '965f29305aa7f055a3705de6645d7f2c') in 0.0118146 seconds
Number of updated asset objects reloaded before import = 0Number of asset objects unloaded after import = 2

========================================================================
Received Import Request.
  Time since last request: 0.000031 seconds.
  path: Assets/JMO Assets/Cartoon FX/CFX4 Prefabs (Mobile)/Space/CFXM4 Atom (CFX Blend).prefab
  artifactKey: Guid(d2770a6bc5683dc40a48c534eaef2413) Importer(2089858483,192608db42251d675da83286b1cce702)
Start importing Assets/JMO Assets/Cartoon FX/CFX4 Prefabs (Mobile)/Space/CFXM4 Atom (CFX Blend).prefab using Guid(d2770a6bc5683dc40a48c534eaef2413) Importer(2089858483,192608db42251d675da83286b1cce702) (ScriptedImporter) -> (artifact id: '5d2f0ef633ef27b83a80376fb4eb5b71') in 0.0522049 seconds
Number of updated asset objects reloaded before import = 0Number of asset objects unloaded after import = 23

========================================================================
Received Import Request.
  Time since last request: 0.000027 seconds.
  path: Assets/JMO Assets/Cartoon FX/Materials/Light/CFX4_Glow AB+AddSoft VColor.mat
  artifactKey: Guid(e6ee1422834e7c24ca13f09a1eea892a) Importer(2089858483,192608db42251d675da83286b1cce702)
Start importing Assets/JMO Assets/Cartoon FX/Materials/Light/CFX4_Glow AB+AddSoft VColor.mat using Guid(e6ee1422834e7c24ca13f09a1eea892a) Importer(2089858483,192608db42251d675da83286b1cce702) (ScriptedImporter) -> (artifact id: 'f7b2c32303a9047a0d44b4572334f6da') in 0.0185741 seconds
Number of updated asset objects reloaded before import = 0Number of asset objects unloaded after import = 3

========================================================================
Received Import Request.
  Time since last request: 0.000033 seconds.
  path: Assets/JMO Assets/Cartoon FX/Demo/UI Canvas/CFX Demo Btn Camera.png
  artifactKey: Guid(4c72f3c555f96274787f31379fabb6ff) Importer(2089858483,192608db42251d675da83286b1cce702)
Start importing Assets/JMO Assets/Cartoon FX/Demo/UI Canvas/CFX Demo Btn Camera.png using Guid(4c72f3c555f96274787f31379fabb6ff) Importer(2089858483,192608db42251d675da83286b1cce702) (ScriptedImporter) -> (artifact id: 'abd8ee6dbb867f527b7e39de81890c06') in 0.0252934 seconds
Number of updated asset objects reloaded before import = 0Number of asset objects unloaded after import = 3

========================================================================
Received Import Request.
  Time since last request: 0.000039 seconds.
  path: Assets/JMO Assets/Cartoon FX/CFX4 Prefabs (Mobile)/Fire/CFXM4 Fire.prefab
  artifactKey: Guid(33d4b924ab407e749b211749de87987b) Importer(2089858483,192608db42251d675da83286b1cce702)
Start importing Assets/JMO Assets/Cartoon FX/CFX4 Prefabs (Mobile)/Fire/CFXM4 Fire.prefab using Guid(33d4b924ab407e749b211749de87987b) Importer(2089858483,192608db42251d675da83286b1cce702) (ScriptedImporter) -> (artifact id: '778295599f41930abbb357365121e3d1') in 0.0434819 seconds
Number of updated asset objects reloaded before import = 0Number of asset objects unloaded after import = 10

========================================================================
Received Import Request.
  Time since last request: 0.000021 seconds.
  path: Assets/JMO Assets/Cartoon FX/CFX4 Prefabs/Explosions/Variants/CFX4 Firework B (Green).prefab
  artifactKey: Guid(ef438c2265b7f784fa30c7c4e30993aa) Importer(2089858483,192608db42251d675da83286b1cce702)
Start importing Assets/JMO Assets/Cartoon FX/CFX4 Prefabs/Explosions/Variants/CFX4 Firework B (Green).prefab using Guid(ef438c2265b7f784fa30c7c4e30993aa) Importer(2089858483,192608db42251d675da83286b1cce702) (ScriptedImporter) -> (artifact id: 'f65921b0bb82740b8474bb9957f175bb') in 0.0383353 seconds
Number of updated asset objects reloaded before import = 0Number of asset objects unloaded after import = 15

========================================================================
Received Import Request.
  Time since last request: 0.000026 seconds.
  path: Assets/JMO Assets/Cartoon FX/CFX4 Prefabs (Mobile)/Misc/Variants/CFXM4 Hit Paint A (Red).prefab
  artifactKey: Guid(0508d49e00f288a49bab73fabaa2658d) Importer(2089858483,192608db42251d675da83286b1cce702)
Start importing Assets/JMO Assets/Cartoon FX/CFX4 Prefabs (Mobile)/Misc/Variants/CFXM4 Hit Paint A (Red).prefab using Guid(0508d49e00f288a49bab73fabaa2658d) Importer(2089858483,192608db42251d675da83286b1cce702) (ScriptedImporter) -> (artifact id: '896679768116af4edd86831f2569f6ed') in 0.0461565 seconds
Number of updated asset objects reloaded before import = 0Number of asset objects unloaded after import = 11

========================================================================
Received Import Request.
  Time since last request: 0.000052 seconds.
  path: Assets/JMO Assets/Cartoon FX/CFX4 Prefabs (Mobile)/Space/Variants/CFXM4_Space Thruster B (Black, CFX Blend).prefab
  artifactKey: Guid(459535337698e8a4e9d071826fe8984e) Importer(2089858483,192608db42251d675da83286b1cce702)
Start importing Assets/JMO Assets/Cartoon FX/CFX4 Prefabs (Mobile)/Space/Variants/CFXM4_Space Thruster B (Black, CFX Blend).prefab using Guid(459535337698e8a4e9d071826fe8984e) Importer(2089858483,192608db42251d675da83286b1cce702) (ScriptedImporter) -> (artifact id: 'a0691393fb85596cfc566b9c9997cf60') in 0.0405057 seconds
Number of updated asset objects reloaded before import = 0Number of asset objects unloaded after import = 7

========================================================================
Received Import Request.
  Time since last request: 0.000046 seconds.
  path: Assets/JMO Assets/Cartoon FX/CFX4 Prefabs (Mobile)/Misc/Variants/CFXM4 Radar Rings (Blue, CFX Blend).prefab
  artifactKey: Guid(a12fe1bdff35b1d4289c4c46f9935d66) Importer(2089858483,192608db42251d675da83286b1cce702)
Start importing Assets/JMO Assets/Cartoon FX/CFX4 Prefabs (Mobile)/Misc/Variants/CFXM4 Radar Rings (Blue, CFX Blend).prefab using Guid(a12fe1bdff35b1d4289c4c46f9935d66) Importer(2089858483,192608db42251d675da83286b1cce702) (ScriptedImporter) -> (artifact id: 'f8f293803b5fc2b693da57f87f3813ff') in 0.0416585 seconds
Number of updated asset objects reloaded before import = 0Number of asset objects unloaded after import = 7

========================================================================
Received Import Request.
  Time since last request: 0.000028 seconds.
  path: Assets/JMO Assets/Cartoon FX/Demo/Assets/CFX_Demo_RandomDirectionTranslate.cs
  artifactKey: Guid(83982eed39974834bada258fbddd1e72) Importer(2089858483,192608db42251d675da83286b1cce702)
Start importing Assets/JMO Assets/Cartoon FX/Demo/Assets/CFX_Demo_RandomDirectionTranslate.cs using Guid(83982eed39974834bada258fbddd1e72) Importer(2089858483,192608db42251d675da83286b1cce702) (ScriptedImporter) -> (artifact id: 'cb9fd0baa28f59c004a4c2ef2aa8234b') in 0.005363 seconds
Number of updated asset objects reloaded before import = 0Number of asset objects unloaded after import = 0

========================================================================
Received Import Request.
  Time since last request: 0.000205 seconds.
  path: Assets/JMO Assets/Cartoon FX/CFX4 Prefabs/Magic/Variants/CFX4 Magical Ring (Orange).prefab
  artifactKey: Guid(43acd95710e392249a71d3ec453c5f56) Importer(2089858483,192608db42251d675da83286b1cce702)
Start importing Assets/JMO Assets/Cartoon FX/CFX4 Prefabs/Magic/Variants/CFX4 Magical Ring (Orange).prefab using Guid(43acd95710e392249a71d3ec453c5f56) Importer(2089858483,192608db42251d675da83286b1cce702) (ScriptedImporter) -> (artifact id: '977af2917b093087493adc82029ad9a8') in 0.0425911 seconds
Number of updated asset objects reloaded before import = 0Number of asset objects unloaded after import = 15

========================================================================
Received Import Request.
  Time since last request: 0.000035 seconds.
  path: Assets/JMO Assets/Cartoon FX/Materials (Mobile)/Water/CFXM4_Splash Wave AddA8.mat
  artifactKey: Guid(f9d06ab787163aa4897f2451a5cb6a7b) Importer(2089858483,192608db42251d675da83286b1cce702)
Start importing Assets/JMO Assets/Cartoon FX/Materials (Mobile)/Water/CFXM4_Splash Wave AddA8.mat using Guid(f9d06ab787163aa4897f2451a5cb6a7b) Importer(2089858483,192608db42251d675da83286b1cce702) (ScriptedImporter) -> (artifact id: 'b4917e100f608b6ec293912f9cb38685') in 0.0088086 seconds
Number of updated asset objects reloaded before import = 0Number of asset objects unloaded after import = 2

========================================================================
Received Import Request.
  Time since last request: 0.000107 seconds.
  path: Assets/JMO Assets/Cartoon FX/CFX4 Prefabs/Misc/Variants/CFX4 Radar Rings (Blue).prefab
  artifactKey: Guid(497eaae807b931a4386ab315de5b910c) Importer(2089858483,192608db42251d675da83286b1cce702)
Start importing Assets/JMO Assets/Cartoon FX/CFX4 Prefabs/Misc/Variants/CFX4 Radar Rings (Blue).prefab using Guid(497eaae807b931a4386ab315de5b910c) Importer(2089858483,192608db42251d675da83286b1cce702) (ScriptedImporter) -> (artifact id: 'e14a38d27c16d9dbbbbbb3c5135a9095') in 0.0491214 seconds
Number of updated asset objects reloaded before import = 0Number of asset objects unloaded after import = 7

========================================================================
Received Import Request.
  Time since last request: 0.000021 seconds.
  path: Assets/JMO Assets/Cartoon FX/CFX4 Prefabs (Mobile)/Light/Variants/CFXM4 Aurora (Cyan Purple).prefab
  artifactKey: Guid(267cd4bd974b71b4898f1b823bc7f3eb) Importer(2089858483,192608db42251d675da83286b1cce702)
Start importing Assets/JMO Assets/Cartoon FX/CFX4 Prefabs (Mobile)/Light/Variants/CFXM4 Aurora (Cyan Purple).prefab using Guid(267cd4bd974b71b4898f1b823bc7f3eb) Importer(2089858483,192608db42251d675da83286b1cce702) (ScriptedImporter) -> (artifact id: 'f2370d62225ed66d4c993de23b69beda') in 0.0379853 seconds
Number of updated asset objects reloaded before import = 0Number of asset objects unloaded after import = 6

========================================================================
Received Import Request.
  Time since last request: 0.000033 seconds.
  path: Assets/JMO Assets/Cartoon FX/CFX4 Prefabs (Mobile)/Electric/Variants/CFXM4 Sparks Explosion (Orange).prefab
  artifactKey: Guid(94008c761c7a968498bf0b98ed762363) Importer(2089858483,192608db42251d675da83286b1cce702)
Start importing Assets/JMO Assets/Cartoon FX/CFX4 Prefabs (Mobile)/Electric/Variants/CFXM4 Sparks Explosion (Orange).prefab using Guid(94008c761c7a968498bf0b98ed762363) Importer(2089858483,192608db42251d675da83286b1cce702) (ScriptedImporter) -> (artifact id: '4e1b49d2e1531e94d4041c4ebbb6400e') in 0.0517519 seconds
Number of updated asset objects reloaded before import = 0Number of asset objects unloaded after import = 11

========================================================================
Received Import Request.
  Time since last request: 0.000031 seconds.
  path: Assets/JMO Assets/Cartoon FX/CFX4 Prefabs (Mobile)/Electric/Variants/CFXM4 Sparks Explosion Bigger (White).prefab
  artifactKey: Guid(38a3df39ef1aa634a81ef192aaf025a4) Importer(2089858483,192608db42251d675da83286b1cce702)
Start importing Assets/JMO Assets/Cartoon FX/CFX4 Prefabs (Mobile)/Electric/Variants/CFXM4 Sparks Explosion Bigger (White).prefab using Guid(38a3df39ef1aa634a81ef192aaf025a4) Importer(2089858483,192608db42251d675da83286b1cce702) (ScriptedImporter) -> (artifact id: 'b0dd56a9452669b19ed19153c3bbc9f6') in 0.0543602 seconds
Number of updated asset objects reloaded before import = 0Number of asset objects unloaded after import = 11

========================================================================
Received Import Request.
  Time since last request: 0.000040 seconds.
  path: Assets/JMO Assets/Cartoon FX/CFX4 Prefabs (Mobile)/Magic/Variants/CFXM4 Magical Ring (Purple).prefab
  artifactKey: Guid(c477f4ac32be2e246b3c2618cdcb4c45) Importer(2089858483,192608db42251d675da83286b1cce702)
Start importing Assets/JMO Assets/Cartoon FX/CFX4 Prefabs (Mobile)/Magic/Variants/CFXM4 Magical Ring (Purple).prefab using Guid(c477f4ac32be2e246b3c2618cdcb4c45) Importer(2089858483,192608db42251d675da83286b1cce702) (ScriptedImporter) -> (artifact id: 'fb8428e7a05c6ab45c6a491fa3a2c681') in 0.0458813 seconds
Number of updated asset objects reloaded before import = 0Number of asset objects unloaded after import = 15

========================================================================
Received Import Request.
  Time since last request: 0.000029 seconds.
  path: Assets/JMO Assets/Cartoon FX/CFX4 Prefabs/Magic/Variants/CFX4 Fairy Dust (Green).prefab
  artifactKey: Guid(309c99fdd741cc9439822edae6a5d7a1) Importer(2089858483,192608db42251d675da83286b1cce702)
Start importing Assets/JMO Assets/Cartoon FX/CFX4 Prefabs/Magic/Variants/CFX4 Fairy Dust (Green).prefab using Guid(309c99fdd741cc9439822edae6a5d7a1) Importer(2089858483,192608db42251d675da83286b1cce702) (ScriptedImporter) -> (artifact id: 'e56a53b3d55c3797cb5a7f0a247e551f') in 0.0418369 seconds
Number of updated asset objects reloaded before import = 0Number of asset objects unloaded after import = 11

========================================================================
Received Import Request.
  Time since last request: 0.000023 seconds.
  path: Assets/JMO Assets/Cartoon FX/CFX4 Prefabs (Mobile)/Magic/Variants/CFXM4 Magic Drain (Blue).prefab
  artifactKey: Guid(e886b7aff747d3e448e4e72d795f7858) Importer(2089858483,192608db42251d675da83286b1cce702)
Start importing Assets/JMO Assets/Cartoon FX/CFX4 Prefabs (Mobile)/Magic/Variants/CFXM4 Magic Drain (Blue).prefab using Guid(e886b7aff747d3e448e4e72d795f7858) Importer(2089858483,192608db42251d675da83286b1cce702) (ScriptedImporter) -> (artifact id: '63b40666feb2ac85f8038124d7c9bf77') in 0.0451424 seconds
Number of updated asset objects reloaded before import = 0Number of asset objects unloaded after import = 18

========================================================================
Received Import Request.
  Time since last request: 0.000053 seconds.
  path: Assets/JMO Assets/Cartoon FX/CFX4 Prefabs (Mobile)/Fire/Variants/CFXM4 Flamme Soft (Pink, CFX Blend).prefab
  artifactKey: Guid(6fd7bff80569e864e8feeb2b0e309831) Importer(2089858483,192608db42251d675da83286b1cce702)
Start importing Assets/JMO Assets/Cartoon FX/CFX4 Prefabs (Mobile)/Fire/Variants/CFXM4 Flamme Soft (Pink, CFX Blend).prefab using Guid(6fd7bff80569e864e8feeb2b0e309831) Importer(2089858483,192608db42251d675da83286b1cce702) (ScriptedImporter) -> (artifact id: 'd3223fea36426b508c213a464cd9a568') in 0.0493189 seconds
Number of updated asset objects reloaded before import = 0Number of asset objects unloaded after import = 11

========================================================================
Received Import Request.
  Time since last request: 0.000024 seconds.
  path: Assets/JMO Assets/Cartoon FX/CFX4 Prefabs/Misc/Variants/CFX4 Hit Paint B (Blue).prefab
  artifactKey: Guid(ac6db741a80a1f546ad188aab0d51300) Importer(2089858483,192608db42251d675da83286b1cce702)
Start importing Assets/JMO Assets/Cartoon FX/CFX4 Prefabs/Misc/Variants/CFX4 Hit Paint B (Blue).prefab using Guid(ac6db741a80a1f546ad188aab0d51300) Importer(2089858483,192608db42251d675da83286b1cce702) (ScriptedImporter) -> (artifact id: '715df1dd89ec0b2d06572d846703e744') in 0.0463471 seconds
Number of updated asset objects reloaded before import = 0Number of asset objects unloaded after import = 15

========================================================================
Received Import Request.
  Time since last request: 0.000036 seconds.
  path: Assets/JMO Assets/Cartoon FX/Materials (Mobile)/Misc/CFXM2_WhiteCircle AB.mat
  artifactKey: Guid(e927ed5c38ac53b4cbe16f9a3ddacfd8) Importer(2089858483,192608db42251d675da83286b1cce702)
Start importing Assets/JMO Assets/Cartoon FX/Materials (Mobile)/Misc/CFXM2_WhiteCircle AB.mat using Guid(e927ed5c38ac53b4cbe16f9a3ddacfd8) Importer(2089858483,192608db42251d675da83286b1cce702) (ScriptedImporter) -> (artifact id: 'f1bd9d0c11f24d1f2f15fc0f32dcdb46') in 0.0088267 seconds
Number of updated asset objects reloaded before import = 0Number of asset objects unloaded after import = 2

========================================================================
Received Import Request.
  Time since last request: 0.000043 seconds.
  path: Assets/JMO Assets/Cartoon FX/CFX4 Prefabs (Mobile)/Water/CFXM4 Splash.prefab
  artifactKey: Guid(92abe13ce9d8ca142a07d5358ef79b57) Importer(2089858483,192608db42251d675da83286b1cce702)
Start importing Assets/JMO Assets/Cartoon FX/CFX4 Prefabs (Mobile)/Water/CFXM4 Splash.prefab using Guid(92abe13ce9d8ca142a07d5358ef79b57) Importer(2089858483,192608db42251d675da83286b1cce702) (ScriptedImporter) -> (artifact id: 'ab5f0970f74d8c313619239fe96d344d') in 0.0466394 seconds
Number of updated asset objects reloaded before import = 0Number of asset objects unloaded after import = 27

========================================================================
Received Import Request.
  Time since last request: 0.000025 seconds.
  path: Assets/JMO Assets/Cartoon FX/Materials/Light/CFX4_Bubble AB+Add VColor.mat
  artifactKey: Guid(66da96f3c1cdf9c42b9ce7b521d8b773) Importer(2089858483,192608db42251d675da83286b1cce702)
Start importing Assets/JMO Assets/Cartoon FX/Materials/Light/CFX4_Bubble AB+Add VColor.mat using Guid(66da96f3c1cdf9c42b9ce7b521d8b773) Importer(2089858483,192608db42251d675da83286b1cce702) (ScriptedImporter) -> (artifact id: '7f54563cd4a3345165aefd4bdd884807') in 0.0108687 seconds
Number of updated asset objects reloaded before import = 0Number of asset objects unloaded after import = 3

========================================================================
Received Import Request.
  Time since last request: 0.000036 seconds.
  path: Assets/JMO Assets/Cartoon FX/CFX4 Prefabs (Mobile)/Explosions/CFXM4 Black Monster Explosion.prefab
  artifactKey: Guid(f98a528b44060914881aac5e228654ef) Importer(2089858483,192608db42251d675da83286b1cce702)
Start importing Assets/JMO Assets/Cartoon FX/CFX4 Prefabs (Mobile)/Explosions/CFXM4 Black Monster Explosion.prefab using Guid(f98a528b44060914881aac5e228654ef) Importer(2089858483,192608db42251d675da83286b1cce702) (ScriptedImporter) -> (artifact id: 'e9b9df6d04cad72f4deea102a1262d3b') in 0.0558887 seconds
Number of updated asset objects reloaded before import = 0Number of asset objects unloaded after import = 20

========================================================================
Received Import Request.
  Time since last request: 0.000021 seconds.
  path: Assets/JMO Assets/Cartoon FX/CFX4 Prefabs (Mobile)/Misc/CFXM4 Hit B2 (Blue, CFX Blend).prefab
  artifactKey: Guid(1bee0bd61d5a7f541acc97be5c842342) Importer(2089858483,192608db42251d675da83286b1cce702)
Start importing Assets/JMO Assets/Cartoon FX/CFX4 Prefabs (Mobile)/Misc/CFXM4 Hit B2 (Blue, CFX Blend).prefab using Guid(1bee0bd61d5a7f541acc97be5c842342) Importer(2089858483,192608db42251d675da83286b1cce702) (ScriptedImporter) -> (artifact id: '610de09cb9de5c637ea45b4aac6dc8da') in 0.0475784 seconds
Number of updated asset objects reloaded before import = 0Number of asset objects unloaded after import = 15

========================================================================
Received Import Request.
  Time since last request: 0.000026 seconds.
  path: Assets/JMO Assets/Cartoon FX/CFX4 Prefabs/Light/Variants/CFX4 Aura Bubble A (Blue, CFX Blend).prefab
  artifactKey: Guid(c29209e14c983b548b6c2cc033a2f382) Importer(2089858483,192608db42251d675da83286b1cce702)
Start importing Assets/JMO Assets/Cartoon FX/CFX4 Prefabs/Light/Variants/CFX4 Aura Bubble A (Blue, CFX Blend).prefab using Guid(c29209e14c983b548b6c2cc033a2f382) Importer(2089858483,192608db42251d675da83286b1cce702) (ScriptedImporter) -> (artifact id: '5585687e3b2340fb81d80148cd53101a') in 0.0447977 seconds
Number of updated asset objects reloaded before import = 0Number of asset objects unloaded after import = 6

========================================================================
Received Import Request.
  Time since last request: 0.000071 seconds.
  path: Assets/JMO Assets/Cartoon FX/Materials (Mobile)/Light/CFXM4_Glow AB+Add VColor.mat
  artifactKey: Guid(544c6fe48f26d4744aec11acf8ca0977) Importer(2089858483,192608db42251d675da83286b1cce702)
Start importing Assets/JMO Assets/Cartoon FX/Materials (Mobile)/Light/CFXM4_Glow AB+Add VColor.mat using Guid(544c6fe48f26d4744aec11acf8ca0977) Importer(2089858483,192608db42251d675da83286b1cce702) (ScriptedImporter) -> (artifact id: '8d6e76c72d43ebc613bb55b3508382a3') in 0.0147206 seconds
Number of updated asset objects reloaded before import = 0Number of asset objects unloaded after import = 3

========================================================================
Received Import Request.
  Time since last request: 0.000030 seconds.
  path: Assets/JMO Assets/Cartoon FX/Materials/Misc/CFX4_Circle AddSoft.mat
  artifactKey: Guid(2d0c3d0fb869c134fa61abba6acd040d) Importer(2089858483,192608db42251d675da83286b1cce702)
Start importing Assets/JMO Assets/Cartoon FX/Materials/Misc/CFX4_Circle AddSoft.mat using Guid(2d0c3d0fb869c134fa61abba6acd040d) Importer(2089858483,192608db42251d675da83286b1cce702) (ScriptedImporter) -> (artifact id: '6c0c554353991a1e5b3601ae956bd5e4') in 0.0129984 seconds
Number of updated asset objects reloaded before import = 0Number of asset objects unloaded after import = 2

========================================================================
Received Import Request.
  Time since last request: 0.000049 seconds.
  path: Assets/JMO Assets/Cartoon FX/Materials/Misc/CFX4_SmokePuff AB.mat
  artifactKey: Guid(4948758f8ede2fb4aa764ecac592172d) Importer(2089858483,192608db42251d675da83286b1cce702)
Start importing Assets/JMO Assets/Cartoon FX/Materials/Misc/CFX4_SmokePuff AB.mat using Guid(4948758f8ede2fb4aa764ecac592172d) Importer(2089858483,192608db42251d675da83286b1cce702) (ScriptedImporter) -> (artifact id: '94a9d09bde72ea4eab9b030b5a285796') in 0.0153564 seconds
Number of updated asset objects reloaded before import = 0Number of asset objects unloaded after import = 2

========================================================================
Received Import Request.
  Time since last request: 0.000034 seconds.
  path: Assets/JMO Assets/Cartoon FX/CFX4 Prefabs/Explosions/Variants/CFX4 Firework A (Orange).prefab
  artifactKey: Guid(4a96d40658ecd0f44845d7794d60b26a) Importer(2089858483,192608db42251d675da83286b1cce702)
Start importing Assets/JMO Assets/Cartoon FX/CFX4 Prefabs/Explosions/Variants/CFX4 Firework A (Orange).prefab using Guid(4a96d40658ecd0f44845d7794d60b26a) Importer(2089858483,192608db42251d675da83286b1cce702) (ScriptedImporter) -> (artifact id: 'cffc62a42710e8ace45cebeaa4c66975') in 0.0539372 seconds
Number of updated asset objects reloaded before import = 0Number of asset objects unloaded after import = 7

========================================================================
Received Import Request.
  Time since last request: 0.000038 seconds.
  path: Assets/JMO Assets/Cartoon FX/Materials (Mobile)/Light/CFXM4_Bubble AB+Add VColor.mat
  artifactKey: Guid(b0f46aab2111593459160d0a9573a437) Importer(2089858483,192608db42251d675da83286b1cce702)
Start importing Assets/JMO Assets/Cartoon FX/Materials (Mobile)/Light/CFXM4_Bubble AB+Add VColor.mat using Guid(b0f46aab2111593459160d0a9573a437) Importer(2089858483,192608db42251d675da83286b1cce702) (ScriptedImporter) -> (artifact id: 'c18f57952e4804dfe432527aa4600c9b') in 0.0138846 seconds
Number of updated asset objects reloaded before import = 0Number of asset objects unloaded after import = 3

========================================================================
Received Import Request.
  Time since last request: 0.000023 seconds.
  path: Assets/JMO Assets/Cartoon FX/CFX4 Prefabs (Mobile)/Misc/CFXM4 Drill Ground Hit (COLLIDE).prefab
  artifactKey: Guid(0629c04a0c31dc546b759fb8ef6b44c9) Importer(2089858483,192608db42251d675da83286b1cce702)
Start importing Assets/JMO Assets/Cartoon FX/CFX4 Prefabs (Mobile)/Misc/CFXM4 Drill Ground Hit (COLLIDE).prefab using Guid(0629c04a0c31dc546b759fb8ef6b44c9) Importer(2089858483,192608db42251d675da83286b1cce702) (ScriptedImporter) -> (artifact id: '0c7f0b0357420da5bfc93d76d12de23c') in 0.0492335 seconds
Number of updated asset objects reloaded before import = 0Number of asset objects unloaded after import = 17

========================================================================
Received Import Request.
  Time since last request: 0.000035 seconds.
  path: Assets/JMO Assets/Cartoon FX/CFX4 Prefabs/Electric/Variants/CFX4 Sparks Explosion Bigger (Blue).prefab
  artifactKey: Guid(011ba54d471f475478d54fd8a764ab8a) Importer(2089858483,192608db42251d675da83286b1cce702)
Start importing Assets/JMO Assets/Cartoon FX/CFX4 Prefabs/Electric/Variants/CFX4 Sparks Explosion Bigger (Blue).prefab using Guid(011ba54d471f475478d54fd8a764ab8a) Importer(2089858483,192608db42251d675da83286b1cce702) (ScriptedImporter) -> (artifact id: 'aba4d13e13858e2409379ca09016fdc2') in 0.0492613 seconds
Number of updated asset objects reloaded before import = 0Number of asset objects unloaded after import = 11

========================================================================
Received Import Request.
  Time since last request: 0.000029 seconds.
  path: Assets/JMO Assets/Cartoon FX/CFX4 Prefabs (Mobile)/Fire/CFXM4 Flamme (CFX Blend).prefab
  artifactKey: Guid(c4c31057392795448914b0bbba4ccceb) Importer(2089858483,192608db42251d675da83286b1cce702)
Start importing Assets/JMO Assets/Cartoon FX/CFX4 Prefabs (Mobile)/Fire/CFXM4 Flamme (CFX Blend).prefab using Guid(c4c31057392795448914b0bbba4ccceb) Importer(2089858483,192608db42251d675da83286b1cce702) (ScriptedImporter) -> (artifact id: '11eaf754c5277ce98b31ce46f1b99482') in 0.0498245 seconds
Number of updated asset objects reloaded before import = 0Number of asset objects unloaded after import = 11

========================================================================
Received Import Request.
  Time since last request: 0.000041 seconds.
  path: Assets/JMO Assets/Cartoon FX/CFX4 Prefabs (Mobile)/Electric/Variants/CFXM4 Sparks Explosion Bigger (Orange).prefab
  artifactKey: Guid(6b4fbfac42b158a4b833c0d0038890a0) Importer(2089858483,192608db42251d675da83286b1cce702)
Start importing Assets/JMO Assets/Cartoon FX/CFX4 Prefabs (Mobile)/Electric/Variants/CFXM4 Sparks Explosion Bigger (Orange).prefab using Guid(6b4fbfac42b158a4b833c0d0038890a0) Importer(2089858483,192608db42251d675da83286b1cce702) (ScriptedImporter) -> (artifact id: '1c061274d755203630df621fc51420d0') in 0.0475392 seconds
Number of updated asset objects reloaded before import = 0Number of asset objects unloaded after import = 11

========================================================================
Received Import Request.
  Time since last request: 0.000037 seconds.
  path: Assets/JMO Assets/Cartoon FX/Materials/Misc/CFX4_PaintHit AB.mat
  artifactKey: Guid(27dd61234320b5449a30b298b41751ab) Importer(2089858483,192608db42251d675da83286b1cce702)
Start importing Assets/JMO Assets/Cartoon FX/Materials/Misc/CFX4_PaintHit AB.mat using Guid(27dd61234320b5449a30b298b41751ab) Importer(2089858483,192608db42251d675da83286b1cce702) (ScriptedImporter) -> (artifact id: 'ff0631e9ed1e2b26cc037f0a1e25a0c9') in 0.0139917 seconds
Number of updated asset objects reloaded before import = 0Number of asset objects unloaded after import = 2

========================================================================
Received Import Request.
  Time since last request: 0.000022 seconds.
  path: Assets/JMO Assets/Cartoon FX/CFX4 Prefabs/Magic/Variants/CFX4 Shiny (Blue).prefab
  artifactKey: Guid(336e52750bf4ec14eacd4a9e79ea1c09) Importer(2089858483,192608db42251d675da83286b1cce702)
Start importing Assets/JMO Assets/Cartoon FX/CFX4 Prefabs/Magic/Variants/CFX4 Shiny (Blue).prefab using Guid(336e52750bf4ec14eacd4a9e79ea1c09) Importer(2089858483,192608db42251d675da83286b1cce702) (ScriptedImporter) -> (artifact id: 'fdf660ee30db833f66a81b2d3f09aec0') in 0.0466832 seconds
Number of updated asset objects reloaded before import = 0Number of asset objects unloaded after import = 18

========================================================================
Received Import Request.
  Time since last request: 0.000034 seconds.
  path: Assets/JMO Assets/Cartoon FX/CFX4 Prefabs/Fire/Variants/CFX4 Flamme (Rainbow, CFX Blend).prefab
  artifactKey: Guid(ef14b50d264bdae438bab0d91e282900) Importer(2089858483,192608db42251d675da83286b1cce702)
Start importing Assets/JMO Assets/Cartoon FX/CFX4 Prefabs/Fire/Variants/CFX4 Flamme (Rainbow, CFX Blend).prefab using Guid(ef14b50d264bdae438bab0d91e282900) Importer(2089858483,192608db42251d675da83286b1cce702) (ScriptedImporter) -> (artifact id: '976e6785a9ccaa1c95343b733b291198') in 0.0452968 seconds
Number of updated asset objects reloaded before import = 0Number of asset objects unloaded after import = 15

========================================================================
Received Import Request.
  Time since last request: 0.000023 seconds.
  path: Assets/JMO Assets/Cartoon FX/CFX4 Prefabs (Mobile)/Misc/CFXM4 SmokePuff.prefab
  artifactKey: Guid(40f59a5c9ded7444fbb6769e02d1b1b9) Importer(2089858483,192608db42251d675da83286b1cce702)
Start importing Assets/JMO Assets/Cartoon FX/CFX4 Prefabs (Mobile)/Misc/CFXM4 SmokePuff.prefab using Guid(40f59a5c9ded7444fbb6769e02d1b1b9) Importer(2089858483,192608db42251d675da83286b1cce702) (ScriptedImporter) -> (artifact id: '38b7ba37247415587700a45f75a0bcec') in 0.0375614 seconds
Number of updated asset objects reloaded before import = 0Number of asset objects unloaded after import = 7

========================================================================
Received Import Request.
  Time since last request: 0.000111 seconds.
  path: Assets/JMO Assets/Cartoon FX/Materials/Light/CFX4_AuraBubble AB+AddSoft VColor.mat
  artifactKey: Guid(783adf68b044b0d42a2d5f6be878fa68) Importer(2089858483,192608db42251d675da83286b1cce702)
Start importing Assets/JMO Assets/Cartoon FX/Materials/Light/CFX4_AuraBubble AB+AddSoft VColor.mat using Guid(783adf68b044b0d42a2d5f6be878fa68) Importer(2089858483,192608db42251d675da83286b1cce702) (ScriptedImporter) -> (artifact id: '2730c650909fff7983319499e6b9a006') in 0.0117752 seconds
Number of updated asset objects reloaded before import = 0Number of asset objects unloaded after import = 3

========================================================================
Received Import Request.
  Time since last request: 0.000035 seconds.
  path: Assets/JMO Assets/Cartoon FX/CFX4 Prefabs/Misc/Variants/CFX4 Radar Rings (Orange).prefab
  artifactKey: Guid(b205d52ea105b69469f5fbbcff5fdd23) Importer(2089858483,192608db42251d675da83286b1cce702)
Start importing Assets/JMO Assets/Cartoon FX/CFX4 Prefabs/Misc/Variants/CFX4 Radar Rings (Orange).prefab using Guid(b205d52ea105b69469f5fbbcff5fdd23) Importer(2089858483,192608db42251d675da83286b1cce702) (ScriptedImporter) -> (artifact id: '3aca484d85ed234d00b8c69708a8d482') in 0.0435708 seconds
Number of updated asset objects reloaded before import = 0Number of asset objects unloaded after import = 7

========================================================================
Received Import Request.
  Time since last request: 0.000068 seconds.
  path: Assets/JMO Assets/Cartoon FX/CFX4 Prefabs (Mobile)/Explosions/Variants/CFXM4 Wave Explosion (Red).prefab
  artifactKey: Guid(8c2eac8195464cd4283077e548e0f15d) Importer(2089858483,192608db42251d675da83286b1cce702)
Start importing Assets/JMO Assets/Cartoon FX/CFX4 Prefabs (Mobile)/Explosions/Variants/CFXM4 Wave Explosion (Red).prefab using Guid(8c2eac8195464cd4283077e548e0f15d) Importer(2089858483,192608db42251d675da83286b1cce702) (ScriptedImporter) -> (artifact id: '31ed1017bab131e5ad9a20bd90abae4b') in 0.0429095 seconds
Number of updated asset objects reloaded before import = 0Number of asset objects unloaded after import = 24

========================================================================
Received Import Request.
  Time since last request: 0.000034 seconds.
  path: Assets/JMO Assets/Cartoon FX/CFX4 Prefabs (Mobile)/Explosions/Variants/CFXM4 Wave Explosion (Blue).prefab
  artifactKey: Guid(fc7b23e36f6be074db52658879f54e86) Importer(2089858483,192608db42251d675da83286b1cce702)
Start importing Assets/JMO Assets/Cartoon FX/CFX4 Prefabs (Mobile)/Explosions/Variants/CFXM4 Wave Explosion (Blue).prefab using Guid(fc7b23e36f6be074db52658879f54e86) Importer(2089858483,192608db42251d675da83286b1cce702) (ScriptedImporter) -> (artifact id: 'ffaa0e0176dd2ecd13644c34e22633dd') in 0.0440701 seconds
Number of updated asset objects reloaded before import = 0Number of asset objects unloaded after import = 24

========================================================================
Received Import Request.
  Time since last request: 0.000038 seconds.
  path: Assets/JMO Assets/Cartoon FX/CFX4 Prefabs (Mobile)/Explosions/Variants/CFXM4 Spiky Explosion (White).prefab
  artifactKey: Guid(7875af22d4c42794eb5c1fa3076315e0) Importer(2089858483,192608db42251d675da83286b1cce702)
Start importing Assets/JMO Assets/Cartoon FX/CFX4 Prefabs (Mobile)/Explosions/Variants/CFXM4 Spiky Explosion (White).prefab using Guid(7875af22d4c42794eb5c1fa3076315e0) Importer(2089858483,192608db42251d675da83286b1cce702) (ScriptedImporter) -> (artifact id: '975e767de7b46a4d831fe9d9cb183eee') in 0.0394637 seconds
Number of updated asset objects reloaded before import = 0Number of asset objects unloaded after import = 15

========================================================================
Received Import Request.
  Time since last request: 0.000028 seconds.
  path: Assets/JMO Assets/Cartoon FX/CFX4 Prefabs (Mobile)/Misc/Variants/CFXM4 Hit A (Green, CFX Blend).prefab
  artifactKey: Guid(96ed22b1789399843bca94b9aad95c61) Importer(2089858483,192608db42251d675da83286b1cce702)
Start importing Assets/JMO Assets/Cartoon FX/CFX4 Prefabs (Mobile)/Misc/Variants/CFXM4 Hit A (Green, CFX Blend).prefab using Guid(96ed22b1789399843bca94b9aad95c61) Importer(2089858483,192608db42251d675da83286b1cce702) (ScriptedImporter) -> (artifact id: 'b73c312c4cebf884c22abb8951766da8') in 0.0388815 seconds
Number of updated asset objects reloaded before import = 0Number of asset objects unloaded after import = 15

========================================================================
Received Prepare
Begin MonoManager ReloadAssembly
[Licensing::Client] Successfully resolved entitlement details
[Licensing::Module] License group:
  Id: F4-6VBU-GQ76-3YAQ-GU2D-XXXX
  Product: Unity Personal
  Type: ULF
  Expiration: Unlimited
[Licensing::Module] License group:
  Id: 3440655-UnityPersXXXX
  Product: Unity Personal
  Type: Assigned
  Expiration: Unlimited
Assembly 'Assets/PlayServicesResolver/Editor/Google.JarResolver_v1.2.59.0.dll' will not be loaded due to errors:
Assembly name 'Google.JarResolver' does not match file name 'Google.JarResolver_v1.2.59.0'
Assembly 'Assets/PlayServicesResolver/Editor/Google.IOSResolver_v1.2.59.0.dll' will not be loaded due to errors:
Unable to resolve reference 'UnityEditor.iOS.Extensions.Xcode'. Is the assembly missing or incompatible with the current platform?
Reference validation can be disabled in the Plugin Inspector.
Assembly name 'Google.IOSResolver' does not match file name 'Google.IOSResolver_v1.2.59.0'
Assembly 'Assets/PlayServicesResolver/Editor/Google.VersionHandlerImpl_v1.2.59.0.dll' will not be loaded due to errors:
Assembly name 'Google.VersionHandlerImpl' does not match file name 'Google.VersionHandlerImpl_v1.2.59.0'
- Loaded All Assemblies, in  1.376 seconds
Refreshing native plugins compatible for Editor in 20.66 ms, found 6 plugins.
Native extension for Android target not found
Native extension for WindowsStandalone target not found
[Package Manager] Failed to launch server process. Reason: Unity was launched with the -noUpm command-line argument
[Package Manager] Unable to send message (not connected to server process).
[Package Manager] Cannot connect to Unity Package Manager local server
Non-secure network connections disabled in Player Settings
UnityEngine.Debug:ExtractStackTraceNoAlloc (byte*,int,string)
UnityEngine.StackTraceUtility:ExtractStackTrace ()
UnityEngine.Networking.UnityWebRequest:BeginWebRequest ()
UnityEngine.Networking.UnityWebRequest:SendWebRequest ()
UnityEngine.WWW:.ctor (string)
JMOAssets.JMOAssets_Menu:StartDownload ()
JMOAssets.JMOAssets_Menu:CheckStartupUpdate ()
JMOAssets.JMOAssets_Menu:.cctor ()
System.Runtime.CompilerServices.RuntimeHelpers:RunClassConstructor (System.RuntimeTypeHandle)
UnityEditor.EditorAssemblies:ProcessInitializeOnLoadAttributes (System.Type[])

[C:\build\output\unity\unity\Modules\UnityWebRequest\Public\Prototypes\UnityWebRequestProto.h line 519]

System.InvalidOperationException: Insecure connection not allowed
  at (wrapper managed-to-native) UnityEngine.Networking.UnityWebRequest.BeginWebRequest_Injected(intptr)
  at UnityEngine.Networking.UnityWebRequest.BeginWebRequest () [0x0000f] in <a5693f6f1faf4f39a6c9cefc1a5b2555>:0 
  at UnityEngine.Networking.UnityWebRequest.SendWebRequest () [0x00001] in <a5693f6f1faf4f39a6c9cefc1a5b2555>:0 
  at UnityEngine.WWW..ctor (System.String url) [0x00014] in <37916183dd3c4f44ab9cf13ab9ae239c>:0 
  at JMOAssets.JMOAssets_Menu.StartDownload () [0x00013] in <a7aa7c6095e5420583c7f523f7294ab4>:0 
  at JMOAssets.JMOAssets_Menu.CheckStartupUpdate () [0x00001] in <a7aa7c6095e5420583c7f523f7294ab4>:0 
  at JMOAssets.JMOAssets_Menu..cctor () [0x000a1] in <a7aa7c6095e5420583c7f523f7294ab4>:0 
UnityEngine.Debug:ExtractStackTraceNoAlloc (byte*,int,string)
UnityEngine.StackTraceUtility:ExtractStackTrace ()
UnityEngine.DebugLogHandler:Internal_Log (UnityEngine.LogType,UnityEngine.LogOption,string,UnityEngine.Object)
UnityEngine.DebugLogHandler:LogFormat (UnityEngine.LogType,UnityEngine.Object,string,object[])
UnityEngine.Logger:Log (UnityEngine.LogType,object)
UnityEngine.Debug:LogError (object)
UnityEditor.EditorAssemblies:ProcessInitializeOnLoadAttributes (System.Type[])

Mono: successfully reloaded assembly
- Finished resetting the current domain, in  1.713 seconds
Domain Reload Profiling: 3083ms
	BeginReloadAssembly (357ms)
		ExecutionOrderSort (0ms)
		DisableScriptedObjects (12ms)
		BackupInstance (0ms)
		ReleaseScriptingObjects (0ms)
		CreateAndSetChildDomain (97ms)
	RebuildCommonClasses (64ms)
	RebuildNativeTypeToScriptingClass (23ms)
	initialDomainReloadingComplete (70ms)
	LoadAllAssembliesAndSetupDomain (856ms)
		LoadAssemblies (733ms)
		RebuildTransferFunctionScriptingTraits (0ms)
		AnalyzeDomain (289ms)
			TypeCache.Refresh (15ms)
				TypeCache.ScanAssembly (0ms)
			BuildScriptInfoCaches (262ms)
			ResolveRequiredComponents (5ms)
	FinalizeReload (1714ms)
		ReleaseScriptCaches (0ms)
		RebuildScriptCaches (0ms)
		SetupLoadedEditorAssemblies (1541ms)
			LogAssemblyErrors (0ms)
			InitializePlatformSupportModulesInManaged (17ms)
			SetLoadedEditorAssemblies (7ms)
			BeforeProcessingInitializeOnLoad (183ms)
			ProcessInitializeOnLoadAttributes (1056ms)
			ProcessInitializeOnLoadMethodAttributes (269ms)
			AfterProcessingInitializeOnLoad (8ms)
			EditorAssembliesLoaded (0ms)
		ExecutionOrderSort2 (0ms)
		AwakeInstancesAfterBackupRestoration (10ms)
Refreshing native plugins compatible for Editor in 32.00 ms, found 6 plugins.
Preloading 0 native plugins for Editor in 0.00 ms.
Unloading 4 Unused Serialized files (Serialized files now loaded: 0)
Unloading 3744 unused Assets / (1.5 MB). Loaded Objects now: 4152.
Memory consumption went from 88.0 MB to 86.5 MB.
Total: 15.947800 ms (FindLiveObjects: 0.431000 ms CreateObjectMapping: 0.466700 ms MarkObjects: 12.146500 ms  DeleteObjects: 2.900400 ms)

Prepare: number of updated asset objects reloaded= 0
========================================================================
Received Prepare
Refreshing native plugins compatible for Editor in 26.23 ms, found 6 plugins.
Preloading 0 native plugins for Editor in 0.00 ms.
Unloading 4 Unused Serialized files (Serialized files now loaded: 0)
Unloading 3638 unused Assets / (1.2 MB). Loaded Objects now: 4152.
Memory consumption went from 87.5 MB to 86.3 MB.
Total: 17.483400 ms (FindLiveObjects: 0.709400 ms CreateObjectMapping: 0.256000 ms MarkObjects: 14.154000 ms  DeleteObjects: 2.360500 ms)

Prepare: number of updated asset objects reloaded= 0
========================================================================
Received Prepare
Refreshing native plugins compatible for Editor in 58.47 ms, found 6 plugins.
Preloading 0 native plugins for Editor in 0.00 ms.
Unloading 4 Unused Serialized files (Serialized files now loaded: 0)
Unloading 3638 unused Assets / (1.5 MB). Loaded Objects now: 4152.
Memory consumption went from 87.5 MB to 86.0 MB.
Total: 29.966500 ms (FindLiveObjects: 0.731900 ms CreateObjectMapping: 0.680900 ms MarkObjects: 25.867700 ms  DeleteObjects: 2.682100 ms)

Prepare: number of updated asset objects reloaded= 0
========================================================================
Received Prepare
Refreshing native plugins compatible for Editor in 51.83 ms, found 6 plugins.
Preloading 0 native plugins for Editor in 0.00 ms.
Unloading 4 Unused Serialized files (Serialized files now loaded: 0)
Unloading 3638 unused Assets / (1.8 MB). Loaded Objects now: 4152.
Memory consumption went from 87.5 MB to 85.7 MB.
Total: 35.519500 ms (FindLiveObjects: 1.206200 ms CreateObjectMapping: 0.966700 ms MarkObjects: 29.828300 ms  DeleteObjects: 3.515500 ms)

Prepare: number of updated asset objects reloaded= 0
========================================================================
Received Prepare
Refreshing native plugins compatible for Editor in 63.64 ms, found 6 plugins.
Preloading 0 native plugins for Editor in 0.00 ms.
Unloading 4 Unused Serialized files (Serialized files now loaded: 0)
Unloading 3638 unused Assets / (1.6 MB). Loaded Objects now: 4152.
Memory consumption went from 87.5 MB to 85.9 MB.
Total: 26.827700 ms (FindLiveObjects: 0.757700 ms CreateObjectMapping: 0.477400 ms MarkObjects: 22.479900 ms  DeleteObjects: 3.110200 ms)

Prepare: number of updated asset objects reloaded= 0
========================================================================
Received Prepare
Refreshing native plugins compatible for Editor in 57.89 ms, found 6 plugins.
Preloading 0 native plugins for Editor in 0.00 ms.
Unloading 4 Unused Serialized files (Serialized files now loaded: 0)
Unloading 3638 unused Assets / (1.2 MB). Loaded Objects now: 4152.
Memory consumption went from 87.5 MB to 86.2 MB.
Total: 29.367600 ms (FindLiveObjects: 0.905100 ms CreateObjectMapping: 0.654400 ms MarkObjects: 25.777900 ms  DeleteObjects: 2.027200 ms)

Prepare: number of updated asset objects reloaded= 0
========================================================================
Received Prepare
Refreshing native plugins compatible for Editor in 23.61 ms, found 6 plugins.
Preloading 0 native plugins for Editor in 0.00 ms.
Unloading 4 Unused Serialized files (Serialized files now loaded: 0)
Unloading 3638 unused Assets / (1.2 MB). Loaded Objects now: 4152.
Memory consumption went from 87.5 MB to 86.3 MB.
Total: 18.896400 ms (FindLiveObjects: 0.786400 ms CreateObjectMapping: 0.381700 ms MarkObjects: 16.321800 ms  DeleteObjects: 1.404100 ms)

Prepare: number of updated asset objects reloaded= 0
========================================================================
Received Prepare
Refreshing native plugins compatible for Editor in 19.43 ms, found 6 plugins.
Preloading 0 native plugins for Editor in 0.00 ms.
Unloading 4 Unused Serialized files (Serialized files now loaded: 0)
Unloading 3638 unused Assets / (1.4 MB). Loaded Objects now: 4152.
Memory consumption went from 87.5 MB to 86.1 MB.
Total: 12.693600 ms (FindLiveObjects: 0.400300 ms CreateObjectMapping: 0.291500 ms MarkObjects: 10.664100 ms  DeleteObjects: 1.335300 ms)

Prepare: number of updated asset objects reloaded= 0
========================================================================
Received Prepare
Refreshing native plugins compatible for Editor in 27.11 ms, found 6 plugins.
Preloading 0 native plugins for Editor in 0.00 ms.
Unloading 4 Unused Serialized files (Serialized files now loaded: 0)
Unloading 3638 unused Assets / (1.3 MB). Loaded Objects now: 4152.
Memory consumption went from 87.5 MB to 86.2 MB.
Total: 19.835000 ms (FindLiveObjects: 0.769400 ms CreateObjectMapping: 0.355300 ms MarkObjects: 16.467900 ms  DeleteObjects: 2.239500 ms)

Prepare: number of updated asset objects reloaded= 0
========================================================================
Received Prepare
Refreshing native plugins compatible for Editor in 20.16 ms, found 6 plugins.
Preloading 0 native plugins for Editor in 0.00 ms.
Unloading 4 Unused Serialized files (Serialized files now loaded: 0)
Unloading 3638 unused Assets / (1.4 MB). Loaded Objects now: 4152.
Memory consumption went from 87.5 MB to 86.1 MB.
Total: 14.674700 ms (FindLiveObjects: 0.372000 ms CreateObjectMapping: 0.327600 ms MarkObjects: 12.675500 ms  DeleteObjects: 1.298200 ms)

Prepare: number of updated asset objects reloaded= 0
========================================================================
Received Prepare
Refreshing native plugins compatible for Editor in 116.41 ms, found 6 plugins.
Preloading 0 native plugins for Editor in 0.00 ms.
Unloading 4 Unused Serialized files (Serialized files now loaded: 0)
Unloading 3638 unused Assets / (1.2 MB). Loaded Objects now: 4152.
Memory consumption went from 87.5 MB to 86.3 MB.
Total: 62.105000 ms (FindLiveObjects: 4.454100 ms CreateObjectMapping: 2.303300 ms MarkObjects: 51.492500 ms  DeleteObjects: 3.852400 ms)

Prepare: number of updated asset objects reloaded= 0
========================================================================
Received Prepare
Refreshing native plugins compatible for Editor in 118.06 ms, found 6 plugins.
Preloading 0 native plugins for Editor in 0.00 ms.
Unloading 4 Unused Serialized files (Serialized files now loaded: 0)
Unloading 3638 unused Assets / (1.0 MB). Loaded Objects now: 4152.
Memory consumption went from 87.5 MB to 86.5 MB.
Total: 46.159600 ms (FindLiveObjects: 1.495500 ms CreateObjectMapping: 1.333000 ms MarkObjects: 36.757400 ms  DeleteObjects: 6.569300 ms)

Prepare: number of updated asset objects reloaded= 0
========================================================================
Received Prepare
Begin MonoManager ReloadAssembly
Assembly 'Assets/PlayServicesResolver/Editor/Google.JarResolver_v1.2.59.0.dll' will not be loaded due to errors:
Assembly name 'Google.JarResolver' does not match file name 'Google.JarResolver_v1.2.59.0'
Assembly 'Assets/PlayServicesResolver/Editor/Google.IOSResolver_v1.2.59.0.dll' will not be loaded due to errors:
Unable to resolve reference 'UnityEditor.iOS.Extensions.Xcode'. Is the assembly missing or incompatible with the current platform?
Reference validation can be disabled in the Plugin Inspector.
Assembly name 'Google.IOSResolver' does not match file name 'Google.IOSResolver_v1.2.59.0'
Assembly 'Assets/PlayServicesResolver/Editor/Google.VersionHandlerImpl_v1.2.59.0.dll' will not be loaded due to errors:
Assembly name 'Google.VersionHandlerImpl' does not match file name 'Google.VersionHandlerImpl_v1.2.59.0'
- Loaded All Assemblies, in  1.166 seconds
Refreshing native plugins compatible for Editor in 25.03 ms, found 6 plugins.
Native extension for Android target not found
Native extension for WindowsStandalone target not found
[Package Manager] Failed to launch server process. Reason: Unity was launched with the -noUpm command-line argument
[Package Manager] Unable to send message (not connected to server process).
[Package Manager] Cannot connect to Unity Package Manager local server
Non-secure network connections disabled in Player Settings
UnityEngine.Debug:ExtractStackTraceNoAlloc (byte*,int,string)
UnityEngine.StackTraceUtility:ExtractStackTrace ()
UnityEngine.Networking.UnityWebRequest:BeginWebRequest ()
UnityEngine.Networking.UnityWebRequest:SendWebRequest ()
UnityEngine.WWW:.ctor (string)
JMOAssets.JMOAssets_Menu:StartDownload ()
JMOAssets.JMOAssets_Menu:CheckStartupUpdate ()
JMOAssets.JMOAssets_Menu:.cctor ()
System.Runtime.CompilerServices.RuntimeHelpers:RunClassConstructor (System.RuntimeTypeHandle)
UnityEditor.EditorAssemblies:ProcessInitializeOnLoadAttributes (System.Type[])

[C:\build\output\unity\unity\Modules\UnityWebRequest\Public\Prototypes\UnityWebRequestProto.h line 519]

System.InvalidOperationException: Insecure connection not allowed
  at (wrapper managed-to-native) UnityEngine.Networking.UnityWebRequest.BeginWebRequest_Injected(intptr)
  at UnityEngine.Networking.UnityWebRequest.BeginWebRequest () [0x0000f] in <a5693f6f1faf4f39a6c9cefc1a5b2555>:0 
  at UnityEngine.Networking.UnityWebRequest.SendWebRequest () [0x00001] in <a5693f6f1faf4f39a6c9cefc1a5b2555>:0 
  at UnityEngine.WWW..ctor (System.String url) [0x00014] in <37916183dd3c4f44ab9cf13ab9ae239c>:0 
  at JMOAssets.JMOAssets_Menu.StartDownload () [0x00013] in <a7aa7c6095e5420583c7f523f7294ab4>:0 
  at JMOAssets.JMOAssets_Menu.CheckStartupUpdate () [0x00001] in <a7aa7c6095e5420583c7f523f7294ab4>:0 
  at JMOAssets.JMOAssets_Menu..cctor () [0x000a1] in <a7aa7c6095e5420583c7f523f7294ab4>:0 
UnityEngine.Debug:ExtractStackTraceNoAlloc (byte*,int,string)
UnityEngine.StackTraceUtility:ExtractStackTrace ()
UnityEngine.DebugLogHandler:Internal_Log (UnityEngine.LogType,UnityEngine.LogOption,string,UnityEngine.Object)
UnityEngine.DebugLogHandler:LogFormat (UnityEngine.LogType,UnityEngine.Object,string,object[])
UnityEngine.Logger:Log (UnityEngine.LogType,object)
UnityEngine.Debug:LogError (object)
UnityEditor.EditorAssemblies:ProcessInitializeOnLoadAttributes (System.Type[])

Mono: successfully reloaded assembly
- Finished resetting the current domain, in  1.395 seconds
Domain Reload Profiling: 2557ms
	BeginReloadAssembly (314ms)
		ExecutionOrderSort (0ms)
		DisableScriptedObjects (7ms)
		BackupInstance (0ms)
		ReleaseScriptingObjects (0ms)
		CreateAndSetChildDomain (73ms)
	RebuildCommonClasses (53ms)
	RebuildNativeTypeToScriptingClass (19ms)
	initialDomainReloadingComplete (56ms)
	LoadAllAssembliesAndSetupDomain (719ms)
		LoadAssemblies (714ms)
		RebuildTransferFunctionScriptingTraits (0ms)
		AnalyzeDomain (176ms)
			TypeCache.Refresh (10ms)
				TypeCache.ScanAssembly (0ms)
			BuildScriptInfoCaches (156ms)
			ResolveRequiredComponents (4ms)
	FinalizeReload (1397ms)
		ReleaseScriptCaches (0ms)
		RebuildScriptCaches (0ms)
		SetupLoadedEditorAssemblies (1185ms)
			LogAssemblyErrors (0ms)
			InitializePlatformSupportModulesInManaged (19ms)
			SetLoadedEditorAssemblies (7ms)
			BeforeProcessingInitializeOnLoad (225ms)
			ProcessInitializeOnLoadAttributes (666ms)
			ProcessInitializeOnLoadMethodAttributes (258ms)
			AfterProcessingInitializeOnLoad (11ms)
			EditorAssembliesLoaded (0ms)
		ExecutionOrderSort2 (0ms)
		AwakeInstancesAfterBackupRestoration (13ms)
Refreshing native plugins compatible for Editor in 19.82 ms, found 6 plugins.
Preloading 0 native plugins for Editor in 0.00 ms.
Unloading 4 Unused Serialized files (Serialized files now loaded: 0)
Unloading 3740 unused Assets / (1.4 MB). Loaded Objects now: 4154.
Memory consumption went from 87.9 MB to 86.5 MB.
Total: 15.152100 ms (FindLiveObjects: 1.230100 ms CreateObjectMapping: 0.427000 ms MarkObjects: 11.876900 ms  DeleteObjects: 1.616400 ms)

Prepare: number of updated asset objects reloaded= 0
========================================================================
Received Prepare
Begin MonoManager ReloadAssembly
Assembly 'Assets/PlayServicesResolver/Editor/Google.JarResolver_v1.2.59.0.dll' will not be loaded due to errors:
Assembly name 'Google.JarResolver' does not match file name 'Google.JarResolver_v1.2.59.0'
Assembly 'Assets/PlayServicesResolver/Editor/Google.IOSResolver_v1.2.59.0.dll' will not be loaded due to errors:
Unable to resolve reference 'UnityEditor.iOS.Extensions.Xcode'. Is the assembly missing or incompatible with the current platform?
Reference validation can be disabled in the Plugin Inspector.
Assembly name 'Google.IOSResolver' does not match file name 'Google.IOSResolver_v1.2.59.0'
Assembly 'Assets/PlayServicesResolver/Editor/Google.VersionHandlerImpl_v1.2.59.0.dll' will not be loaded due to errors:
Assembly name 'Google.VersionHandlerImpl' does not match file name 'Google.VersionHandlerImpl_v1.2.59.0'
- Loaded All Assemblies, in  1.084 seconds
Refreshing native plugins compatible for Editor in 21.73 ms, found 6 plugins.
Native extension for Android target not found
Native extension for WindowsStandalone target not found
[Package Manager] Failed to launch server process. Reason: Unity was launched with the -noUpm command-line argument
[Package Manager] Unable to send message (not connected to server process).
[Package Manager] Cannot connect to Unity Package Manager local server
Non-secure network connections disabled in Player Settings
UnityEngine.Debug:ExtractStackTraceNoAlloc (byte*,int,string)
UnityEngine.StackTraceUtility:ExtractStackTrace ()
UnityEngine.Networking.UnityWebRequest:BeginWebRequest ()
UnityEngine.Networking.UnityWebRequest:SendWebRequest ()
UnityEngine.WWW:.ctor (string)
JMOAssets.JMOAssets_Menu:StartDownload ()
JMOAssets.JMOAssets_Menu:CheckStartupUpdate ()
JMOAssets.JMOAssets_Menu:.cctor ()
System.Runtime.CompilerServices.RuntimeHelpers:RunClassConstructor (System.RuntimeTypeHandle)
UnityEditor.EditorAssemblies:ProcessInitializeOnLoadAttributes (System.Type[])

[C:\build\output\unity\unity\Modules\UnityWebRequest\Public\Prototypes\UnityWebRequestProto.h line 519]

System.InvalidOperationException: Insecure connection not allowed
  at (wrapper managed-to-native) UnityEngine.Networking.UnityWebRequest.BeginWebRequest_Injected(intptr)
  at UnityEngine.Networking.UnityWebRequest.BeginWebRequest () [0x0000f] in <a5693f6f1faf4f39a6c9cefc1a5b2555>:0 
  at UnityEngine.Networking.UnityWebRequest.SendWebRequest () [0x00001] in <a5693f6f1faf4f39a6c9cefc1a5b2555>:0 
  at UnityEngine.WWW..ctor (System.String url) [0x00014] in <37916183dd3c4f44ab9cf13ab9ae239c>:0 
  at JMOAssets.JMOAssets_Menu.StartDownload () [0x00013] in <a7aa7c6095e5420583c7f523f7294ab4>:0 
  at JMOAssets.JMOAssets_Menu.CheckStartupUpdate () [0x00001] in <a7aa7c6095e5420583c7f523f7294ab4>:0 
  at JMOAssets.JMOAssets_Menu..cctor () [0x000a1] in <a7aa7c6095e5420583c7f523f7294ab4>:0 
UnityEngine.Debug:ExtractStackTraceNoAlloc (byte*,int,string)
UnityEngine.StackTraceUtility:ExtractStackTrace ()
UnityEngine.DebugLogHandler:Internal_Log (UnityEngine.LogType,UnityEngine.LogOption,string,UnityEngine.Object)
UnityEngine.DebugLogHandler:LogFormat (UnityEngine.LogType,UnityEngine.Object,string,object[])
UnityEngine.Logger:Log (UnityEngine.LogType,object)
UnityEngine.Debug:LogError (object)
UnityEditor.EditorAssemblies:ProcessInitializeOnLoadAttributes (System.Type[])

Mono: successfully reloaded assembly
- Finished resetting the current domain, in  1.417 seconds
Domain Reload Profiling: 2496ms
	BeginReloadAssembly (291ms)
		ExecutionOrderSort (0ms)
		DisableScriptedObjects (8ms)
		BackupInstance (0ms)
		ReleaseScriptingObjects (0ms)
		CreateAndSetChildDomain (72ms)
	RebuildCommonClasses (45ms)
	RebuildNativeTypeToScriptingClass (17ms)
	initialDomainReloadingComplete (49ms)
	LoadAllAssembliesAndSetupDomain (677ms)
		LoadAssemblies (641ms)
		RebuildTransferFunctionScriptingTraits (0ms)
		AnalyzeDomain (185ms)
			TypeCache.Refresh (13ms)
				TypeCache.ScanAssembly (0ms)
			BuildScriptInfoCaches (162ms)
			ResolveRequiredComponents (4ms)
	FinalizeReload (1418ms)
		ReleaseScriptCaches (0ms)
		RebuildScriptCaches (0ms)
		SetupLoadedEditorAssemblies (1221ms)
			LogAssemblyErrors (0ms)
			InitializePlatformSupportModulesInManaged (15ms)
			SetLoadedEditorAssemblies (8ms)
			BeforeProcessingInitializeOnLoad (201ms)
			ProcessInitializeOnLoadAttributes (706ms)
			ProcessInitializeOnLoadMethodAttributes (285ms)
			AfterProcessingInitializeOnLoad (7ms)
			EditorAssembliesLoaded (0ms)
		ExecutionOrderSort2 (0ms)
		AwakeInstancesAfterBackupRestoration (11ms)
Refreshing native plugins compatible for Editor in 25.73 ms, found 6 plugins.
Preloading 0 native plugins for Editor in 0.00 ms.
Unloading 4 Unused Serialized files (Serialized files now loaded: 0)
Unloading 3740 unused Assets / (1.7 MB). Loaded Objects now: 4156.
Memory consumption went from 87.9 MB to 86.3 MB.
Total: 21.917400 ms (FindLiveObjects: 0.651400 ms CreateObjectMapping: 0.596200 ms MarkObjects: 17.977900 ms  DeleteObjects: 2.689100 ms)

Prepare: number of updated asset objects reloaded= 0
========================================================================
Received Import Request.
  Time since last request: 72.408117 seconds.
  path: Assets/Gizmos/GameAnalytics/Images/default.png
  artifactKey: Guid(0a098930e63804755878cae3eada3bd7) Importer(815301076,1909f56bfc062723c751e8b465ee728b)
Start importing Assets/Gizmos/GameAnalytics/Images/default.png using Guid(0a098930e63804755878cae3eada3bd7) Importer(815301076,1909f56bfc062723c751e8b465ee728b) (PreviewImporter) -> (artifact id: 'a0959e66ecf0823338bfaa8a73a8f6bd') in 0.137188 seconds
Number of updated asset objects reloaded before import = 0Number of asset objects unloaded after import = 2

========================================================================
Received Import Request.
  Time since last request: 8.603087 seconds.
  path: Assets/Prefabs/GAMEMANAGER.prefab
  artifactKey: Guid(7f94cefeba6372048be06e9494b6a46e) Importer(815301076,1909f56bfc062723c751e8b465ee728b)
Start importing Assets/Prefabs/GAMEMANAGER.prefab using Guid(7f94cefeba6372048be06e9494b6a46e) Importer(815301076,1909f56bfc062723c751e8b465ee728b) (PreviewImporter) -> (artifact id: '234601fa4d5d3f7a6de6292af616ef74') in 0.0337486 seconds
Number of updated asset objects reloaded before import = 0Number of asset objects unloaded after import = 5

========================================================================
Received Import Request.
  Time since last request: 10.196509 seconds.
  path: Assets/FacebookSDK/SDK/Editor
  artifactKey: Guid(10ded609d1c5d464e9a70513824163ca) Importer(2089858483,192608db42251d675da83286b1cce702)
Start importing Assets/FacebookSDK/SDK/Editor using Guid(10ded609d1c5d464e9a70513824163ca) Importer(2089858483,192608db42251d675da83286b1cce702) (ScriptedImporter) -> (artifact id: 'f6fcba60fc50104b3cbe0cc04f0d71c0') in 0.0996244 seconds
Number of updated asset objects reloaded before import = 0Number of asset objects unloaded after import = 1

========================================================================
Received Import Request.
  Time since last request: 0.000070 seconds.
  path: Assets/FacebookSDK/Plugins
  artifactKey: Guid(5edbb05b07efe29499bdfbb9792fee8e) Importer(2089858483,192608db42251d675da83286b1cce702)
Start importing Assets/FacebookSDK/Plugins using Guid(5edbb05b07efe29499bdfbb9792fee8e) Importer(2089858483,192608db42251d675da83286b1cce702) (ScriptedImporter) -> (artifact id: 'd6dd3d3dc460cda93b9b874407a84089') in 0.0060778 seconds
Number of updated asset objects reloaded before import = 0Number of asset objects unloaded after import = 1

========================================================================
Received Import Request.
  Time since last request: 0.000083 seconds.
  path: Assets/FacebookSDK/Examples
  artifactKey: Guid(b1d37c30f05778749a23a9282148492a) Importer(2089858483,192608db42251d675da83286b1cce702)
Start importing Assets/FacebookSDK/Examples using Guid(b1d37c30f05778749a23a9282148492a) Importer(2089858483,192608db42251d675da83286b1cce702) (ScriptedImporter) -> (artifact id: 'd4bdff8c6c0656c05315a8c5a94bbd1f') in 0.0076928 seconds
Number of updated asset objects reloaded before import = 0Number of asset objects unloaded after import = 1

========================================================================
Received Import Request.
  Time since last request: 0.000067 seconds.
  path: Assets/FacebookSDK/Plugins/iOS/FBSDKCoreKit.framework
  artifactKey: Guid(c5ac7607d823bcc42bbcfab37dc71424) Importer(2089858483,192608db42251d675da83286b1cce702)
Start importing Assets/FacebookSDK/Plugins/iOS/FBSDKCoreKit.framework using Guid(c5ac7607d823bcc42bbcfab37dc71424) Importer(2089858483,192608db42251d675da83286b1cce702) (ScriptedImporter) -> (artifact id: '6a708b9a177f06840dbb0ea4edae3343') in 0.060289 seconds
Number of updated asset objects reloaded before import = 0Number of asset objects unloaded after import = 0

========================================================================
Received Import Request.
  Time since last request: 0.000085 seconds.
  path: Assets/FacebookSDK/SDK
  artifactKey: Guid(19e185fc5c13fe84ab9f3645da8211ff) Importer(2089858483,192608db42251d675da83286b1cce702)
Start importing Assets/FacebookSDK/SDK using Guid(19e185fc5c13fe84ab9f3645da8211ff) Importer(2089858483,192608db42251d675da83286b1cce702) (ScriptedImporter) -> (artifact id: 'e906c4b4c878427966220a0d1300d65c') in 0.0067975 seconds
Number of updated asset objects reloaded before import = 0Number of asset objects unloaded after import = 1

========================================================================
Received Prepare
Begin MonoManager ReloadAssembly
[Licensing::Client] Successfully resolved entitlement details
[Licensing::Module] License group:
  Id: F4-6VBU-GQ76-3YAQ-GU2D-XXXX
  Product: Unity Personal
  Type: ULF
  Expiration: Unlimited
[Licensing::Module] License group:
  Id: 3440655-UnityPersXXXX
  Product: Unity Personal
  Type: Assigned
  Expiration: Unlimited
Assembly 'Assets/PlayServicesResolver/Editor/Google.JarResolver_v1.2.59.0.dll' will not be loaded due to errors:
Assembly name 'Google.JarResolver' does not match file name 'Google.JarResolver_v1.2.59.0'
Assembly 'Assets/PlayServicesResolver/Editor/Google.IOSResolver_v1.2.59.0.dll' will not be loaded due to errors:
Unable to resolve reference 'UnityEditor.iOS.Extensions.Xcode'. Is the assembly missing or incompatible with the current platform?
Reference validation can be disabled in the Plugin Inspector.
Assembly name 'Google.IOSResolver' does not match file name 'Google.IOSResolver_v1.2.59.0'
Assembly 'Assets/PlayServicesResolver/Editor/Google.VersionHandlerImpl_v1.2.59.0.dll' will not be loaded due to errors:
Assembly name 'Google.VersionHandlerImpl' does not match file name 'Google.VersionHandlerImpl_v1.2.59.0'
- Loaded All Assemblies, in  1.104 seconds
Refreshing native plugins compatible for Editor in 23.80 ms, found 6 plugins.
Native extension for Android target not found
Native extension for WindowsStandalone target not found
[Package Manager] Failed to launch server process. Reason: Unity was launched with the -noUpm command-line argument
[Package Manager] Unable to send message (not connected to server process).
[Package Manager] Cannot connect to Unity Package Manager local server
Non-secure network connections disabled in Player Settings
UnityEngine.Debug:ExtractStackTraceNoAlloc (byte*,int,string)
UnityEngine.StackTraceUtility:ExtractStackTrace ()
UnityEngine.Networking.UnityWebRequest:BeginWebRequest ()
UnityEngine.Networking.UnityWebRequest:SendWebRequest ()
UnityEngine.WWW:.ctor (string)
JMOAssets.JMOAssets_Menu:StartDownload ()
JMOAssets.JMOAssets_Menu:CheckStartupUpdate ()
JMOAssets.JMOAssets_Menu:.cctor ()
System.Runtime.CompilerServices.RuntimeHelpers:RunClassConstructor (System.RuntimeTypeHandle)
UnityEditor.EditorAssemblies:ProcessInitializeOnLoadAttributes (System.Type[])

[C:\build\output\unity\unity\Modules\UnityWebRequest\Public\Prototypes\UnityWebRequestProto.h line 519]

System.InvalidOperationException: Insecure connection not allowed
  at (wrapper managed-to-native) UnityEngine.Networking.UnityWebRequest.BeginWebRequest_Injected(intptr)
  at UnityEngine.Networking.UnityWebRequest.BeginWebRequest () [0x0000f] in <a5693f6f1faf4f39a6c9cefc1a5b2555>:0 
  at UnityEngine.Networking.UnityWebRequest.SendWebRequest () [0x00001] in <a5693f6f1faf4f39a6c9cefc1a5b2555>:0 
  at UnityEngine.WWW..ctor (System.String url) [0x00014] in <37916183dd3c4f44ab9cf13ab9ae239c>:0 
  at JMOAssets.JMOAssets_Menu.StartDownload () [0x00013] in <a7aa7c6095e5420583c7f523f7294ab4>:0 
  at JMOAssets.JMOAssets_Menu.CheckStartupUpdate () [0x00001] in <a7aa7c6095e5420583c7f523f7294ab4>:0 
  at JMOAssets.JMOAssets_Menu..cctor () [0x000a1] in <a7aa7c6095e5420583c7f523f7294ab4>:0 
UnityEngine.Debug:ExtractStackTraceNoAlloc (byte*,int,string)
UnityEngine.StackTraceUtility:ExtractStackTrace ()
UnityEngine.DebugLogHandler:Internal_Log (UnityEngine.LogType,UnityEngine.LogOption,string,UnityEngine.Object)
UnityEngine.DebugLogHandler:LogFormat (UnityEngine.LogType,UnityEngine.Object,string,object[])
UnityEngine.Logger:Log (UnityEngine.LogType,object)
UnityEngine.Debug:LogError (object)
UnityEditor.EditorAssemblies:ProcessInitializeOnLoadAttributes (System.Type[])

Mono: successfully reloaded assembly
- Finished resetting the current domain, in  1.402 seconds
Domain Reload Profiling: 2504ms
	BeginReloadAssembly (309ms)
		ExecutionOrderSort (0ms)
		DisableScriptedObjects (9ms)
		BackupInstance (0ms)
		ReleaseScriptingObjects (0ms)
		CreateAndSetChildDomain (91ms)
	RebuildCommonClasses (50ms)
	RebuildNativeTypeToScriptingClass (17ms)
	initialDomainReloadingComplete (53ms)
	LoadAllAssembliesAndSetupDomain (672ms)
		LoadAssemblies (628ms)
		RebuildTransferFunctionScriptingTraits (0ms)
		AnalyzeDomain (188ms)
			TypeCache.Refresh (16ms)
				TypeCache.ScanAssembly (0ms)
			BuildScriptInfoCaches (158ms)
			ResolveRequiredComponents (7ms)
	FinalizeReload (1403ms)
		ReleaseScriptCaches (0ms)
		RebuildScriptCaches (0ms)
		SetupLoadedEditorAssemblies (1223ms)
			LogAssemblyErrors (0ms)
			InitializePlatformSupportModulesInManaged (23ms)
			SetLoadedEditorAssemblies (8ms)
			BeforeProcessingInitializeOnLoad (227ms)
			ProcessInitializeOnLoadAttributes (660ms)
			ProcessInitializeOnLoadMethodAttributes (295ms)
			AfterProcessingInitializeOnLoad (9ms)
			EditorAssembliesLoaded (1ms)
		ExecutionOrderSort2 (0ms)
		AwakeInstancesAfterBackupRestoration (10ms)
Refreshing native plugins compatible for Editor in 25.09 ms, found 6 plugins.
Preloading 0 native plugins for Editor in 0.00 ms.
Unloading 4 Unused Serialized files (Serialized files now loaded: 0)
Unloading 3740 unused Assets / (1.4 MB). Loaded Objects now: 4161.
Memory consumption went from 88.2 MB to 86.8 MB.
Total: 16.199600 ms (FindLiveObjects: 0.461900 ms CreateObjectMapping: 0.307900 ms MarkObjects: 14.124400 ms  DeleteObjects: 1.303800 ms)

Prepare: number of updated asset objects reloaded= 0
Editor requested this worker to shutdown with reason: Scaling down because of idle timeout
AssetImportWorker is now disconnected from the server
Process exiting
Exiting without the bug reporter. Application will terminate with return code 0