[Licensing::Module] Trying to connect to existing licensing client channel...
Built from '6000.2/respin/6000.2.6f2-cc51a95c03' branch; Version is '6000.2.6f2 (4a4dcaec6541) revision 4869578'; Using compiler version '194234433'; Build Type 'Release'
[Licensing::IpcConnector] Successfully connected to: "LicenseClient-Arnaud" at "2025-11-18T15:56:08.6619897Z"
OS: 'Windows 11  (10.0.26100) 64bit Core' Language: 'fr' Physical Memory: 16003 MB
BatchMode: 1, IsHumanControllingUs: 0, StartBugReporterOnCrash: 0, Is64bit: 1
Date: 2025-11-18T15:56:08Z

COMMAND LINE ARGUMENTS:
C:\Program Files\Unity\Hub\Editor\6000.2.6f2\Editor\Unity.exe
-adb2
-batchMode
-noUpm
-name
AssetImportWorker4
-projectPath
C:/Users/Arnaud/Desktop/Jeux/UTILISABLE/Gravity Ball
-logFile
Logs/AssetImportWorker4.log
-srvPort
59155
-job-worker-count
9
-background-job-worker-count
8
-gc-helper-count
1
-name
AssetImport
Successfully changed project path to: C:/Users/Arnaud/Desktop/Jeux/UTILISABLE/Gravity Ball
C:/Users/Arnaud/Desktop/Jeux/UTILISABLE/Gravity Ball
[UnityMemory] Configuration Parameters - Can be set up in boot.config
    "memorysetup-allocator-temp-initial-block-size-main=262144"
    "memorysetup-allocator-temp-initial-block-size-worker=262144"
    "memorysetup-bucket-allocator-granularity=16"
    "memorysetup-bucket-allocator-bucket-count=8"
    "memorysetup-bucket-allocator-block-size=33554432"
    "memorysetup-bucket-allocator-block-count=8"
    "memorysetup-main-allocator-block-size=16777216"
    "memorysetup-thread-allocator-block-size=16777216"
    "memorysetup-gfx-main-allocator-block-size=16777216"
    "memorysetup-gfx-thread-allocator-block-size=16777216"
    "memorysetup-cache-allocator-block-size=4194304"
    "memorysetup-typetree-allocator-block-size=2097152"
    "memorysetup-profiler-bucket-allocator-granularity=16"
    "memorysetup-profiler-bucket-allocator-bucket-count=8"
    "memorysetup-profiler-bucket-allocator-block-size=33554432"
    "memorysetup-profiler-bucket-allocator-block-count=8"
    "memorysetup-profiler-allocator-block-size=16777216"
    "memorysetup-profiler-editor-allocator-block-size=1048576"
    "memorysetup-temp-allocator-size-main=16777216"
    "memorysetup-job-temp-allocator-block-size=2097152"
    "memorysetup-job-temp-allocator-block-size-background=1048576"
    "memorysetup-job-temp-allocator-reduction-small-platforms=262144"
    "memorysetup-temp-allocator-size-background-worker=32768"
    "memorysetup-temp-allocator-size-job-worker=262144"
    "memorysetup-temp-allocator-size-preload-manager=33554432"
    "memorysetup-temp-allocator-size-nav-mesh-worker=65536"
    "memorysetup-temp-allocator-size-audio-worker=65536"
    "memorysetup-temp-allocator-size-cloud-worker=32768"
    "memorysetup-temp-allocator-size-gi-baking-worker=262144"
    "memorysetup-temp-allocator-size-gi-baking-worker=262144"
    "memorysetup-temp-allocator-size-gi-baking-worker=262144"
    "memorysetup-temp-allocator-size-gi-baking-worker=262144"
    "memorysetup-temp-allocator-size-gi-baking-worker=262144"
    "memorysetup-temp-allocator-size-gfx=262144"
Player connection [23628]  Target information:

Player connection [23628]  * "[IP] 192.168.1.8 [Port] 0 [Flags] 2 [Guid] 3188570391 [EditorId] 3188570391 [Version] 1048832 [Id] WindowsEditor(7,Arnaud_PROFIZI) [Debug] 1 [PackageName] WindowsEditor [ProjectName] Editor" 

Player connection [23628] Host joined multi-casting on [225.0.0.222:54997]...
Player connection [23628] Host joined alternative multi-casting on [225.0.0.222:34997]...
JobSystem: Creating JobQueue using job-worker-count value 9
Input System module state changed to: Initialized.
[Physics::Module] Initialized fallback backend.
[Physics::Module] Id: 0xdecafbad
[Licensing::Client] Code 10 while verifying Licensing Client signature (process Id: 22452, path: "C:/Program Files/Unity Hub/UnityLicensingClient_V1/Unity.Licensing.Client.exe")
[Licensing::Module] LicensingClient has failed validation; ignoring
[Licensing::Client] Handshaking with LicensingClient:
  Version:                 1.17.3+a4e98f1
  Session Id:              1453fe7e603647beae2590506c830d3e
  Correlation Id:          f351cb76cf55c26f2c17ac6148d151f4
  External correlation Id: 2404210490247328228
  Machine Id:              awmg4jTre1CIWEk5EKMpWOv7aIc=
[Licensing::Module] Successfully connected to LicensingClient on channel: "LicenseClient-Arnaud" (connect: 0.00s, validation: 0.00s, handshake: 0.10s)
[Licensing::IpcConnector] Successfully connected to: "LicenseClient-Arnaud-notifications" at "2025-11-18T15:56:08.7619127Z"
[Licensing::Module] Licensing Background thread has ended after 0.10s
Library Redirect Path: Library/
[Physics::Module] Selected backend.
[Physics::Module] Name: PhysX
[Physics::Module] Id: 0xf2b8ea05
[Physics::Module] SDK Version: 4.1.2
[Physics::Module] Integration Version: 1.0.0
[Physics::Module] Threading Mode: Multi-Threaded
Refreshing native plugins compatible for Editor in 57.49 ms, found 6 plugins.
Preloading 0 native plugins for Editor in 0.00 ms.
Initialize engine version: 6000.2.6f2 (4a4dcaec6541)
[Subsystems] Discovering subsystems at path C:/Program Files/Unity/Hub/Editor/6000.2.6f2/Editor/Data/Resources/UnitySubsystems
[Subsystems] Discovering subsystems at path C:/Users/Arnaud/Desktop/Jeux/UTILISABLE/Gravity Ball/Assets
GfxDevice: creating device client; kGfxThreadingModeNonThreaded
Direct3D:
    Version:  Direct3D 11.0 [level 11.1]
    Renderer: NVIDIA GeForce RTX 4050 Laptop GPU (ID=0x28e1)
    Vendor:   NVIDIA
    VRAM:     5921 MB
    Driver:   32.0.15.6607
Initialize mono
Mono path[0] = 'C:/Program Files/Unity/Hub/Editor/6000.2.6f2/Editor/Data/Managed'
Mono path[1] = 'C:/Program Files/Unity/Hub/Editor/6000.2.6f2/Editor/Data/MonoBleedingEdge/lib/mono/unityjit-win32'
Mono config path = 'C:/Program Files/Unity/Hub/Editor/6000.2.6f2/Editor/Data/MonoBleedingEdge/etc'
Using monoOptions --debugger-agent=transport=dt_socket,embedding=1,server=y,suspend=n,address=127.0.0.1:56548
Begin MonoManager ReloadAssembly
Registering precompiled unity dll's ...
Register platform support module: C:/Program Files/Unity/Hub/Editor/6000.2.6f2/Editor/Data/PlaybackEngines/WindowsStandaloneSupport/UnityEditor.WindowsStandalone.Extensions.dll
[Licensing::Client] Successfully resolved entitlement details
[Licensing::Module] License group:
  Id: F4-6VBU-GQ76-3YAQ-GU2D-XXXX
  Product: Unity Personal
  Type: ULF
  Expiration: Unlimited
[Licensing::Module] License group:
  Id: 3440655-UnityPersXXXX
  Product: Unity Personal
  Type: Assigned
  Expiration: Unlimited
Register platform support module: C:/Program Files/Unity/Hub/Editor/6000.2.6f2/Editor/Data/PlaybackEngines/AndroidPlayer/UnityEditor.Android.Extensions.dll
Registered in 0.013930 seconds.
- Loaded All Assemblies, in  1.079 seconds
Native extension for Android target not found
Android Extension - Scanning For ADB Devices 1858 ms
Native extension for WindowsStandalone target not found
Mono: successfully reloaded assembly
- Finished resetting the current domain, in  2.670 seconds
Domain Reload Profiling: 3742ms
	BeginReloadAssembly (342ms)
		ExecutionOrderSort (0ms)
		DisableScriptedObjects (0ms)
		BackupInstance (0ms)
		ReleaseScriptingObjects (0ms)
		CreateAndSetChildDomain (1ms)
	RebuildCommonClasses (99ms)
	RebuildNativeTypeToScriptingClass (28ms)
	initialDomainReloadingComplete (149ms)
	LoadAllAssembliesAndSetupDomain (455ms)
		LoadAssemblies (337ms)
		RebuildTransferFunctionScriptingTraits (0ms)
		AnalyzeDomain (444ms)
			TypeCache.Refresh (440ms)
				TypeCache.ScanAssembly (408ms)
			BuildScriptInfoCaches (0ms)
			ResolveRequiredComponents (1ms)
	FinalizeReload (2670ms)
		ReleaseScriptCaches (0ms)
		RebuildScriptCaches (0ms)
		SetupLoadedEditorAssemblies (2599ms)
			LogAssemblyErrors (0ms)
			InitializePlatformSupportModulesInManaged (2172ms)
			SetLoadedEditorAssemblies (8ms)
			BeforeProcessingInitializeOnLoad (142ms)
			ProcessInitializeOnLoadAttributes (203ms)
			ProcessInitializeOnLoadMethodAttributes (74ms)
			AfterProcessingInitializeOnLoad (0ms)
			EditorAssembliesLoaded (0ms)
		ExecutionOrderSort2 (0ms)
		AwakeInstancesAfterBackupRestoration (0ms)
========================================================================
Worker process is ready to serve import requests
Import Worker Mode flag is 0x00
Begin MonoManager ReloadAssembly
[Licensing::Client] Successfully resolved entitlement details
[Licensing::Module] License group:
  Id: F4-6VBU-GQ76-3YAQ-GU2D-XXXX
  Product: Unity Personal
  Type: ULF
  Expiration: Unlimited
[Licensing::Module] License group:
  Id: 3440655-UnityPersXXXX
  Product: Unity Personal
  Type: Assigned
  Expiration: Unlimited
Assembly 'Assets/PlayServicesResolver/Editor/Google.JarResolver_v1.2.59.0.dll' will not be loaded due to errors:
Assembly name 'Google.JarResolver' does not match file name 'Google.JarResolver_v1.2.59.0'
Assembly 'Assets/PlayServicesResolver/Editor/Google.IOSResolver_v1.2.59.0.dll' will not be loaded due to errors:
Unable to resolve reference 'UnityEditor.iOS.Extensions.Xcode'. Is the assembly missing or incompatible with the current platform?
Reference validation can be disabled in the Plugin Inspector.
Assembly name 'Google.IOSResolver' does not match file name 'Google.IOSResolver_v1.2.59.0'
Assembly 'Assets/PlayServicesResolver/Editor/Google.VersionHandlerImpl_v1.2.59.0.dll' will not be loaded due to errors:
Assembly name 'Google.VersionHandlerImpl' does not match file name 'Google.VersionHandlerImpl_v1.2.59.0'
- Loaded All Assemblies, in  1.149 seconds
Refreshing native plugins compatible for Editor in 17.44 ms, found 6 plugins.
Native extension for Android target not found
Native extension for WindowsStandalone target not found
Package Manager log level set to [2]
[Package Manager] Failed to launch server process. Reason: Unity was launched with the -noUpm command-line argument
[Package Manager] Unable to send message (not connected to server process).
[Package Manager] Cannot connect to Unity Package Manager local server
Non-secure network connections disabled in Player Settings
UnityEngine.Debug:ExtractStackTraceNoAlloc (byte*,int,string)
UnityEngine.StackTraceUtility:ExtractStackTrace ()
UnityEngine.Networking.UnityWebRequest:BeginWebRequest ()
UnityEngine.Networking.UnityWebRequest:SendWebRequest ()
UnityEngine.WWW:.ctor (string)
JMOAssets.JMOAssets_Menu:StartDownload ()
JMOAssets.JMOAssets_Menu:CheckStartupUpdate ()
JMOAssets.JMOAssets_Menu:.cctor ()
System.Runtime.CompilerServices.RuntimeHelpers:RunClassConstructor (System.RuntimeTypeHandle)
UnityEditor.EditorAssemblies:ProcessInitializeOnLoadAttributes (System.Type[])

[C:\build\output\unity\unity\Modules\UnityWebRequest\Public\Prototypes\UnityWebRequestProto.h line 519]

System.InvalidOperationException: Insecure connection not allowed
  at (wrapper managed-to-native) UnityEngine.Networking.UnityWebRequest.BeginWebRequest_Injected(intptr)
  at UnityEngine.Networking.UnityWebRequest.BeginWebRequest () [0x0000f] in <a5693f6f1faf4f39a6c9cefc1a5b2555>:0 
  at UnityEngine.Networking.UnityWebRequest.SendWebRequest () [0x00001] in <a5693f6f1faf4f39a6c9cefc1a5b2555>:0 
  at UnityEngine.WWW..ctor (System.String url) [0x00014] in <37916183dd3c4f44ab9cf13ab9ae239c>:0 
  at JMOAssets.JMOAssets_Menu.StartDownload () [0x00013] in <a7aa7c6095e5420583c7f523f7294ab4>:0 
  at JMOAssets.JMOAssets_Menu.CheckStartupUpdate () [0x00001] in <a7aa7c6095e5420583c7f523f7294ab4>:0 
  at JMOAssets.JMOAssets_Menu..cctor () [0x000a1] in <a7aa7c6095e5420583c7f523f7294ab4>:0 
UnityEngine.Debug:ExtractStackTraceNoAlloc (byte*,int,string)
UnityEngine.StackTraceUtility:ExtractStackTrace ()
UnityEngine.DebugLogHandler:Internal_Log (UnityEngine.LogType,UnityEngine.LogOption,string,UnityEngine.Object)
UnityEngine.DebugLogHandler:LogFormat (UnityEngine.LogType,UnityEngine.Object,string,object[])
UnityEngine.Logger:Log (UnityEngine.LogType,object)
UnityEngine.Debug:LogError (object)
UnityEditor.EditorAssemblies:ProcessInitializeOnLoadAttributes (System.Type[])

Mono: successfully reloaded assembly
- Finished resetting the current domain, in  1.274 seconds
Domain Reload Profiling: 2416ms
	BeginReloadAssembly (286ms)
		ExecutionOrderSort (0ms)
		DisableScriptedObjects (8ms)
		BackupInstance (0ms)
		ReleaseScriptingObjects (0ms)
		CreateAndSetChildDomain (51ms)
	RebuildCommonClasses (52ms)
	RebuildNativeTypeToScriptingClass (16ms)
	initialDomainReloadingComplete (72ms)
	LoadAllAssembliesAndSetupDomain (715ms)
		LoadAssemblies (648ms)
		RebuildTransferFunctionScriptingTraits (0ms)
		AnalyzeDomain (222ms)
			TypeCache.Refresh (169ms)
				TypeCache.ScanAssembly (147ms)
			BuildScriptInfoCaches (44ms)
			ResolveRequiredComponents (4ms)
	FinalizeReload (1275ms)
		ReleaseScriptCaches (0ms)
		RebuildScriptCaches (0ms)
		SetupLoadedEditorAssemblies (1094ms)
			LogAssemblyErrors (0ms)
			InitializePlatformSupportModulesInManaged (14ms)
			SetLoadedEditorAssemblies (6ms)
			BeforeProcessingInitializeOnLoad (173ms)
			ProcessInitializeOnLoadAttributes (635ms)
			ProcessInitializeOnLoadMethodAttributes (260ms)
			AfterProcessingInitializeOnLoad (6ms)
			EditorAssembliesLoaded (0ms)
		ExecutionOrderSort2 (0ms)
		AwakeInstancesAfterBackupRestoration (10ms)
Launched and connected shader compiler UnityShaderCompiler.exe after 0.02 seconds
Refreshing native plugins compatible for Editor in 24.18 ms, found 6 plugins.
Preloading 0 native plugins for Editor in 0.00 ms.
Unloading 4 Unused Serialized files (Serialized files now loaded: 0)
Unloading 3742 unused Assets / (1.4 MB). Loaded Objects now: 4143.
Memory consumption went from 88.0 MB to 86.6 MB.
Total: 17.688900 ms (FindLiveObjects: 1.121100 ms CreateObjectMapping: 0.380900 ms MarkObjects: 14.691500 ms  DeleteObjects: 1.492500 ms)

========================================================================
Received Prepare
Refreshing native plugins compatible for Editor in 23.72 ms, found 6 plugins.
Preloading 0 native plugins for Editor in 0.00 ms.
Unloading 4 Unused Serialized files (Serialized files now loaded: 0)
Unloading 3617 unused Assets / (1.4 MB). Loaded Objects now: 4108.
Memory consumption went from 85.8 MB to 84.4 MB.
Total: 14.144900 ms (FindLiveObjects: 0.412600 ms CreateObjectMapping: 0.275000 ms MarkObjects: 11.791200 ms  DeleteObjects: 1.663900 ms)

Prepare: number of updated asset objects reloaded= 0
========================================================================
Received Prepare
Refreshing native plugins compatible for Editor in 27.18 ms, found 6 plugins.
Preloading 0 native plugins for Editor in 0.00 ms.
Unloading 4 Unused Serialized files (Serialized files now loaded: 0)
Unloading 3617 unused Assets / (1.4 MB). Loaded Objects now: 4108.
Memory consumption went from 85.7 MB to 84.4 MB.
Total: 21.072900 ms (FindLiveObjects: 0.629100 ms CreateObjectMapping: 0.390700 ms MarkObjects: 16.929500 ms  DeleteObjects: 3.120100 ms)

Prepare: number of updated asset objects reloaded= 0
========================================================================
Received Prepare
Refreshing native plugins compatible for Editor in 26.40 ms, found 6 plugins.
Preloading 0 native plugins for Editor in 0.00 ms.
Unloading 4 Unused Serialized files (Serialized files now loaded: 0)
Unloading 3617 unused Assets / (1.7 MB). Loaded Objects now: 4108.
Memory consumption went from 85.7 MB to 84.0 MB.
Total: 21.689600 ms (FindLiveObjects: 0.552800 ms CreateObjectMapping: 0.346100 ms MarkObjects: 17.350900 ms  DeleteObjects: 3.437000 ms)

Prepare: number of updated asset objects reloaded= 0
========================================================================
Received Prepare
Refreshing native plugins compatible for Editor in 25.06 ms, found 6 plugins.
Preloading 0 native plugins for Editor in 0.00 ms.
Unloading 4 Unused Serialized files (Serialized files now loaded: 0)
Unloading 3617 unused Assets / (1.3 MB). Loaded Objects now: 4108.
Memory consumption went from 85.7 MB to 84.5 MB.
Total: 17.378800 ms (FindLiveObjects: 0.384700 ms CreateObjectMapping: 0.337700 ms MarkObjects: 14.040500 ms  DeleteObjects: 2.612400 ms)

Prepare: number of updated asset objects reloaded= 0
========================================================================
Received Prepare
Refreshing native plugins compatible for Editor in 24.01 ms, found 6 plugins.
Preloading 0 native plugins for Editor in 0.00 ms.
Unloading 4 Unused Serialized files (Serialized files now loaded: 0)
Unloading 3617 unused Assets / (1.4 MB). Loaded Objects now: 4108.
Memory consumption went from 85.7 MB to 84.4 MB.
Total: 16.350100 ms (FindLiveObjects: 0.547700 ms CreateObjectMapping: 0.355200 ms MarkObjects: 14.027100 ms  DeleteObjects: 1.418100 ms)

Prepare: number of updated asset objects reloaded= 0
========================================================================
Received Prepare
Refreshing native plugins compatible for Editor in 28.53 ms, found 6 plugins.
Preloading 0 native plugins for Editor in 0.00 ms.
Unloading 4 Unused Serialized files (Serialized files now loaded: 0)
Unloading 3617 unused Assets / (1.3 MB). Loaded Objects now: 4108.
Memory consumption went from 85.7 MB to 84.4 MB.
Total: 18.464900 ms (FindLiveObjects: 0.748300 ms CreateObjectMapping: 0.366600 ms MarkObjects: 15.663300 ms  DeleteObjects: 1.684100 ms)

Prepare: number of updated asset objects reloaded= 0
========================================================================
Received Prepare
Refreshing native plugins compatible for Editor in 27.35 ms, found 6 plugins.
Preloading 0 native plugins for Editor in 0.00 ms.
Unloading 4 Unused Serialized files (Serialized files now loaded: 0)
Unloading 3617 unused Assets / (1.3 MB). Loaded Objects now: 4108.
Memory consumption went from 85.8 MB to 84.4 MB.
Total: 15.008900 ms (FindLiveObjects: 0.518100 ms CreateObjectMapping: 0.292400 ms MarkObjects: 12.732500 ms  DeleteObjects: 1.464300 ms)

Prepare: number of updated asset objects reloaded= 0
========================================================================
Received Prepare
Refreshing native plugins compatible for Editor in 22.27 ms, found 6 plugins.
Preloading 0 native plugins for Editor in 0.00 ms.
Unloading 4 Unused Serialized files (Serialized files now loaded: 0)
Unloading 3617 unused Assets / (1.1 MB). Loaded Objects now: 4108.
Memory consumption went from 85.7 MB to 84.6 MB.
Total: 14.946700 ms (FindLiveObjects: 0.671400 ms CreateObjectMapping: 0.320000 ms MarkObjects: 12.091200 ms  DeleteObjects: 1.861500 ms)

Prepare: number of updated asset objects reloaded= 0
========================================================================
Received Prepare
Refreshing native plugins compatible for Editor in 26.43 ms, found 6 plugins.
Preloading 0 native plugins for Editor in 0.00 ms.
Unloading 4 Unused Serialized files (Serialized files now loaded: 0)
Unloading 3617 unused Assets / (1.3 MB). Loaded Objects now: 4108.
Memory consumption went from 85.8 MB to 84.4 MB.
Total: 14.974100 ms (FindLiveObjects: 0.626100 ms CreateObjectMapping: 0.312700 ms MarkObjects: 12.712900 ms  DeleteObjects: 1.320700 ms)

Prepare: number of updated asset objects reloaded= 0
========================================================================
Received Prepare
Refreshing native plugins compatible for Editor in 27.48 ms, found 6 plugins.
Preloading 0 native plugins for Editor in 0.00 ms.
Unloading 4 Unused Serialized files (Serialized files now loaded: 0)
Unloading 3617 unused Assets / (1.8 MB). Loaded Objects now: 4108.
Memory consumption went from 85.7 MB to 84.0 MB.
Total: 22.048800 ms (FindLiveObjects: 0.534200 ms CreateObjectMapping: 0.619000 ms MarkObjects: 18.976500 ms  DeleteObjects: 1.917200 ms)

Prepare: number of updated asset objects reloaded= 0
========================================================================
Received Prepare
Refreshing native plugins compatible for Editor in 26.27 ms, found 6 plugins.
Preloading 0 native plugins for Editor in 0.00 ms.
Unloading 4 Unused Serialized files (Serialized files now loaded: 0)
Unloading 3617 unused Assets / (0.9 MB). Loaded Objects now: 4108.
Memory consumption went from 85.8 MB to 84.8 MB.
Total: 24.705300 ms (FindLiveObjects: 0.518700 ms CreateObjectMapping: 0.439000 ms MarkObjects: 21.745900 ms  DeleteObjects: 1.999900 ms)

Prepare: number of updated asset objects reloaded= 0
========================================================================
Received Prepare
Refreshing native plugins compatible for Editor in 25.09 ms, found 6 plugins.
Preloading 0 native plugins for Editor in 0.00 ms.
Unloading 4 Unused Serialized files (Serialized files now loaded: 0)
Unloading 3617 unused Assets / (1.1 MB). Loaded Objects now: 4108.
Memory consumption went from 85.7 MB to 84.6 MB.
Total: 16.185800 ms (FindLiveObjects: 0.905400 ms CreateObjectMapping: 0.254400 ms MarkObjects: 13.147300 ms  DeleteObjects: 1.875500 ms)

Prepare: number of updated asset objects reloaded= 0
========================================================================
Received Prepare
Refreshing native plugins compatible for Editor in 25.81 ms, found 6 plugins.
Preloading 0 native plugins for Editor in 0.00 ms.
Unloading 4 Unused Serialized files (Serialized files now loaded: 0)
Unloading 3617 unused Assets / (1.4 MB). Loaded Objects now: 4108.
Memory consumption went from 85.8 MB to 84.4 MB.
Total: 13.665700 ms (FindLiveObjects: 0.394300 ms CreateObjectMapping: 0.281900 ms MarkObjects: 11.707100 ms  DeleteObjects: 1.280900 ms)

Prepare: number of updated asset objects reloaded= 0
========================================================================
Received Prepare
Refreshing native plugins compatible for Editor in 25.21 ms, found 6 plugins.
Preloading 0 native plugins for Editor in 0.00 ms.
Unloading 4 Unused Serialized files (Serialized files now loaded: 0)
Unloading 3617 unused Assets / (387.3 KB). Loaded Objects now: 4108.
Memory consumption went from 85.8 MB to 85.4 MB.
Total: 27.198700 ms (FindLiveObjects: 1.183000 ms CreateObjectMapping: 0.746600 ms MarkObjects: 20.079300 ms  DeleteObjects: 5.187300 ms)

Prepare: number of updated asset objects reloaded= 0
========================================================================
Received Prepare
Refreshing native plugins compatible for Editor in 29.46 ms, found 6 plugins.
Preloading 0 native plugins for Editor in 0.00 ms.
Unloading 4 Unused Serialized files (Serialized files now loaded: 0)
Unloading 3617 unused Assets / (1.1 MB). Loaded Objects now: 4108.
Memory consumption went from 85.8 MB to 84.7 MB.
Total: 13.685600 ms (FindLiveObjects: 0.470400 ms CreateObjectMapping: 0.298400 ms MarkObjects: 11.575200 ms  DeleteObjects: 1.339200 ms)

Prepare: number of updated asset objects reloaded= 0
========================================================================
Received Import Request.
  Time since last request: 154872.297239 seconds.
  path: Assets/JMO Assets/Cartoon FX/CFX4 Prefabs/Water/CFX4 Rain Storm (NO COLLISION).prefab
  artifactKey: Guid(131d1efce995f6c4abf150dbb50a185c) Importer(2089858483,192608db42251d675da83286b1cce702)
Start importing Assets/JMO Assets/Cartoon FX/CFX4 Prefabs/Water/CFX4 Rain Storm (NO COLLISION).prefab using Guid(131d1efce995f6c4abf150dbb50a185c) Importer(2089858483,192608db42251d675da83286b1cce702) (ScriptedImporter) -> (artifact id: '7732d0cc0a7b56e0c08fbfdc57f62879') in 1.0134072 seconds
Number of updated asset objects reloaded before import = 0Number of asset objects unloaded after import = 20

========================================================================
Received Import Request.
  Time since last request: 15.804828 seconds.
  path: Assets/JMO Assets/Cartoon FX/CFX4 Prefabs/Water/CFX4 Water Explosion Medium.prefab
  artifactKey: Guid(594a1641a08214c46bb336524e5446ec) Importer(2089858483,192608db42251d675da83286b1cce702)
Start importing Assets/JMO Assets/Cartoon FX/CFX4 Prefabs/Water/CFX4 Water Explosion Medium.prefab using Guid(594a1641a08214c46bb336524e5446ec) Importer(2089858483,192608db42251d675da83286b1cce702) (ScriptedImporter) -> (artifact id: 'b6145d53b4254053cefb40c9cdd6dbb9') in 0.902025 seconds
Number of updated asset objects reloaded before import = 0Number of asset objects unloaded after import = 19

========================================================================
Received Import Request.
  Time since last request: 0.000048 seconds.
  path: Assets/JMO Assets/Cartoon FX/Materials/Light/CFX4_GlowStar AB+Add VColor.mat
  artifactKey: Guid(a7c829d702544f5439bdf096ca0f1dce) Importer(2089858483,192608db42251d675da83286b1cce702)
Start importing Assets/JMO Assets/Cartoon FX/Materials/Light/CFX4_GlowStar AB+Add VColor.mat using Guid(a7c829d702544f5439bdf096ca0f1dce) Importer(2089858483,192608db42251d675da83286b1cce702) (ScriptedImporter) -> (artifact id: 'cfc217f883f6fa7ea7b4d9a3f74f31bc') in 0.0352157 seconds
Number of updated asset objects reloaded before import = 0Number of asset objects unloaded after import = 3

========================================================================
Received Import Request.
  Time since last request: 0.000074 seconds.
  path: Assets/JMO Assets/Cartoon FX/Materials/Fire/CFX4_SpaceThruster AB+AddSoft Black.mat
  artifactKey: Guid(31be29ab0207e2548907d1f759bbefe0) Importer(2089858483,192608db42251d675da83286b1cce702)
Start importing Assets/JMO Assets/Cartoon FX/Materials/Fire/CFX4_SpaceThruster AB+AddSoft Black.mat using Guid(31be29ab0207e2548907d1f759bbefe0) Importer(2089858483,192608db42251d675da83286b1cce702) (ScriptedImporter) -> (artifact id: '85e7d38af3f60e485a2af307544695d7') in 0.0152609 seconds
Number of updated asset objects reloaded before import = 0Number of asset objects unloaded after import = 3

========================================================================
Received Import Request.
  Time since last request: 0.000022 seconds.
  path: Assets/JMO Assets/Cartoon FX/Materials/Fire/CFX4_FireSparkle AB.mat
  artifactKey: Guid(1cdcddb66f767e241b749d07f6d947d4) Importer(2089858483,192608db42251d675da83286b1cce702)
Start importing Assets/JMO Assets/Cartoon FX/Materials/Fire/CFX4_FireSparkle AB.mat using Guid(1cdcddb66f767e241b749d07f6d947d4) Importer(2089858483,192608db42251d675da83286b1cce702) (ScriptedImporter) -> (artifact id: 'ff086f96dd655bbeaf379e953d6323ee') in 0.0143518 seconds
Number of updated asset objects reloaded before import = 0Number of asset objects unloaded after import = 2

========================================================================
Received Import Request.
  Time since last request: 0.000029 seconds.
  path: Assets/JMO Assets/Cartoon FX/Materials/Misc/CFX4_Fragments AB.mat
  artifactKey: Guid(5d36f3b16caac3f4e9243e58f4277fbb) Importer(2089858483,192608db42251d675da83286b1cce702)
Start importing Assets/JMO Assets/Cartoon FX/Materials/Misc/CFX4_Fragments AB.mat using Guid(5d36f3b16caac3f4e9243e58f4277fbb) Importer(2089858483,192608db42251d675da83286b1cce702) (ScriptedImporter) -> (artifact id: '88b5c5f0b17d591cb5d3921e735d85bf') in 0.0138189 seconds
Number of updated asset objects reloaded before import = 0Number of asset objects unloaded after import = 2

========================================================================
Received Import Request.
  Time since last request: 0.000036 seconds.
  path: Assets/JMO Assets/Cartoon FX/Materials/Water/CFX4_Splash Ripple AddA8.mat
  artifactKey: Guid(a237d126f738aa644a2e7631bfcc45e4) Importer(2089858483,192608db42251d675da83286b1cce702)
Start importing Assets/JMO Assets/Cartoon FX/Materials/Water/CFX4_Splash Ripple AddA8.mat using Guid(a237d126f738aa644a2e7631bfcc45e4) Importer(2089858483,192608db42251d675da83286b1cce702) (ScriptedImporter) -> (artifact id: '5a3f94a40b9485c88e4a70d37cf249f8') in 0.014274 seconds
Number of updated asset objects reloaded before import = 0Number of asset objects unloaded after import = 2

========================================================================
Received Import Request.
  Time since last request: 0.000025 seconds.
  path: Assets/JMO Assets/Cartoon FX/Materials/Misc/CFX4_Circle AB.mat
  artifactKey: Guid(4487b6501f1381549872ae22738916a3) Importer(2089858483,192608db42251d675da83286b1cce702)
Start importing Assets/JMO Assets/Cartoon FX/Materials/Misc/CFX4_Circle AB.mat using Guid(4487b6501f1381549872ae22738916a3) Importer(2089858483,192608db42251d675da83286b1cce702) (ScriptedImporter) -> (artifact id: 'a42e2817ac56ab564529c3eceec79eb8') in 0.0111035 seconds
Number of updated asset objects reloaded before import = 0Number of asset objects unloaded after import = 2

========================================================================
Received Import Request.
  Time since last request: 0.000031 seconds.
  path: Assets/JMO Assets/Cartoon FX/Materials (Mobile)/Stretched/CFXM2_Faded Ray.mat
  artifactKey: Guid(467f9ee47a594e04faca3951bf3c26b7) Importer(2089858483,192608db42251d675da83286b1cce702)
Start importing Assets/JMO Assets/Cartoon FX/Materials (Mobile)/Stretched/CFXM2_Faded Ray.mat using Guid(467f9ee47a594e04faca3951bf3c26b7) Importer(2089858483,192608db42251d675da83286b1cce702) (ScriptedImporter) -> (artifact id: '35873e142a590a3c7f9e0a75fe1e6ff9') in 0.0140118 seconds
Number of updated asset objects reloaded before import = 0Number of asset objects unloaded after import = 2

========================================================================
Received Import Request.
  Time since last request: 0.000028 seconds.
  path: Assets/JMO Assets/Cartoon FX/CFX4 Prefabs (Mobile)/Water/CFXM4 Rain Storm (COLLIDE).prefab
  artifactKey: Guid(af11eedf3d4dd83408fd1952d82e79cb) Importer(2089858483,192608db42251d675da83286b1cce702)
Start importing Assets/JMO Assets/Cartoon FX/CFX4 Prefabs (Mobile)/Water/CFXM4 Rain Storm (COLLIDE).prefab using Guid(af11eedf3d4dd83408fd1952d82e79cb) Importer(2089858483,192608db42251d675da83286b1cce702) (ScriptedImporter) -> (artifact id: '3f4cb6aed1d632abdc86c4b1a46e1c47') in 0.042198 seconds
Number of updated asset objects reloaded before import = 0Number of asset objects unloaded after import = 20

========================================================================
Received Import Request.
  Time since last request: 0.000024 seconds.
  path: Assets/JMO Assets/Cartoon FX/CFX4 Prefabs (Mobile)/Misc/CFXM4 Hit C (White).prefab
  artifactKey: Guid(b796e6dc38c527f4aaff1543d574b9a7) Importer(2089858483,192608db42251d675da83286b1cce702)
Start importing Assets/JMO Assets/Cartoon FX/CFX4 Prefabs (Mobile)/Misc/CFXM4 Hit C (White).prefab using Guid(b796e6dc38c527f4aaff1543d574b9a7) Importer(2089858483,192608db42251d675da83286b1cce702) (ScriptedImporter) -> (artifact id: '83a978bbbdd7255ce8f6f19595137bfd') in 0.0587215 seconds
Number of updated asset objects reloaded before import = 0Number of asset objects unloaded after import = 11

========================================================================
Received Import Request.
  Time since last request: 0.000030 seconds.
  path: Assets/JMO Assets/Cartoon FX/CFX4 Prefabs (Mobile)/Water/CFXM4 Environment Bubbles Low.prefab
  artifactKey: Guid(d173902d62dc56e42a70db5d23f1f563) Importer(2089858483,192608db42251d675da83286b1cce702)
Start importing Assets/JMO Assets/Cartoon FX/CFX4 Prefabs (Mobile)/Water/CFXM4 Environment Bubbles Low.prefab using Guid(d173902d62dc56e42a70db5d23f1f563) Importer(2089858483,192608db42251d675da83286b1cce702) (ScriptedImporter) -> (artifact id: '594f4ff7333c0a00114214325844faf5') in 0.0481481 seconds
Number of updated asset objects reloaded before import = 0Number of asset objects unloaded after import = 6

========================================================================
Received Import Request.
  Time since last request: 0.000034 seconds.
  path: Assets/JMO Assets/Cartoon FX/CFX4 Prefabs (Mobile)/Water/CFXM4 Splash Huge.prefab
  artifactKey: Guid(91a8af610601f8240b8bb4b356db1414) Importer(2089858483,192608db42251d675da83286b1cce702)
Start importing Assets/JMO Assets/Cartoon FX/CFX4 Prefabs (Mobile)/Water/CFXM4 Splash Huge.prefab using Guid(91a8af610601f8240b8bb4b356db1414) Importer(2089858483,192608db42251d675da83286b1cce702) (ScriptedImporter) -> (artifact id: '630bb0f1fd731828de8afc4a3516fbec') in 0.0701382 seconds
Number of updated asset objects reloaded before import = 0Number of asset objects unloaded after import = 27

========================================================================
Received Import Request.
  Time since last request: 0.000047 seconds.
  path: Assets/Plugins/WSA/SDK81/x86/sqlite3.dll
  artifactKey: Guid(33abe473c2cd29b45ac655ce4e5f9381) Importer(2089858483,192608db42251d675da83286b1cce702)
Start importing Assets/Plugins/WSA/SDK81/x86/sqlite3.dll using Guid(33abe473c2cd29b45ac655ce4e5f9381) Importer(2089858483,192608db42251d675da83286b1cce702) (ScriptedImporter) -> (artifact id: 'c81bf531fb490e7b56eae7ebd9e9fa3f') in 0.0105293 seconds
Number of updated asset objects reloaded before import = 0Number of asset objects unloaded after import = 0

========================================================================
Received Import Request.
  Time since last request: 0.000034 seconds.
  path: Assets/JMO Assets/Cartoon FX/CFX4 Prefabs/Fire/Variants/CFX4 Flamme (Blue, CFX Blend).prefab
  artifactKey: Guid(63fa72b73a996ee4f8be09b1bce108b1) Importer(2089858483,192608db42251d675da83286b1cce702)
Start importing Assets/JMO Assets/Cartoon FX/CFX4 Prefabs/Fire/Variants/CFX4 Flamme (Blue, CFX Blend).prefab using Guid(63fa72b73a996ee4f8be09b1bce108b1) Importer(2089858483,192608db42251d675da83286b1cce702) (ScriptedImporter) -> (artifact id: '76067817be8859b7f01ed70420f79a5c') in 0.0511226 seconds
Number of updated asset objects reloaded before import = 0Number of asset objects unloaded after import = 15

========================================================================
Received Import Request.
  Time since last request: 0.000051 seconds.
  path: Assets/JMO Assets/Cartoon FX/CFX4 Prefabs (Mobile)/Explosions/CFXM4 Firework A.prefab
  artifactKey: Guid(6789aa8373dd05e45ab15ba4e68e79cf) Importer(2089858483,192608db42251d675da83286b1cce702)
Start importing Assets/JMO Assets/Cartoon FX/CFX4 Prefabs (Mobile)/Explosions/CFXM4 Firework A.prefab using Guid(6789aa8373dd05e45ab15ba4e68e79cf) Importer(2089858483,192608db42251d675da83286b1cce702) (ScriptedImporter) -> (artifact id: '92f3e3c40d55f6bd8b7d197333f9c507') in 0.0458746 seconds
Number of updated asset objects reloaded before import = 0Number of asset objects unloaded after import = 7

========================================================================
Received Import Request.
  Time since last request: 0.000044 seconds.
  path: Assets/JMO Assets/Cartoon FX/Materials (Mobile)/Water/CFXM4_Foam AddA8.mat
  artifactKey: Guid(93e00e1495200404e93b0bf72810e9b4) Importer(2089858483,192608db42251d675da83286b1cce702)
Start importing Assets/JMO Assets/Cartoon FX/Materials (Mobile)/Water/CFXM4_Foam AddA8.mat using Guid(93e00e1495200404e93b0bf72810e9b4) Importer(2089858483,192608db42251d675da83286b1cce702) (ScriptedImporter) -> (artifact id: 'd6b2b102c79a487f2ef7684056e1ae7a') in 0.0145175 seconds
Number of updated asset objects reloaded before import = 0Number of asset objects unloaded after import = 2

========================================================================
Received Import Request.
  Time since last request: 0.000024 seconds.
  path: Assets/JMO Assets/Cartoon FX/Materials (Mobile)/Water/CFXM4_DropRipple AB.mat
  artifactKey: Guid(f07df771ddcfda44e868b2b8c490f8fd) Importer(2089858483,192608db42251d675da83286b1cce702)
Start importing Assets/JMO Assets/Cartoon FX/Materials (Mobile)/Water/CFXM4_DropRipple AB.mat using Guid(f07df771ddcfda44e868b2b8c490f8fd) Importer(2089858483,192608db42251d675da83286b1cce702) (ScriptedImporter) -> (artifact id: '03ec33c89d1a8a12a371745b04bfb70f') in 0.014157 seconds
Number of updated asset objects reloaded before import = 0Number of asset objects unloaded after import = 2

========================================================================
Received Import Request.
  Time since last request: 0.000025 seconds.
  path: Assets/JMO Assets/Cartoon FX/Demo/UI Canvas/CFX Demo Btn Arrow R.png
  artifactKey: Guid(3783f195e2c8dc84cb1461fbe881e9cb) Importer(2089858483,192608db42251d675da83286b1cce702)
Start importing Assets/JMO Assets/Cartoon FX/Demo/UI Canvas/CFX Demo Btn Arrow R.png using Guid(3783f195e2c8dc84cb1461fbe881e9cb) Importer(2089858483,192608db42251d675da83286b1cce702) (ScriptedImporter) -> (artifact id: '6992a76f91b3db2dff6c29d0e7850aec') in 0.081532 seconds
Number of updated asset objects reloaded before import = 0Number of asset objects unloaded after import = 3

========================================================================
Received Import Request.
  Time since last request: 0.000033 seconds.
  path: Assets/JMO Assets/Cartoon FX/Materials (Mobile)/Fire/CFXM3_FireSparkle ADD.mat
  artifactKey: Guid(d518031299ed73a4588afa71c0db3f5f) Importer(2089858483,192608db42251d675da83286b1cce702)
Start importing Assets/JMO Assets/Cartoon FX/Materials (Mobile)/Fire/CFXM3_FireSparkle ADD.mat using Guid(d518031299ed73a4588afa71c0db3f5f) Importer(2089858483,192608db42251d675da83286b1cce702) (ScriptedImporter) -> (artifact id: '33515bcedbb5e6d2e423a79c56470a78') in 0.0104075 seconds
Number of updated asset objects reloaded before import = 0Number of asset objects unloaded after import = 2

========================================================================
Received Import Request.
  Time since last request: 0.000063 seconds.
  path: Assets/JMO Assets/Cartoon FX/Materials (Mobile)/Light/CFXM4_Glow AB+AddSoft VColor.mat
  artifactKey: Guid(c2516445f8479f1429bfcdfb23b602ec) Importer(2089858483,192608db42251d675da83286b1cce702)
Start importing Assets/JMO Assets/Cartoon FX/Materials (Mobile)/Light/CFXM4_Glow AB+AddSoft VColor.mat using Guid(c2516445f8479f1429bfcdfb23b602ec) Importer(2089858483,192608db42251d675da83286b1cce702) (ScriptedImporter) -> (artifact id: 'f843c360e164809f466ca5fe2e5f61a5') in 0.0128256 seconds
Number of updated asset objects reloaded before import = 0Number of asset objects unloaded after import = 3

========================================================================
Received Import Request.
  Time since last request: 0.000032 seconds.
  path: Assets/JMO Assets/Cartoon FX/Materials/Light/CFX4_AuraBubble AB+Add VColor.mat
  artifactKey: Guid(fdc9e0a267f5ea34ea2f3b3d130057e3) Importer(2089858483,192608db42251d675da83286b1cce702)
Start importing Assets/JMO Assets/Cartoon FX/Materials/Light/CFX4_AuraBubble AB+Add VColor.mat using Guid(fdc9e0a267f5ea34ea2f3b3d130057e3) Importer(2089858483,192608db42251d675da83286b1cce702) (ScriptedImporter) -> (artifact id: '744e5e702832ee998e4987c907d34530') in 0.0117116 seconds
Number of updated asset objects reloaded before import = 0Number of asset objects unloaded after import = 3

========================================================================
Received Import Request.
  Time since last request: 0.000026 seconds.
  path: Assets/JMO Assets/Cartoon FX/Materials (Mobile)/Fire/CFXM4_SpaceThruster AB+AddSoft Black.mat
  artifactKey: Guid(d285661b2eb84ea49a6de9f13c7a9d85) Importer(2089858483,192608db42251d675da83286b1cce702)
Start importing Assets/JMO Assets/Cartoon FX/Materials (Mobile)/Fire/CFXM4_SpaceThruster AB+AddSoft Black.mat using Guid(d285661b2eb84ea49a6de9f13c7a9d85) Importer(2089858483,192608db42251d675da83286b1cce702) (ScriptedImporter) -> (artifact id: '645acc9585515a54d2e4f22b62519ab0') in 0.0112112 seconds
Number of updated asset objects reloaded before import = 0Number of asset objects unloaded after import = 3

========================================================================
Received Import Request.
  Time since last request: 0.000027 seconds.
  path: Assets/JMO Assets/Cartoon FX/CFX4 Prefabs (Mobile)/Space/CFXM4 Donut Teleporter.prefab
  artifactKey: Guid(5a4b377f26fa60148bc219ffc4915be9) Importer(2089858483,192608db42251d675da83286b1cce702)
Start importing Assets/JMO Assets/Cartoon FX/CFX4 Prefabs (Mobile)/Space/CFXM4 Donut Teleporter.prefab using Guid(5a4b377f26fa60148bc219ffc4915be9) Importer(2089858483,192608db42251d675da83286b1cce702) (ScriptedImporter) -> (artifact id: '51e54a2f2687b818d68704043341eec8') in 0.0716162 seconds
Number of updated asset objects reloaded before import = 0Number of asset objects unloaded after import = 7

========================================================================
Received Import Request.
  Time since last request: 0.000042 seconds.
  path: Assets/JMO Assets/Cartoon FX/Materials (Mobile)/Misc/CFXM4_Circle AddSoft.mat
  artifactKey: Guid(00be144fdc042024097859a55732e26f) Importer(2089858483,192608db42251d675da83286b1cce702)
Start importing Assets/JMO Assets/Cartoon FX/Materials (Mobile)/Misc/CFXM4_Circle AddSoft.mat using Guid(00be144fdc042024097859a55732e26f) Importer(2089858483,192608db42251d675da83286b1cce702) (ScriptedImporter) -> (artifact id: 'ac96bb14c3942116aa56a9c9f3712432') in 0.0173428 seconds
Number of updated asset objects reloaded before import = 0Number of asset objects unloaded after import = 2

========================================================================
Received Import Request.
  Time since last request: 0.000033 seconds.
  path: Assets/JMO Assets/Cartoon FX/Materials/Light/CFX4_GlowStar INV.mat
  artifactKey: Guid(ca2f95b81977aae4ab753d09467acaf7) Importer(2089858483,192608db42251d675da83286b1cce702)
Start importing Assets/JMO Assets/Cartoon FX/Materials/Light/CFX4_GlowStar INV.mat using Guid(ca2f95b81977aae4ab753d09467acaf7) Importer(2089858483,192608db42251d675da83286b1cce702) (ScriptedImporter) -> (artifact id: '77bb0258b1326a08b4fb8718d22cb5f2') in 0.0221792 seconds
Number of updated asset objects reloaded before import = 0Number of asset objects unloaded after import = 2

========================================================================
Received Import Request.
  Time since last request: 0.000029 seconds.
  path: Assets/JMO Assets/Cartoon FX/Materials/Water/CFX4_Splash Bubble AddA8.mat
  artifactKey: Guid(0357eda18b92032418f59e6a144279c0) Importer(2089858483,192608db42251d675da83286b1cce702)
Start importing Assets/JMO Assets/Cartoon FX/Materials/Water/CFX4_Splash Bubble AddA8.mat using Guid(0357eda18b92032418f59e6a144279c0) Importer(2089858483,192608db42251d675da83286b1cce702) (ScriptedImporter) -> (artifact id: 'ae9167aeb2003e19c2108764ba81a36a') in 0.0160046 seconds
Number of updated asset objects reloaded before import = 0Number of asset objects unloaded after import = 2

========================================================================
Received Import Request.
  Time since last request: 0.000028 seconds.
  path: Assets/JMO Assets/Cartoon FX/CFX4 Prefabs/Explosions/Variants/CFX4 Firework A (Green).prefab
  artifactKey: Guid(9cd2089361e05034eb28bad03afe8cfd) Importer(2089858483,192608db42251d675da83286b1cce702)
Start importing Assets/JMO Assets/Cartoon FX/CFX4 Prefabs/Explosions/Variants/CFX4 Firework A (Green).prefab using Guid(9cd2089361e05034eb28bad03afe8cfd) Importer(2089858483,192608db42251d675da83286b1cce702) (ScriptedImporter) -> (artifact id: 'dffe238d9db2176277a99e6b9c433257') in 0.0750589 seconds
Number of updated asset objects reloaded before import = 0Number of asset objects unloaded after import = 7

========================================================================
Received Import Request.
  Time since last request: 0.000050 seconds.
  path: Assets/JMO Assets/Cartoon FX/Materials (Mobile)/Fire/CFXM4_FireSoft AB+Add VColor.mat
  artifactKey: Guid(3411429c8204bb94fb93f40267fa21ae) Importer(2089858483,192608db42251d675da83286b1cce702)
Start importing Assets/JMO Assets/Cartoon FX/Materials (Mobile)/Fire/CFXM4_FireSoft AB+Add VColor.mat using Guid(3411429c8204bb94fb93f40267fa21ae) Importer(2089858483,192608db42251d675da83286b1cce702) (ScriptedImporter) -> (artifact id: '2305263ad6d5fe08474c38c138883a14') in 0.015782 seconds
Number of updated asset objects reloaded before import = 0Number of asset objects unloaded after import = 3

========================================================================
Received Import Request.
  Time since last request: 0.000059 seconds.
  path: Assets/JMO Assets/Cartoon FX/CFX4 Prefabs (Mobile)/Misc/CFXM4 Smoke Trail A (Curved, Black).prefab
  artifactKey: Guid(e04d8d752362a77468a81d3d9c5b1d01) Importer(2089858483,192608db42251d675da83286b1cce702)
Start importing Assets/JMO Assets/Cartoon FX/CFX4 Prefabs (Mobile)/Misc/CFXM4 Smoke Trail A (Curved, Black).prefab using Guid(e04d8d752362a77468a81d3d9c5b1d01) Importer(2089858483,192608db42251d675da83286b1cce702) (ScriptedImporter) -> (artifact id: '86ba05e46c5954e89140daedbb50deaa') in 0.0556712 seconds
Number of updated asset objects reloaded before import = 0Number of asset objects unloaded after import = 10

========================================================================
Received Import Request.
  Time since last request: 0.000060 seconds.
  path: Assets/JMO Assets/Cartoon FX/CFX4 Prefabs/Misc/Variants/CFX4 Radar Rings (Orange, CFX Blend).prefab
  artifactKey: Guid(05c932517098d6b41aabc70073d4dee7) Importer(2089858483,192608db42251d675da83286b1cce702)
Start importing Assets/JMO Assets/Cartoon FX/CFX4 Prefabs/Misc/Variants/CFX4 Radar Rings (Orange, CFX Blend).prefab using Guid(05c932517098d6b41aabc70073d4dee7) Importer(2089858483,192608db42251d675da83286b1cce702) (ScriptedImporter) -> (artifact id: '5c209c2f1fd93d6d155c644d36c8591c') in 0.0660201 seconds
Number of updated asset objects reloaded before import = 0Number of asset objects unloaded after import = 7

========================================================================
Received Import Request.
  Time since last request: 0.000030 seconds.
  path: Assets/JMO Assets/Cartoon FX/CFX4 Prefabs/Misc/Variants/CFX4 Radar Rings (White, CFX Blend).prefab
  artifactKey: Guid(81c6615e7e3482d4c861a64ec0add871) Importer(2089858483,192608db42251d675da83286b1cce702)
Start importing Assets/JMO Assets/Cartoon FX/CFX4 Prefabs/Misc/Variants/CFX4 Radar Rings (White, CFX Blend).prefab using Guid(81c6615e7e3482d4c861a64ec0add871) Importer(2089858483,192608db42251d675da83286b1cce702) (ScriptedImporter) -> (artifact id: '66ae8ed9acb3863f9358d56f97e8c9ee') in 0.0720427 seconds
Number of updated asset objects reloaded before import = 0Number of asset objects unloaded after import = 7

========================================================================
Received Import Request.
  Time since last request: 0.000033 seconds.
  path: Assets/JMO Assets/Cartoon FX/CFX4 Prefabs/Magic/Variants/CFX4 Magical Ring Loop (Orange).prefab
  artifactKey: Guid(ed12bac6f5029934db7135661c59608d) Importer(2089858483,192608db42251d675da83286b1cce702)
Start importing Assets/JMO Assets/Cartoon FX/CFX4 Prefabs/Magic/Variants/CFX4 Magical Ring Loop (Orange).prefab using Guid(ed12bac6f5029934db7135661c59608d) Importer(2089858483,192608db42251d675da83286b1cce702) (ScriptedImporter) -> (artifact id: '729c5221c55295f202cd7ce1ac8a8828') in 0.0999303 seconds
Number of updated asset objects reloaded before import = 0Number of asset objects unloaded after import = 14

========================================================================
Received Import Request.
  Time since last request: 0.000027 seconds.
  path: Assets/JMO Assets/Cartoon FX/CFX4 Prefabs/Space/Variants/CFX4_Space Thruster A (Green).prefab
  artifactKey: Guid(6394b33368aa0ef46a47aa03f3855b32) Importer(2089858483,192608db42251d675da83286b1cce702)
Start importing Assets/JMO Assets/Cartoon FX/CFX4 Prefabs/Space/Variants/CFX4_Space Thruster A (Green).prefab using Guid(6394b33368aa0ef46a47aa03f3855b32) Importer(2089858483,192608db42251d675da83286b1cce702) (ScriptedImporter) -> (artifact id: 'c78c10348e25cb54a8eb5076bc80290b') in 0.3258644 seconds
Number of updated asset objects reloaded before import = 0Number of asset objects unloaded after import = 11

========================================================================
Received Import Request.
  Time since last request: 0.000079 seconds.
  path: Assets/JMO Assets/Cartoon FX/CFX4 Prefabs/Magic/Variants/CFX4 Magical Ring (Purple).prefab
  artifactKey: Guid(8c40885026e9a664ab444bd8cf80fc56) Importer(2089858483,192608db42251d675da83286b1cce702)
Start importing Assets/JMO Assets/Cartoon FX/CFX4 Prefabs/Magic/Variants/CFX4 Magical Ring (Purple).prefab using Guid(8c40885026e9a664ab444bd8cf80fc56) Importer(2089858483,192608db42251d675da83286b1cce702) (ScriptedImporter) -> (artifact id: '7195f3f1e1f3adc8204c6ab6a41b8de7') in 0.0992127 seconds
Number of updated asset objects reloaded before import = 0Number of asset objects unloaded after import = 15

========================================================================
Received Import Request.
  Time since last request: 0.000030 seconds.
  path: Assets/JMO Assets/Cartoon FX/CFX4 Prefabs (Mobile)/Explosions/Variants/CFXM4 Explosion SoftEdge Air (Green).prefab
  artifactKey: Guid(ae15f77fcdea483448827359edd79c05) Importer(2089858483,192608db42251d675da83286b1cce702)
Start importing Assets/JMO Assets/Cartoon FX/CFX4 Prefabs (Mobile)/Explosions/Variants/CFXM4 Explosion SoftEdge Air (Green).prefab using Guid(ae15f77fcdea483448827359edd79c05) Importer(2089858483,192608db42251d675da83286b1cce702) (ScriptedImporter) -> (artifact id: 'd51cc92ed551272d2a684598809dff35') in 0.0609189 seconds
Number of updated asset objects reloaded before import = 0Number of asset objects unloaded after import = 19

========================================================================
Received Import Request.
  Time since last request: 0.000031 seconds.
  path: Assets/JMO Assets/Cartoon FX/CFX4 Prefabs (Mobile)/Explosions/Variants/CFXM4 Firework B (Pink).prefab
  artifactKey: Guid(b92dda8b63cecbb4fb4c34fa244c67fa) Importer(2089858483,192608db42251d675da83286b1cce702)
Start importing Assets/JMO Assets/Cartoon FX/CFX4 Prefabs (Mobile)/Explosions/Variants/CFXM4 Firework B (Pink).prefab using Guid(b92dda8b63cecbb4fb4c34fa244c67fa) Importer(2089858483,192608db42251d675da83286b1cce702) (ScriptedImporter) -> (artifact id: '473d439128ac2d1d50c1fa84c2ccf1d4') in 0.056117 seconds
Number of updated asset objects reloaded before import = 0Number of asset objects unloaded after import = 15

========================================================================
Received Import Request.
  Time since last request: 0.000046 seconds.
  path: Assets/JMO Assets/Cartoon FX/CFX4 Prefabs (Mobile)/Space/CFXM4_Space Thruster B (Blue, CFX Blend).prefab
  artifactKey: Guid(37b788a6e9b8ac9458ec5ecb0e64e456) Importer(2089858483,192608db42251d675da83286b1cce702)
Start importing Assets/JMO Assets/Cartoon FX/CFX4 Prefabs (Mobile)/Space/CFXM4_Space Thruster B (Blue, CFX Blend).prefab using Guid(37b788a6e9b8ac9458ec5ecb0e64e456) Importer(2089858483,192608db42251d675da83286b1cce702) (ScriptedImporter) -> (artifact id: '329a5d80c1827e483790db911aec3cf0') in 0.0542667 seconds
Number of updated asset objects reloaded before import = 0Number of asset objects unloaded after import = 7

========================================================================
Received Import Request.
  Time since last request: 0.000066 seconds.
  path: Assets/JMO Assets/Cartoon FX/CFX4 Prefabs/Magic/Variants/CFX4 Shiny (Red).prefab
  artifactKey: Guid(952cff55bd3b0f14390653a75fb61f24) Importer(2089858483,192608db42251d675da83286b1cce702)
Start importing Assets/JMO Assets/Cartoon FX/CFX4 Prefabs/Magic/Variants/CFX4 Shiny (Red).prefab using Guid(952cff55bd3b0f14390653a75fb61f24) Importer(2089858483,192608db42251d675da83286b1cce702) (ScriptedImporter) -> (artifact id: '3a7a1ef05901d161316367a3c0190787') in 0.0445164 seconds
Number of updated asset objects reloaded before import = 0Number of asset objects unloaded after import = 18

========================================================================
Received Import Request.
  Time since last request: 0.000024 seconds.
  path: Assets/JMO Assets/Cartoon FX/CFX4 Prefabs/Magic/Variants/CFX4 Magical Ring Loop (Purple).prefab
  artifactKey: Guid(e05f231ebef668f4ea5cd9b35f3f94a4) Importer(2089858483,192608db42251d675da83286b1cce702)
Start importing Assets/JMO Assets/Cartoon FX/CFX4 Prefabs/Magic/Variants/CFX4 Magical Ring Loop (Purple).prefab using Guid(e05f231ebef668f4ea5cd9b35f3f94a4) Importer(2089858483,192608db42251d675da83286b1cce702) (ScriptedImporter) -> (artifact id: '29f86a2e0b69dadb4949d66340abaf1d') in 0.043671 seconds
Number of updated asset objects reloaded before import = 0Number of asset objects unloaded after import = 14

========================================================================
Received Import Request.
  Time since last request: 0.000027 seconds.
  path: Assets/JMO Assets/Cartoon FX/Materials/Light/CFX4_RayStraight AB.mat
  artifactKey: Guid(c772c88d1c71af7439819e56cfd0abda) Importer(2089858483,192608db42251d675da83286b1cce702)
Start importing Assets/JMO Assets/Cartoon FX/Materials/Light/CFX4_RayStraight AB.mat using Guid(c772c88d1c71af7439819e56cfd0abda) Importer(2089858483,192608db42251d675da83286b1cce702) (ScriptedImporter) -> (artifact id: 'cc009e7e320db2864ec506f8c587701c') in 0.0136161 seconds
Number of updated asset objects reloaded before import = 0Number of asset objects unloaded after import = 2

========================================================================
Received Import Request.
  Time since last request: 0.000034 seconds.
  path: Assets/JMO Assets/Cartoon FX/CFX4 Prefabs/Misc/Variants/CFX4 Hit Paint A (Red).prefab
  artifactKey: Guid(6803d08c71695b74bbe92469f88ffe89) Importer(2089858483,192608db42251d675da83286b1cce702)
Start importing Assets/JMO Assets/Cartoon FX/CFX4 Prefabs/Misc/Variants/CFX4 Hit Paint A (Red).prefab using Guid(6803d08c71695b74bbe92469f88ffe89) Importer(2089858483,192608db42251d675da83286b1cce702) (ScriptedImporter) -> (artifact id: 'c3cc02a67716d1291cb0117e86536488') in 0.0627539 seconds
Number of updated asset objects reloaded before import = 0Number of asset objects unloaded after import = 11

========================================================================
Received Import Request.
  Time since last request: 0.000028 seconds.
  path: Assets/JMO Assets/Cartoon FX/Materials (Mobile)/Light/CFXM4_Glow AB+Add Blue.mat
  artifactKey: Guid(a3ac0035284846d43849a0dd23a5be2b) Importer(2089858483,192608db42251d675da83286b1cce702)
Start importing Assets/JMO Assets/Cartoon FX/Materials (Mobile)/Light/CFXM4_Glow AB+Add Blue.mat using Guid(a3ac0035284846d43849a0dd23a5be2b) Importer(2089858483,192608db42251d675da83286b1cce702) (ScriptedImporter) -> (artifact id: '468d6bff9df1704cbfbe0d253454c11e') in 0.010974 seconds
Number of updated asset objects reloaded before import = 0Number of asset objects unloaded after import = 3

========================================================================
Received Import Request.
  Time since last request: 0.000027 seconds.
  path: Assets/JMO Assets/Cartoon FX/CFX4 Prefabs (Mobile)/Explosions/Variants/CFXM4 Explosion Quick (No Smoke).prefab
  artifactKey: Guid(353dadf73d2aee941839730d21935846) Importer(2089858483,192608db42251d675da83286b1cce702)
Start importing Assets/JMO Assets/Cartoon FX/CFX4 Prefabs (Mobile)/Explosions/Variants/CFXM4 Explosion Quick (No Smoke).prefab using Guid(353dadf73d2aee941839730d21935846) Importer(2089858483,192608db42251d675da83286b1cce702) (ScriptedImporter) -> (artifact id: 'fd4a29f69671c48f033e43d2da8404fe') in 0.0652398 seconds
Number of updated asset objects reloaded before import = 0Number of asset objects unloaded after import = 19

========================================================================
Received Import Request.
  Time since last request: 0.000070 seconds.
  path: Assets/JMO Assets/Cartoon FX/CFX4 Prefabs (Mobile)/Magic/Variants/CFXM4 Fairy Dust (Orange).prefab
  artifactKey: Guid(b3ff70d7038447e429aadc528c385fec) Importer(2089858483,192608db42251d675da83286b1cce702)
Start importing Assets/JMO Assets/Cartoon FX/CFX4 Prefabs (Mobile)/Magic/Variants/CFXM4 Fairy Dust (Orange).prefab using Guid(b3ff70d7038447e429aadc528c385fec) Importer(2089858483,192608db42251d675da83286b1cce702) (ScriptedImporter) -> (artifact id: 'd69d4dbe1696ff8d843e9a4fa3019372') in 0.0741931 seconds
Number of updated asset objects reloaded before import = 0Number of asset objects unloaded after import = 11

========================================================================
Received Import Request.
  Time since last request: 0.000045 seconds.
  path: Assets/JMO Assets/Cartoon FX/CFX4 Prefabs (Mobile)/Misc/Variants/CFXM4 Hit Flower (Red).prefab
  artifactKey: Guid(8faf70ff34c4d3b40bbe5084785b7266) Importer(2089858483,192608db42251d675da83286b1cce702)
Start importing Assets/JMO Assets/Cartoon FX/CFX4 Prefabs (Mobile)/Misc/Variants/CFXM4 Hit Flower (Red).prefab using Guid(8faf70ff34c4d3b40bbe5084785b7266) Importer(2089858483,192608db42251d675da83286b1cce702) (ScriptedImporter) -> (artifact id: 'b20486a80215e118720e80c28a26a500') in 0.0570116 seconds
Number of updated asset objects reloaded before import = 0Number of asset objects unloaded after import = 15

========================================================================
Received Import Request.
  Time since last request: 0.000029 seconds.
  path: Assets/JMO Assets/Cartoon FX/CFX4 Prefabs (Mobile)/Magic/Variants/CFXM4 Magic Drain (Blue, CFX Blend).prefab
  artifactKey: Guid(f1fe79256d9995547ab9af63fbe5a1d7) Importer(2089858483,192608db42251d675da83286b1cce702)
Start importing Assets/JMO Assets/Cartoon FX/CFX4 Prefabs (Mobile)/Magic/Variants/CFXM4 Magic Drain (Blue, CFX Blend).prefab using Guid(f1fe79256d9995547ab9af63fbe5a1d7) Importer(2089858483,192608db42251d675da83286b1cce702) (ScriptedImporter) -> (artifact id: 'ca2960da95868990e70382eeb398be3b') in 0.0523391 seconds
Number of updated asset objects reloaded before import = 0Number of asset objects unloaded after import = 19

========================================================================
Received Import Request.
  Time since last request: 0.000039 seconds.
  path: Assets/JMO Assets/Cartoon FX/CFX4 Prefabs (Mobile)/Magic/Variants/CFXM4 Magical Ring Loop (Purple).prefab
  artifactKey: Guid(c9eb285340341bb46820f977893be919) Importer(2089858483,192608db42251d675da83286b1cce702)
Start importing Assets/JMO Assets/Cartoon FX/CFX4 Prefabs (Mobile)/Magic/Variants/CFXM4 Magical Ring Loop (Purple).prefab using Guid(c9eb285340341bb46820f977893be919) Importer(2089858483,192608db42251d675da83286b1cce702) (ScriptedImporter) -> (artifact id: '121b2d9831fb1f69926da24b9d94573f') in 0.0537257 seconds
Number of updated asset objects reloaded before import = 0Number of asset objects unloaded after import = 14

========================================================================
Received Import Request.
  Time since last request: 0.000037 seconds.
  path: Assets/JMO Assets/Cartoon FX/Materials/Fire/CFX4_FireSparkle AddSoft.mat
  artifactKey: Guid(aa1a68cc364717d4babc60dd733170ac) Importer(2089858483,192608db42251d675da83286b1cce702)
Start importing Assets/JMO Assets/Cartoon FX/Materials/Fire/CFX4_FireSparkle AddSoft.mat using Guid(aa1a68cc364717d4babc60dd733170ac) Importer(2089858483,192608db42251d675da83286b1cce702) (ScriptedImporter) -> (artifact id: '8980239ae25b52178b4ea18a81ef607e') in 0.0119888 seconds
Number of updated asset objects reloaded before import = 0Number of asset objects unloaded after import = 2

========================================================================
Received Import Request.
  Time since last request: 0.000026 seconds.
  path: Assets/JMO Assets/Cartoon FX/Materials (Mobile)/Misc/CFXM4_Circle AB.mat
  artifactKey: Guid(f9314080c68d5714eaa8c589e11d2741) Importer(2089858483,192608db42251d675da83286b1cce702)
Start importing Assets/JMO Assets/Cartoon FX/Materials (Mobile)/Misc/CFXM4_Circle AB.mat using Guid(f9314080c68d5714eaa8c589e11d2741) Importer(2089858483,192608db42251d675da83286b1cce702) (ScriptedImporter) -> (artifact id: '155ef0715d60e419c17ddb8a31179ceb') in 0.0105472 seconds
Number of updated asset objects reloaded before import = 0Number of asset objects unloaded after import = 2

========================================================================
Received Import Request.
  Time since last request: 0.000031 seconds.
  path: Assets/JMO Assets/Cartoon FX/CFX4 Prefabs/Magic/Variants/CFX4 Magic Drain (Blue).prefab
  artifactKey: Guid(1631bf0a6d7078543a13d30c3f9dc02b) Importer(2089858483,192608db42251d675da83286b1cce702)
Start importing Assets/JMO Assets/Cartoon FX/CFX4 Prefabs/Magic/Variants/CFX4 Magic Drain (Blue).prefab using Guid(1631bf0a6d7078543a13d30c3f9dc02b) Importer(2089858483,192608db42251d675da83286b1cce702) (ScriptedImporter) -> (artifact id: 'ea146b99dd5fc1f21209dbb46a62cc5b') in 0.0498613 seconds
Number of updated asset objects reloaded before import = 0Number of asset objects unloaded after import = 18

========================================================================
Received Import Request.
  Time since last request: 0.000036 seconds.
  path: Assets/JMO Assets/Cartoon FX/CFX4 Prefabs/Light/Variants/CFX4 Aurora (White).prefab
  artifactKey: Guid(cb0deade7d9834d41856053536ddf90d) Importer(2089858483,192608db42251d675da83286b1cce702)
Start importing Assets/JMO Assets/Cartoon FX/CFX4 Prefabs/Light/Variants/CFX4 Aurora (White).prefab using Guid(cb0deade7d9834d41856053536ddf90d) Importer(2089858483,192608db42251d675da83286b1cce702) (ScriptedImporter) -> (artifact id: '668272c676b0242b83a6b5a315ac2aca') in 0.0437402 seconds
Number of updated asset objects reloaded before import = 0Number of asset objects unloaded after import = 6

========================================================================
Received Import Request.
  Time since last request: 0.000057 seconds.
  path: Assets/JMO Assets/Cartoon FX/CFX4 Prefabs/Explosions/Variants/CFX4 Spiky Explosion (Pink).prefab
  artifactKey: Guid(4b951ad6689172749948b3361d99eda2) Importer(2089858483,192608db42251d675da83286b1cce702)
Start importing Assets/JMO Assets/Cartoon FX/CFX4 Prefabs/Explosions/Variants/CFX4 Spiky Explosion (Pink).prefab using Guid(4b951ad6689172749948b3361d99eda2) Importer(2089858483,192608db42251d675da83286b1cce702) (ScriptedImporter) -> (artifact id: '4ac985e609c16036b15489a5cd7c10e1') in 0.0613576 seconds
Number of updated asset objects reloaded before import = 0Number of asset objects unloaded after import = 15

========================================================================
Received Import Request.
  Time since last request: 0.000021 seconds.
  path: Assets/JMO Assets/Cartoon FX/CFX4 Prefabs (Mobile)/Misc/CFXM4 Radar Rings.prefab
  artifactKey: Guid(79a8debc6b7c57a40a152c6100bed0b1) Importer(2089858483,192608db42251d675da83286b1cce702)
Start importing Assets/JMO Assets/Cartoon FX/CFX4 Prefabs (Mobile)/Misc/CFXM4 Radar Rings.prefab using Guid(79a8debc6b7c57a40a152c6100bed0b1) Importer(2089858483,192608db42251d675da83286b1cce702) (ScriptedImporter) -> (artifact id: 'db52473d1d39dbf8915ef351124af68d') in 0.0554804 seconds
Number of updated asset objects reloaded before import = 0Number of asset objects unloaded after import = 7

========================================================================
Received Import Request.
  Time since last request: 0.000037 seconds.
  path: Assets/JMO Assets/Cartoon FX/CFX4 Prefabs/Electric/Variants/CFX4 Sparks Explosion Bigger (Blue to Yellow).prefab
  artifactKey: Guid(4f6a9bb65f0c3804e8541f720f7033af) Importer(2089858483,192608db42251d675da83286b1cce702)
Start importing Assets/JMO Assets/Cartoon FX/CFX4 Prefabs/Electric/Variants/CFX4 Sparks Explosion Bigger (Blue to Yellow).prefab using Guid(4f6a9bb65f0c3804e8541f720f7033af) Importer(2089858483,192608db42251d675da83286b1cce702) (ScriptedImporter) -> (artifact id: '7ae394459e600f992e5c318b31eabe6b') in 0.0451954 seconds
Number of updated asset objects reloaded before import = 0Number of asset objects unloaded after import = 11

========================================================================
Received Import Request.
  Time since last request: 0.000041 seconds.
  path: Assets/JMO Assets/Cartoon FX/CFX4 Prefabs (Mobile)/Light/CFXM4 Falling Stars.prefab
  artifactKey: Guid(67e9f848d3e151449b8ac455ff4f4767) Importer(2089858483,192608db42251d675da83286b1cce702)
Start importing Assets/JMO Assets/Cartoon FX/CFX4 Prefabs (Mobile)/Light/CFXM4 Falling Stars.prefab using Guid(67e9f848d3e151449b8ac455ff4f4767) Importer(2089858483,192608db42251d675da83286b1cce702) (ScriptedImporter) -> (artifact id: '590324d22211ff66864d3923d9e76738') in 0.0428563 seconds
Number of updated asset objects reloaded before import = 0Number of asset objects unloaded after import = 10

========================================================================
Received Import Request.
  Time since last request: 0.000020 seconds.
  path: Assets/JMO Assets/Cartoon FX/CFX4 Prefabs (Mobile)/Space/Variants/CFXM4 Donut Teleporter (Straight, CFX Blend).prefab
  artifactKey: Guid(5523e4f23658ad24caa99b65f8da6437) Importer(2089858483,192608db42251d675da83286b1cce702)
Start importing Assets/JMO Assets/Cartoon FX/CFX4 Prefabs (Mobile)/Space/Variants/CFXM4 Donut Teleporter (Straight, CFX Blend).prefab using Guid(5523e4f23658ad24caa99b65f8da6437) Importer(2089858483,192608db42251d675da83286b1cce702) (ScriptedImporter) -> (artifact id: '75af3ae36a71fe6a6309f77cebbe0e59') in 0.041727 seconds
Number of updated asset objects reloaded before import = 0Number of asset objects unloaded after import = 6

========================================================================
Received Import Request.
  Time since last request: 0.000035 seconds.
  path: Assets/JMO Assets/Cartoon FX/CFX4 Prefabs (Mobile)/Misc/Variants/CFXM4 Hit Flower (Yellow).prefab
  artifactKey: Guid(502d1560eccb52c4b95cfce01f4e8f58) Importer(2089858483,192608db42251d675da83286b1cce702)
Start importing Assets/JMO Assets/Cartoon FX/CFX4 Prefabs (Mobile)/Misc/Variants/CFXM4 Hit Flower (Yellow).prefab using Guid(502d1560eccb52c4b95cfce01f4e8f58) Importer(2089858483,192608db42251d675da83286b1cce702) (ScriptedImporter) -> (artifact id: '383ac8e0c9cd4495a996f2d74fdae7a5') in 0.050872 seconds
Number of updated asset objects reloaded before import = 0Number of asset objects unloaded after import = 15

========================================================================
Received Import Request.
  Time since last request: 0.000033 seconds.
  path: Assets/JMO Assets/Cartoon FX/CFX4 Prefabs (Mobile)/Misc/Variants/CFXM4 Hit Paint C (Rainbow).prefab
  artifactKey: Guid(290a2aef23e5d4f4badeda006bb943c7) Importer(2089858483,192608db42251d675da83286b1cce702)
Start importing Assets/JMO Assets/Cartoon FX/CFX4 Prefabs (Mobile)/Misc/Variants/CFXM4 Hit Paint C (Rainbow).prefab using Guid(290a2aef23e5d4f4badeda006bb943c7) Importer(2089858483,192608db42251d675da83286b1cce702) (ScriptedImporter) -> (artifact id: 'db0ba9638c82fc528b72f45b8425eaae') in 0.04051 seconds
Number of updated asset objects reloaded before import = 0Number of asset objects unloaded after import = 11

========================================================================
Received Import Request.
  Time since last request: 0.000023 seconds.
  path: Assets/JMO Assets/Cartoon FX/CFX4 Prefabs (Mobile)/Misc/Variants/CFXM4 Hit Paint A (Pink).prefab
  artifactKey: Guid(50477809f29516c44bfad7f8802e18f5) Importer(2089858483,192608db42251d675da83286b1cce702)
Start importing Assets/JMO Assets/Cartoon FX/CFX4 Prefabs (Mobile)/Misc/Variants/CFXM4 Hit Paint A (Pink).prefab using Guid(50477809f29516c44bfad7f8802e18f5) Importer(2089858483,192608db42251d675da83286b1cce702) (ScriptedImporter) -> (artifact id: '861b09926efd85cc7962638e3dfd1801') in 0.045919 seconds
Number of updated asset objects reloaded before import = 0Number of asset objects unloaded after import = 11

========================================================================
Received Import Request.
  Time since last request: 0.000021 seconds.
  path: Assets/JMO Assets/Cartoon FX/CFX4 Prefabs (Mobile)/Explosions/CFXM4 Explosion SoftEdge Air.prefab
  artifactKey: Guid(1129b4733ed8e4c4999f0a0e95c1e910) Importer(2089858483,192608db42251d675da83286b1cce702)
Start importing Assets/JMO Assets/Cartoon FX/CFX4 Prefabs (Mobile)/Explosions/CFXM4 Explosion SoftEdge Air.prefab using Guid(1129b4733ed8e4c4999f0a0e95c1e910) Importer(2089858483,192608db42251d675da83286b1cce702) (ScriptedImporter) -> (artifact id: '8dd513b560be3f28c6e284ce4801dae6') in 0.0497856 seconds
Number of updated asset objects reloaded before import = 0Number of asset objects unloaded after import = 19

========================================================================
Received Import Request.
  Time since last request: 0.000028 seconds.
  path: Assets/JMO Assets/Cartoon FX/Materials (Mobile)/Fire/CFXM4_SpaceThruster AddSoft.mat
  artifactKey: Guid(78a744fb791764449980765417b12d50) Importer(2089858483,192608db42251d675da83286b1cce702)
Start importing Assets/JMO Assets/Cartoon FX/Materials (Mobile)/Fire/CFXM4_SpaceThruster AddSoft.mat using Guid(78a744fb791764449980765417b12d50) Importer(2089858483,192608db42251d675da83286b1cce702) (ScriptedImporter) -> (artifact id: 'a45a2ef5e94d27db0e536c1f5b552dfa') in 0.0129734 seconds
Number of updated asset objects reloaded before import = 0Number of asset objects unloaded after import = 2

========================================================================
Received Import Request.
  Time since last request: 0.000046 seconds.
  path: Assets/JMO Assets/Cartoon FX/CFX4 Prefabs (Mobile)/Misc/CFXM4 Flash.prefab
  artifactKey: Guid(39a99c9a1aa15504e80abeac11134e0e) Importer(2089858483,192608db42251d675da83286b1cce702)
Start importing Assets/JMO Assets/Cartoon FX/CFX4 Prefabs (Mobile)/Misc/CFXM4 Flash.prefab using Guid(39a99c9a1aa15504e80abeac11134e0e) Importer(2089858483,192608db42251d675da83286b1cce702) (ScriptedImporter) -> (artifact id: '7df317412430d1e8a8774e4aca32f1a5') in 0.046845 seconds
Number of updated asset objects reloaded before import = 0Number of asset objects unloaded after import = 11

========================================================================
Received Import Request.
  Time since last request: 0.000026 seconds.
  path: Assets/JMO Assets/Cartoon FX/CFX4 Prefabs (Mobile)/Explosions/Variants/CFXM4 Spiky Explosion (Pink).prefab
  artifactKey: Guid(d3dcd81e52ed0974f9e9b6a7bbd3e642) Importer(2089858483,192608db42251d675da83286b1cce702)
Start importing Assets/JMO Assets/Cartoon FX/CFX4 Prefabs (Mobile)/Explosions/Variants/CFXM4 Spiky Explosion (Pink).prefab using Guid(d3dcd81e52ed0974f9e9b6a7bbd3e642) Importer(2089858483,192608db42251d675da83286b1cce702) (ScriptedImporter) -> (artifact id: '755434f078c31600e83504b49c57a643') in 0.0451757 seconds
Number of updated asset objects reloaded before import = 0Number of asset objects unloaded after import = 15

========================================================================
Received Import Request.
  Time since last request: 0.000031 seconds.
  path: Assets/JMO Assets/Cartoon FX/CFX4 Prefabs (Mobile)/Explosions/Variants/CFXM4 Explosion SoftEdge Ground (No Smoke).prefab
  artifactKey: Guid(a564b390d8c7cd44e8c4564a4a426fb6) Importer(2089858483,192608db42251d675da83286b1cce702)
Start importing Assets/JMO Assets/Cartoon FX/CFX4 Prefabs (Mobile)/Explosions/Variants/CFXM4 Explosion SoftEdge Ground (No Smoke).prefab using Guid(a564b390d8c7cd44e8c4564a4a426fb6) Importer(2089858483,192608db42251d675da83286b1cce702) (ScriptedImporter) -> (artifact id: '9b0b861a52078116a1d50b002a07dabf') in 0.0479215 seconds
Number of updated asset objects reloaded before import = 0Number of asset objects unloaded after import = 19

========================================================================
Received Import Request.
  Time since last request: 0.000073 seconds.
  path: Assets/JMO Assets/Cartoon FX/CFX4 Prefabs (Mobile)/Electric/Variants/CFXM4 Sparks Explosion Bigger (Blue to Yellow).prefab
  artifactKey: Guid(7134efe699b749d40952892474f4960c) Importer(2089858483,192608db42251d675da83286b1cce702)
Start importing Assets/JMO Assets/Cartoon FX/CFX4 Prefabs (Mobile)/Electric/Variants/CFXM4 Sparks Explosion Bigger (Blue to Yellow).prefab using Guid(7134efe699b749d40952892474f4960c) Importer(2089858483,192608db42251d675da83286b1cce702) (ScriptedImporter) -> (artifact id: '233f6d98fb0b1394221b362b02adb081') in 0.0505727 seconds
Number of updated asset objects reloaded before import = 0Number of asset objects unloaded after import = 11

========================================================================
Received Import Request.
  Time since last request: 0.000028 seconds.
  path: Assets/JMO Assets/Cartoon FX/CFX4 Prefabs (Mobile)/Misc/Variants/CFXM4 Hit Paint A (Rainbow).prefab
  artifactKey: Guid(9e5ad458da71742438cb7d4ed9a8eb04) Importer(2089858483,192608db42251d675da83286b1cce702)
Start importing Assets/JMO Assets/Cartoon FX/CFX4 Prefabs (Mobile)/Misc/Variants/CFXM4 Hit Paint A (Rainbow).prefab using Guid(9e5ad458da71742438cb7d4ed9a8eb04) Importer(2089858483,192608db42251d675da83286b1cce702) (ScriptedImporter) -> (artifact id: '4df8ccf10a8a096089df41fcc9e06de4') in 0.0440702 seconds
Number of updated asset objects reloaded before import = 0Number of asset objects unloaded after import = 11

========================================================================
Received Import Request.
  Time since last request: 0.000033 seconds.
  path: Assets/JMO Assets/Cartoon FX/CFX4 Prefabs/Misc/Variants/CFX4 Hit Paint B (Orange).prefab
  artifactKey: Guid(e2dba04b7a3d9bc419b5c52a19e2aea7) Importer(2089858483,192608db42251d675da83286b1cce702)
Start importing Assets/JMO Assets/Cartoon FX/CFX4 Prefabs/Misc/Variants/CFX4 Hit Paint B (Orange).prefab using Guid(e2dba04b7a3d9bc419b5c52a19e2aea7) Importer(2089858483,192608db42251d675da83286b1cce702) (ScriptedImporter) -> (artifact id: 'a70db897af33a9d7868c0b6828cbf7a1') in 0.0492043 seconds
Number of updated asset objects reloaded before import = 0Number of asset objects unloaded after import = 15

========================================================================
Received Import Request.
  Time since last request: 0.000032 seconds.
  path: Assets/JMO Assets/Cartoon FX/CFX4 Prefabs/Misc/Variants/CFX4 Hit Flower (Blue).prefab
  artifactKey: Guid(3f9518526ea39a24a99e77891e9fd1e9) Importer(2089858483,192608db42251d675da83286b1cce702)
Start importing Assets/JMO Assets/Cartoon FX/CFX4 Prefabs/Misc/Variants/CFX4 Hit Flower (Blue).prefab using Guid(3f9518526ea39a24a99e77891e9fd1e9) Importer(2089858483,192608db42251d675da83286b1cce702) (ScriptedImporter) -> (artifact id: 'cef863475a4a93b9704b32cb326b5556') in 0.0519979 seconds
Number of updated asset objects reloaded before import = 0Number of asset objects unloaded after import = 15

========================================================================
Received Import Request.
  Time since last request: 0.000025 seconds.
  path: Assets/JMO Assets/Cartoon FX/CFX4 Prefabs/Misc/Variants/CFX4 Radar Rings (Blue, CFX Blend).prefab
  artifactKey: Guid(097bbd4928c9048428321008fea61cb7) Importer(2089858483,192608db42251d675da83286b1cce702)
Start importing Assets/JMO Assets/Cartoon FX/CFX4 Prefabs/Misc/Variants/CFX4 Radar Rings (Blue, CFX Blend).prefab using Guid(097bbd4928c9048428321008fea61cb7) Importer(2089858483,192608db42251d675da83286b1cce702) (ScriptedImporter) -> (artifact id: 'e91136bddaaeeaec073db30f34f91279') in 0.040422 seconds
Number of updated asset objects reloaded before import = 0Number of asset objects unloaded after import = 7

========================================================================
Received Import Request.
  Time since last request: 0.000035 seconds.
  path: Assets/JMO Assets/Cartoon FX/CFX4 Prefabs (Mobile)/Water/CFXM4 Water Explosion Small.prefab
  artifactKey: Guid(05c2c9fce7e672d4cbec2b41ec67d63d) Importer(2089858483,192608db42251d675da83286b1cce702)
Start importing Assets/JMO Assets/Cartoon FX/CFX4 Prefabs (Mobile)/Water/CFXM4 Water Explosion Small.prefab using Guid(05c2c9fce7e672d4cbec2b41ec67d63d) Importer(2089858483,192608db42251d675da83286b1cce702) (ScriptedImporter) -> (artifact id: '326671827d528e13c61d4a30cc75eb7c') in 0.0470491 seconds
Number of updated asset objects reloaded before import = 0Number of asset objects unloaded after import = 19

========================================================================
Received Import Request.
  Time since last request: 0.000043 seconds.
  path: Assets/JMO Assets/Cartoon FX/CFX4 Prefabs (Mobile)/Space/Variants/CFXM4_Space Thruster B (Orange, CFX Blend).prefab
  artifactKey: Guid(52d9f6022eba74b479a541a91b9c2a4c) Importer(2089858483,192608db42251d675da83286b1cce702)
Start importing Assets/JMO Assets/Cartoon FX/CFX4 Prefabs (Mobile)/Space/Variants/CFXM4_Space Thruster B (Orange, CFX Blend).prefab using Guid(52d9f6022eba74b479a541a91b9c2a4c) Importer(2089858483,192608db42251d675da83286b1cce702) (ScriptedImporter) -> (artifact id: '15b19a455cb128cef68137ac5cf55873') in 0.0463398 seconds
Number of updated asset objects reloaded before import = 0Number of asset objects unloaded after import = 7

========================================================================
Received Import Request.
  Time since last request: 0.000034 seconds.
  path: Assets/JMO Assets/Cartoon FX/CFX4 Prefabs (Mobile)/Fire/Variants/CFXM4 Flamme Round (Green, CFX Blend).prefab
  artifactKey: Guid(80f90200d4ab8034abb017862bb6339f) Importer(2089858483,192608db42251d675da83286b1cce702)
Start importing Assets/JMO Assets/Cartoon FX/CFX4 Prefabs (Mobile)/Fire/Variants/CFXM4 Flamme Round (Green, CFX Blend).prefab using Guid(80f90200d4ab8034abb017862bb6339f) Importer(2089858483,192608db42251d675da83286b1cce702) (ScriptedImporter) -> (artifact id: '2feff294b84ba7ed0584022189bbcb4a') in 0.0479605 seconds
Number of updated asset objects reloaded before import = 0Number of asset objects unloaded after import = 11

========================================================================
Received Import Request.
  Time since last request: 0.000028 seconds.
  path: Assets/JMO Assets/Cartoon FX/CFX4 Prefabs (Mobile)/Misc/Variants/CFXM4 Hit Paint B (Red).prefab
  artifactKey: Guid(cea07302f78458a40a06b72933319374) Importer(2089858483,192608db42251d675da83286b1cce702)
Start importing Assets/JMO Assets/Cartoon FX/CFX4 Prefabs (Mobile)/Misc/Variants/CFXM4 Hit Paint B (Red).prefab using Guid(cea07302f78458a40a06b72933319374) Importer(2089858483,192608db42251d675da83286b1cce702) (ScriptedImporter) -> (artifact id: 'e6f50ae97088a4395a20053910478c97') in 0.0454327 seconds
Number of updated asset objects reloaded before import = 0Number of asset objects unloaded after import = 15

========================================================================
Received Import Request.
  Time since last request: 0.000023 seconds.
  path: Assets/JMO Assets/Cartoon FX/CFX4 Prefabs/Explosions/Variants/CFX4 Firework B (Pink).prefab
  artifactKey: Guid(8dbafc45a8fe9b346ad789a59f8f077c) Importer(2089858483,192608db42251d675da83286b1cce702)
Start importing Assets/JMO Assets/Cartoon FX/CFX4 Prefabs/Explosions/Variants/CFX4 Firework B (Pink).prefab using Guid(8dbafc45a8fe9b346ad789a59f8f077c) Importer(2089858483,192608db42251d675da83286b1cce702) (ScriptedImporter) -> (artifact id: '0f2e29cc2b9007e18afa4a8342f0bc1b') in 0.0632907 seconds
Number of updated asset objects reloaded before import = 0Number of asset objects unloaded after import = 15

========================================================================
Received Import Request.
  Time since last request: 0.000032 seconds.
  path: Assets/JMO Assets/Cartoon FX/Materials (Mobile)/Light/CFXM4_Glow AB+Add Red.mat
  artifactKey: Guid(b1ae2357cae40af43951c80cdfe6e728) Importer(2089858483,192608db42251d675da83286b1cce702)
Start importing Assets/JMO Assets/Cartoon FX/Materials (Mobile)/Light/CFXM4_Glow AB+Add Red.mat using Guid(b1ae2357cae40af43951c80cdfe6e728) Importer(2089858483,192608db42251d675da83286b1cce702) (ScriptedImporter) -> (artifact id: 'bfb562dd2faa68b6e621a75e300ae5e9') in 0.0128354 seconds
Number of updated asset objects reloaded before import = 0Number of asset objects unloaded after import = 3

========================================================================
Received Import Request.
  Time since last request: 0.000059 seconds.
  path: Assets/JMO Assets/Cartoon FX/CFX4 Prefabs (Mobile)/Explosions/CFXM4 Firework B.prefab
  artifactKey: Guid(f22c5785808020b4dadaf408c43fe7f2) Importer(2089858483,192608db42251d675da83286b1cce702)
Start importing Assets/JMO Assets/Cartoon FX/CFX4 Prefabs (Mobile)/Explosions/CFXM4 Firework B.prefab using Guid(f22c5785808020b4dadaf408c43fe7f2) Importer(2089858483,192608db42251d675da83286b1cce702) (ScriptedImporter) -> (artifact id: '4885c7847b7a996743470544fd2afc00') in 0.0565004 seconds
Number of updated asset objects reloaded before import = 0Number of asset objects unloaded after import = 15

========================================================================
Received Import Request.
  Time since last request: 0.000027 seconds.
  path: Assets/JMO Assets/Cartoon FX/CFX4 Prefabs/Misc/Variants/CFX4 Radar Rings (Red, CFX Blend).prefab
  artifactKey: Guid(0c51cdd0d1d016242b840338b0699136) Importer(2089858483,192608db42251d675da83286b1cce702)
Start importing Assets/JMO Assets/Cartoon FX/CFX4 Prefabs/Misc/Variants/CFX4 Radar Rings (Red, CFX Blend).prefab using Guid(0c51cdd0d1d016242b840338b0699136) Importer(2089858483,192608db42251d675da83286b1cce702) (ScriptedImporter) -> (artifact id: 'b0a2e29860a8d7e746b1468d2f6642b1') in 0.0477199 seconds
Number of updated asset objects reloaded before import = 0Number of asset objects unloaded after import = 7

========================================================================
Received Import Request.
  Time since last request: 0.000030 seconds.
  path: Assets/JMO Assets/Cartoon FX/CFX4 Prefabs (Mobile)/Fire/Variants/CFXM4 Sun (Blue, CFX Blend).prefab
  artifactKey: Guid(e6e5af8a4759e6640ab8e1099c9f2cbb) Importer(2089858483,192608db42251d675da83286b1cce702)
Start importing Assets/JMO Assets/Cartoon FX/CFX4 Prefabs (Mobile)/Fire/Variants/CFXM4 Sun (Blue, CFX Blend).prefab using Guid(e6e5af8a4759e6640ab8e1099c9f2cbb) Importer(2089858483,192608db42251d675da83286b1cce702) (ScriptedImporter) -> (artifact id: 'c248b7e54c3ab85e11cae7fe1f2e5ea4') in 0.0493862 seconds
Number of updated asset objects reloaded before import = 0Number of asset objects unloaded after import = 15

========================================================================
Received Import Request.
  Time since last request: 0.000031 seconds.
  path: Assets/JMO Assets/Cartoon FX/Demo/UI Canvas/CFX Demo Btn Arrow.png
  artifactKey: Guid(6ca93523b0317c242b05932fedb07cb3) Importer(2089858483,192608db42251d675da83286b1cce702)
Start importing Assets/JMO Assets/Cartoon FX/Demo/UI Canvas/CFX Demo Btn Arrow.png using Guid(6ca93523b0317c242b05932fedb07cb3) Importer(2089858483,192608db42251d675da83286b1cce702) (ScriptedImporter) -> (artifact id: 'd52c8c0e6823f0d9218348e8f880ee00') in 0.0246008 seconds
Number of updated asset objects reloaded before import = 0Number of asset objects unloaded after import = 3

========================================================================
Received Import Request.
  Time since last request: 0.000030 seconds.
  path: Assets/JMO Assets/Cartoon FX/CFX4 Prefabs (Mobile)/Space/Variants/CFXM4_Plasma Ball (Green-Purple, CFX Blend).prefab
  artifactKey: Guid(739cbcca73f0cf3419e3e2c34c9f6936) Importer(2089858483,192608db42251d675da83286b1cce702)
Start importing Assets/JMO Assets/Cartoon FX/CFX4 Prefabs (Mobile)/Space/Variants/CFXM4_Plasma Ball (Green-Purple, CFX Blend).prefab using Guid(739cbcca73f0cf3419e3e2c34c9f6936) Importer(2089858483,192608db42251d675da83286b1cce702) (ScriptedImporter) -> (artifact id: '714d199e6c32c8ab140a818be5790d0e') in 0.0408307 seconds
Number of updated asset objects reloaded before import = 0Number of asset objects unloaded after import = 11

========================================================================
Received Import Request.
  Time since last request: 0.000034 seconds.
  path: Assets/JMO Assets/Cartoon FX/CFX4 Prefabs (Mobile)/Misc/Variants/CFXM4 Radar Rings (Orange, CFX Blend).prefab
  artifactKey: Guid(16770e440e007a14da610de0816673f2) Importer(2089858483,192608db42251d675da83286b1cce702)
Start importing Assets/JMO Assets/Cartoon FX/CFX4 Prefabs (Mobile)/Misc/Variants/CFXM4 Radar Rings (Orange, CFX Blend).prefab using Guid(16770e440e007a14da610de0816673f2) Importer(2089858483,192608db42251d675da83286b1cce702) (ScriptedImporter) -> (artifact id: '8c0628298d213d36adbb4964c5f96dcc') in 0.043504 seconds
Number of updated asset objects reloaded before import = 0Number of asset objects unloaded after import = 7

========================================================================
Received Import Request.
  Time since last request: 0.000045 seconds.
  path: Assets/JMO Assets/Cartoon FX/Materials (Mobile)/Water/CFXM3_IceSmoke ADD.mat
  artifactKey: Guid(0bae96837733cfe40ad617e2bc581c34) Importer(2089858483,192608db42251d675da83286b1cce702)
Start importing Assets/JMO Assets/Cartoon FX/Materials (Mobile)/Water/CFXM3_IceSmoke ADD.mat using Guid(0bae96837733cfe40ad617e2bc581c34) Importer(2089858483,192608db42251d675da83286b1cce702) (ScriptedImporter) -> (artifact id: '310b2904fc22dd97acf7198d0c16ca8e') in 0.0106553 seconds
Number of updated asset objects reloaded before import = 0Number of asset objects unloaded after import = 2

========================================================================
Received Import Request.
  Time since last request: 0.000034 seconds.
  path: Assets/JMO Assets/Cartoon FX/CFX4 Prefabs (Mobile)/Water/CFXM4 Environment Bubbles Dense.prefab
  artifactKey: Guid(2b0b615d41c44be47abf6c8f7a7acb2c) Importer(2089858483,192608db42251d675da83286b1cce702)
Start importing Assets/JMO Assets/Cartoon FX/CFX4 Prefabs (Mobile)/Water/CFXM4 Environment Bubbles Dense.prefab using Guid(2b0b615d41c44be47abf6c8f7a7acb2c) Importer(2089858483,192608db42251d675da83286b1cce702) (ScriptedImporter) -> (artifact id: '8b93ee7b20a579309d7712ccb7970214') in 0.0534615 seconds
Number of updated asset objects reloaded before import = 0Number of asset objects unloaded after import = 6

========================================================================
Received Import Request.
  Time since last request: 0.000026 seconds.
  path: Assets/JMO Assets/Cartoon FX/Materials (Mobile)/Stretched/CFXM4_Faded Ray AB+Add VColor.mat
  artifactKey: Guid(ab955f01a8982cb429eb0a2bb7ff3c88) Importer(2089858483,192608db42251d675da83286b1cce702)
Start importing Assets/JMO Assets/Cartoon FX/Materials (Mobile)/Stretched/CFXM4_Faded Ray AB+Add VColor.mat using Guid(ab955f01a8982cb429eb0a2bb7ff3c88) Importer(2089858483,192608db42251d675da83286b1cce702) (ScriptedImporter) -> (artifact id: '9b7babc66542a5401149c83af13140fd') in 0.0121226 seconds
Number of updated asset objects reloaded before import = 0Number of asset objects unloaded after import = 3

========================================================================
Received Import Request.
  Time since last request: 0.000020 seconds.
  path: Assets/JMO Assets/Cartoon FX/CFX4 Prefabs (Mobile)/Misc/Variants/CFXM4 Radar Rings Loop (CFX Blend).prefab
  artifactKey: Guid(f1a331ae9d6997943a10122a2ab8456b) Importer(2089858483,192608db42251d675da83286b1cce702)
Start importing Assets/JMO Assets/Cartoon FX/CFX4 Prefabs (Mobile)/Misc/Variants/CFXM4 Radar Rings Loop (CFX Blend).prefab using Guid(f1a331ae9d6997943a10122a2ab8456b) Importer(2089858483,192608db42251d675da83286b1cce702) (ScriptedImporter) -> (artifact id: 'a48c9dc8e2ff9602a54b9c5a3647bce0') in 0.0381741 seconds
Number of updated asset objects reloaded before import = 0Number of asset objects unloaded after import = 6

========================================================================
Received Import Request.
  Time since last request: 0.000028 seconds.
  path: Assets/JMO Assets/Cartoon FX/CFX4 Prefabs/Fire/Variants/CFX4 Flamme Round (Green, CFX Blend).prefab
  artifactKey: Guid(252480c3cd5fe924a9604c6a0ac1b5a4) Importer(2089858483,192608db42251d675da83286b1cce702)
Start importing Assets/JMO Assets/Cartoon FX/CFX4 Prefabs/Fire/Variants/CFX4 Flamme Round (Green, CFX Blend).prefab using Guid(252480c3cd5fe924a9604c6a0ac1b5a4) Importer(2089858483,192608db42251d675da83286b1cce702) (ScriptedImporter) -> (artifact id: '4fade46baa0a6dc1a88afcdca2a89f11') in 0.0404304 seconds
Number of updated asset objects reloaded before import = 0Number of asset objects unloaded after import = 15

========================================================================
Received Import Request.
  Time since last request: 0.000033 seconds.
  path: Assets/JMO Assets/Cartoon FX/CFX4 Prefabs (Mobile)/Misc/CFXM4 Smoke Trail A (Curved).prefab
  artifactKey: Guid(aff292baebcc7e442957c1df1d056307) Importer(2089858483,192608db42251d675da83286b1cce702)
Start importing Assets/JMO Assets/Cartoon FX/CFX4 Prefabs (Mobile)/Misc/CFXM4 Smoke Trail A (Curved).prefab using Guid(aff292baebcc7e442957c1df1d056307) Importer(2089858483,192608db42251d675da83286b1cce702) (ScriptedImporter) -> (artifact id: '580760b4b827131788db2fbbdc08ec6c') in 0.0382541 seconds
Number of updated asset objects reloaded before import = 0Number of asset objects unloaded after import = 10

========================================================================
Received Import Request.
  Time since last request: 0.000028 seconds.
  path: Assets/JMO Assets/Cartoon FX/CFX4 Prefabs/Space/Variants/CFX4_Space Thruster C (Red-Orange, CFX Blend).prefab
  artifactKey: Guid(1b63a7f33bb98d64bb98cd89dc36cefc) Importer(2089858483,192608db42251d675da83286b1cce702)
Start importing Assets/JMO Assets/Cartoon FX/CFX4 Prefabs/Space/Variants/CFX4_Space Thruster C (Red-Orange, CFX Blend).prefab using Guid(1b63a7f33bb98d64bb98cd89dc36cefc) Importer(2089858483,192608db42251d675da83286b1cce702) (ScriptedImporter) -> (artifact id: '7d8a737519c29a573e694125cf7e7597') in 0.0462952 seconds
Number of updated asset objects reloaded before import = 0Number of asset objects unloaded after import = 11

========================================================================
Received Import Request.
  Time since last request: 0.000032 seconds.
  path: Assets/JMO Assets/Cartoon FX/Materials/Fire/CFX4_FireBulk_Round AB+AddSoft VColor.mat
  artifactKey: Guid(89e0ad2d25b566b499a3c6123030eaea) Importer(2089858483,192608db42251d675da83286b1cce702)
Start importing Assets/JMO Assets/Cartoon FX/Materials/Fire/CFX4_FireBulk_Round AB+AddSoft VColor.mat using Guid(89e0ad2d25b566b499a3c6123030eaea) Importer(2089858483,192608db42251d675da83286b1cce702) (ScriptedImporter) -> (artifact id: '6d6b797b7b1516648c9be9e48460aa0e') in 0.0119705 seconds
Number of updated asset objects reloaded before import = 0Number of asset objects unloaded after import = 3

========================================================================
Received Import Request.
  Time since last request: 0.000049 seconds.
  path: Assets/JMO Assets/Cartoon FX/CFX4 Prefabs/Misc/Variants/CFX4 Hit Paint A (Pink).prefab
  artifactKey: Guid(8e5ba0b076520634fb2292ef6c526232) Importer(2089858483,192608db42251d675da83286b1cce702)
Start importing Assets/JMO Assets/Cartoon FX/CFX4 Prefabs/Misc/Variants/CFX4 Hit Paint A (Pink).prefab using Guid(8e5ba0b076520634fb2292ef6c526232) Importer(2089858483,192608db42251d675da83286b1cce702) (ScriptedImporter) -> (artifact id: '67feba60442bc374e2491bdd061e4cb5') in 0.0393874 seconds
Number of updated asset objects reloaded before import = 0Number of asset objects unloaded after import = 11

========================================================================
Received Import Request.
  Time since last request: 0.000026 seconds.
  path: Assets/JMO Assets/Cartoon FX/CFX4 Prefabs (Mobile)/Misc/Variants/CFXM4 Hit Paint C (Red).prefab
  artifactKey: Guid(c5c6a44fb8118934f862d694e94965ef) Importer(2089858483,192608db42251d675da83286b1cce702)
Start importing Assets/JMO Assets/Cartoon FX/CFX4 Prefabs (Mobile)/Misc/Variants/CFXM4 Hit Paint C (Red).prefab using Guid(c5c6a44fb8118934f862d694e94965ef) Importer(2089858483,192608db42251d675da83286b1cce702) (ScriptedImporter) -> (artifact id: 'b86b170820c4d8d636943b02f637a6cb') in 0.0414273 seconds
Number of updated asset objects reloaded before import = 0Number of asset objects unloaded after import = 11

========================================================================
Received Import Request.
  Time since last request: 0.000027 seconds.
  path: Assets/JMO Assets/Cartoon FX/CFX4 Prefabs (Mobile)/Fire/CFXM4 Sun (CFX Blend).prefab
  artifactKey: Guid(0c19ee463cc0b1b4cb6470d4476f5653) Importer(2089858483,192608db42251d675da83286b1cce702)
Start importing Assets/JMO Assets/Cartoon FX/CFX4 Prefabs (Mobile)/Fire/CFXM4 Sun (CFX Blend).prefab using Guid(0c19ee463cc0b1b4cb6470d4476f5653) Importer(2089858483,192608db42251d675da83286b1cce702) (ScriptedImporter) -> (artifact id: '3ea0f3f921c8f03fc945a30e884d9acf') in 0.039311 seconds
Number of updated asset objects reloaded before import = 0Number of asset objects unloaded after import = 15

========================================================================
Received Prepare
Begin MonoManager ReloadAssembly
[Licensing::Client] Successfully resolved entitlement details
[Licensing::Module] License group:
  Id: F4-6VBU-GQ76-3YAQ-GU2D-XXXX
  Product: Unity Personal
  Type: ULF
  Expiration: Unlimited
[Licensing::Module] License group:
  Id: 3440655-UnityPersXXXX
  Product: Unity Personal
  Type: Assigned
  Expiration: Unlimited
Assembly 'Assets/PlayServicesResolver/Editor/Google.JarResolver_v1.2.59.0.dll' will not be loaded due to errors:
Assembly name 'Google.JarResolver' does not match file name 'Google.JarResolver_v1.2.59.0'
Assembly 'Assets/PlayServicesResolver/Editor/Google.IOSResolver_v1.2.59.0.dll' will not be loaded due to errors:
Unable to resolve reference 'UnityEditor.iOS.Extensions.Xcode'. Is the assembly missing or incompatible with the current platform?
Reference validation can be disabled in the Plugin Inspector.
Assembly name 'Google.IOSResolver' does not match file name 'Google.IOSResolver_v1.2.59.0'
Assembly 'Assets/PlayServicesResolver/Editor/Google.VersionHandlerImpl_v1.2.59.0.dll' will not be loaded due to errors:
Assembly name 'Google.VersionHandlerImpl' does not match file name 'Google.VersionHandlerImpl_v1.2.59.0'
- Loaded All Assemblies, in  1.371 seconds
Refreshing native plugins compatible for Editor in 25.80 ms, found 6 plugins.
Native extension for Android target not found
Native extension for WindowsStandalone target not found
[Package Manager] Failed to launch server process. Reason: Unity was launched with the -noUpm command-line argument
[Package Manager] Unable to send message (not connected to server process).
[Package Manager] Cannot connect to Unity Package Manager local server
Non-secure network connections disabled in Player Settings
UnityEngine.Debug:ExtractStackTraceNoAlloc (byte*,int,string)
UnityEngine.StackTraceUtility:ExtractStackTrace ()
UnityEngine.Networking.UnityWebRequest:BeginWebRequest ()
UnityEngine.Networking.UnityWebRequest:SendWebRequest ()
UnityEngine.WWW:.ctor (string)
JMOAssets.JMOAssets_Menu:StartDownload ()
JMOAssets.JMOAssets_Menu:CheckStartupUpdate ()
JMOAssets.JMOAssets_Menu:.cctor ()
System.Runtime.CompilerServices.RuntimeHelpers:RunClassConstructor (System.RuntimeTypeHandle)
UnityEditor.EditorAssemblies:ProcessInitializeOnLoadAttributes (System.Type[])

[C:\build\output\unity\unity\Modules\UnityWebRequest\Public\Prototypes\UnityWebRequestProto.h line 519]

System.InvalidOperationException: Insecure connection not allowed
  at (wrapper managed-to-native) UnityEngine.Networking.UnityWebRequest.BeginWebRequest_Injected(intptr)
  at UnityEngine.Networking.UnityWebRequest.BeginWebRequest () [0x0000f] in <a5693f6f1faf4f39a6c9cefc1a5b2555>:0 
  at UnityEngine.Networking.UnityWebRequest.SendWebRequest () [0x00001] in <a5693f6f1faf4f39a6c9cefc1a5b2555>:0 
  at UnityEngine.WWW..ctor (System.String url) [0x00014] in <37916183dd3c4f44ab9cf13ab9ae239c>:0 
  at JMOAssets.JMOAssets_Menu.StartDownload () [0x00013] in <a7aa7c6095e5420583c7f523f7294ab4>:0 
  at JMOAssets.JMOAssets_Menu.CheckStartupUpdate () [0x00001] in <a7aa7c6095e5420583c7f523f7294ab4>:0 
  at JMOAssets.JMOAssets_Menu..cctor () [0x000a1] in <a7aa7c6095e5420583c7f523f7294ab4>:0 
UnityEngine.Debug:ExtractStackTraceNoAlloc (byte*,int,string)
UnityEngine.StackTraceUtility:ExtractStackTrace ()
UnityEngine.DebugLogHandler:Internal_Log (UnityEngine.LogType,UnityEngine.LogOption,string,UnityEngine.Object)
UnityEngine.DebugLogHandler:LogFormat (UnityEngine.LogType,UnityEngine.Object,string,object[])
UnityEngine.Logger:Log (UnityEngine.LogType,object)
UnityEngine.Debug:LogError (object)
UnityEditor.EditorAssemblies:ProcessInitializeOnLoadAttributes (System.Type[])

Mono: successfully reloaded assembly
- Finished resetting the current domain, in  1.747 seconds
Domain Reload Profiling: 3113ms
	BeginReloadAssembly (365ms)
		ExecutionOrderSort (0ms)
		DisableScriptedObjects (9ms)
		BackupInstance (0ms)
		ReleaseScriptingObjects (0ms)
		CreateAndSetChildDomain (101ms)
	RebuildCommonClasses (49ms)
	RebuildNativeTypeToScriptingClass (25ms)
	initialDomainReloadingComplete (69ms)
	LoadAllAssembliesAndSetupDomain (858ms)
		LoadAssemblies (725ms)
		RebuildTransferFunctionScriptingTraits (0ms)
		AnalyzeDomain (307ms)
			TypeCache.Refresh (16ms)
				TypeCache.ScanAssembly (0ms)
			BuildScriptInfoCaches (277ms)
			ResolveRequiredComponents (7ms)
	FinalizeReload (1748ms)
		ReleaseScriptCaches (0ms)
		RebuildScriptCaches (0ms)
		SetupLoadedEditorAssemblies (1556ms)
			LogAssemblyErrors (0ms)
			InitializePlatformSupportModulesInManaged (14ms)
			SetLoadedEditorAssemblies (6ms)
			BeforeProcessingInitializeOnLoad (192ms)
			ProcessInitializeOnLoadAttributes (1078ms)
			ProcessInitializeOnLoadMethodAttributes (258ms)
			AfterProcessingInitializeOnLoad (8ms)
			EditorAssembliesLoaded (0ms)
		ExecutionOrderSort2 (0ms)
		AwakeInstancesAfterBackupRestoration (11ms)
Refreshing native plugins compatible for Editor in 30.71 ms, found 6 plugins.
Preloading 0 native plugins for Editor in 0.00 ms.
Unloading 4 Unused Serialized files (Serialized files now loaded: 0)
Unloading 3743 unused Assets / (1.5 MB). Loaded Objects now: 4149.
Memory consumption went from 89.3 MB to 87.8 MB.
Total: 15.802500 ms (FindLiveObjects: 0.628300 ms CreateObjectMapping: 0.291000 ms MarkObjects: 12.307600 ms  DeleteObjects: 2.573000 ms)

Prepare: number of updated asset objects reloaded= 0
========================================================================
Received Prepare
Refreshing native plugins compatible for Editor in 27.06 ms, found 6 plugins.
Preloading 0 native plugins for Editor in 0.00 ms.
Unloading 4 Unused Serialized files (Serialized files now loaded: 0)
Unloading 3638 unused Assets / (1.0 MB). Loaded Objects now: 4149.
Memory consumption went from 88.8 MB to 87.8 MB.
Total: 15.576900 ms (FindLiveObjects: 0.605600 ms CreateObjectMapping: 0.271700 ms MarkObjects: 12.564000 ms  DeleteObjects: 2.132400 ms)

Prepare: number of updated asset objects reloaded= 0
========================================================================
Received Prepare
Refreshing native plugins compatible for Editor in 61.12 ms, found 6 plugins.
Preloading 0 native plugins for Editor in 0.00 ms.
Unloading 4 Unused Serialized files (Serialized files now loaded: 0)
Unloading 3638 unused Assets / (1.5 MB). Loaded Objects now: 4149.
Memory consumption went from 88.8 MB to 87.3 MB.
Total: 34.281300 ms (FindLiveObjects: 1.026800 ms CreateObjectMapping: 2.251000 ms MarkObjects: 27.890200 ms  DeleteObjects: 3.109300 ms)

Prepare: number of updated asset objects reloaded= 0
========================================================================
Received Prepare
Refreshing native plugins compatible for Editor in 55.92 ms, found 6 plugins.
Preloading 0 native plugins for Editor in 0.00 ms.
Unloading 4 Unused Serialized files (Serialized files now loaded: 0)
Unloading 3638 unused Assets / (1.5 MB). Loaded Objects now: 4149.
Memory consumption went from 88.8 MB to 87.3 MB.
Total: 29.933500 ms (FindLiveObjects: 1.407700 ms CreateObjectMapping: 0.580700 ms MarkObjects: 25.351400 ms  DeleteObjects: 2.590800 ms)

Prepare: number of updated asset objects reloaded= 0
========================================================================
Received Prepare
Refreshing native plugins compatible for Editor in 56.36 ms, found 6 plugins.
Preloading 0 native plugins for Editor in 0.00 ms.
Unloading 4 Unused Serialized files (Serialized files now loaded: 0)
Unloading 3638 unused Assets / (1.7 MB). Loaded Objects now: 4149.
Memory consumption went from 88.8 MB to 87.1 MB.
Total: 28.078600 ms (FindLiveObjects: 0.587300 ms CreateObjectMapping: 0.669200 ms MarkObjects: 23.651800 ms  DeleteObjects: 3.167100 ms)

Prepare: number of updated asset objects reloaded= 0
========================================================================
Received Prepare
Refreshing native plugins compatible for Editor in 62.55 ms, found 6 plugins.
Preloading 0 native plugins for Editor in 0.00 ms.
Unloading 4 Unused Serialized files (Serialized files now loaded: 0)
Unloading 3638 unused Assets / (1.5 MB). Loaded Objects now: 4149.
Memory consumption went from 88.8 MB to 87.3 MB.
Total: 32.856100 ms (FindLiveObjects: 0.605600 ms CreateObjectMapping: 0.725100 ms MarkObjects: 28.714800 ms  DeleteObjects: 2.807500 ms)

Prepare: number of updated asset objects reloaded= 0
========================================================================
Received Prepare
Refreshing native plugins compatible for Editor in 32.18 ms, found 6 plugins.
Preloading 0 native plugins for Editor in 0.00 ms.
Unloading 4 Unused Serialized files (Serialized files now loaded: 0)
Unloading 3638 unused Assets / (1.3 MB). Loaded Objects now: 4149.
Memory consumption went from 88.8 MB to 87.5 MB.
Total: 16.014600 ms (FindLiveObjects: 0.708100 ms CreateObjectMapping: 0.381200 ms MarkObjects: 12.865100 ms  DeleteObjects: 2.057100 ms)

Prepare: number of updated asset objects reloaded= 0
========================================================================
Received Prepare
Refreshing native plugins compatible for Editor in 28.91 ms, found 6 plugins.
Preloading 0 native plugins for Editor in 0.00 ms.
Unloading 4 Unused Serialized files (Serialized files now loaded: 0)
Unloading 3638 unused Assets / (1.3 MB). Loaded Objects now: 4149.
Memory consumption went from 88.8 MB to 87.5 MB.
Total: 14.138700 ms (FindLiveObjects: 0.633400 ms CreateObjectMapping: 0.499500 ms MarkObjects: 11.304900 ms  DeleteObjects: 1.698300 ms)

Prepare: number of updated asset objects reloaded= 0
========================================================================
Received Prepare
Refreshing native plugins compatible for Editor in 31.79 ms, found 6 plugins.
Preloading 0 native plugins for Editor in 0.00 ms.
Unloading 4 Unused Serialized files (Serialized files now loaded: 0)
Unloading 3638 unused Assets / (1.3 MB). Loaded Objects now: 4149.
Memory consumption went from 88.8 MB to 87.5 MB.
Total: 14.913100 ms (FindLiveObjects: 0.641800 ms CreateObjectMapping: 0.227400 ms MarkObjects: 12.640600 ms  DeleteObjects: 1.400300 ms)

Prepare: number of updated asset objects reloaded= 0
========================================================================
Received Prepare
Refreshing native plugins compatible for Editor in 30.06 ms, found 6 plugins.
Preloading 0 native plugins for Editor in 0.00 ms.
Unloading 4 Unused Serialized files (Serialized files now loaded: 0)
Unloading 3638 unused Assets / (1.2 MB). Loaded Objects now: 4149.
Memory consumption went from 88.8 MB to 87.6 MB.
Total: 13.223600 ms (FindLiveObjects: 0.444300 ms CreateObjectMapping: 0.280700 ms MarkObjects: 11.044900 ms  DeleteObjects: 1.451900 ms)

Prepare: number of updated asset objects reloaded= 0
========================================================================
Received Prepare
Refreshing native plugins compatible for Editor in 120.68 ms, found 6 plugins.
Preloading 0 native plugins for Editor in 0.00 ms.
Unloading 4 Unused Serialized files (Serialized files now loaded: 0)
Unloading 3638 unused Assets / (1.0 MB). Loaded Objects now: 4149.
Memory consumption went from 88.8 MB to 87.8 MB.
Total: 58.223000 ms (FindLiveObjects: 1.779000 ms CreateObjectMapping: 2.152400 ms MarkObjects: 49.683700 ms  DeleteObjects: 4.605100 ms)

Prepare: number of updated asset objects reloaded= 0
========================================================================
Received Prepare
Refreshing native plugins compatible for Editor in 120.43 ms, found 6 plugins.
Preloading 0 native plugins for Editor in 0.00 ms.
Unloading 4 Unused Serialized files (Serialized files now loaded: 0)
Unloading 3638 unused Assets / (1.0 MB). Loaded Objects now: 4149.
Memory consumption went from 88.8 MB to 87.8 MB.
Total: 51.721100 ms (FindLiveObjects: 2.250400 ms CreateObjectMapping: 0.679100 ms MarkObjects: 40.795800 ms  DeleteObjects: 7.992600 ms)

Prepare: number of updated asset objects reloaded= 0
========================================================================
Received Prepare
Begin MonoManager ReloadAssembly
Assembly 'Assets/PlayServicesResolver/Editor/Google.JarResolver_v1.2.59.0.dll' will not be loaded due to errors:
Assembly name 'Google.JarResolver' does not match file name 'Google.JarResolver_v1.2.59.0'
Assembly 'Assets/PlayServicesResolver/Editor/Google.IOSResolver_v1.2.59.0.dll' will not be loaded due to errors:
Unable to resolve reference 'UnityEditor.iOS.Extensions.Xcode'. Is the assembly missing or incompatible with the current platform?
Reference validation can be disabled in the Plugin Inspector.
Assembly name 'Google.IOSResolver' does not match file name 'Google.IOSResolver_v1.2.59.0'
Assembly 'Assets/PlayServicesResolver/Editor/Google.VersionHandlerImpl_v1.2.59.0.dll' will not be loaded due to errors:
Assembly name 'Google.VersionHandlerImpl' does not match file name 'Google.VersionHandlerImpl_v1.2.59.0'
- Loaded All Assemblies, in  1.167 seconds
Refreshing native plugins compatible for Editor in 28.71 ms, found 6 plugins.
Native extension for Android target not found
Native extension for WindowsStandalone target not found
[Package Manager] Failed to launch server process. Reason: Unity was launched with the -noUpm command-line argument
[Package Manager] Unable to send message (not connected to server process).
[Package Manager] Cannot connect to Unity Package Manager local server
Non-secure network connections disabled in Player Settings
UnityEngine.Debug:ExtractStackTraceNoAlloc (byte*,int,string)
UnityEngine.StackTraceUtility:ExtractStackTrace ()
UnityEngine.Networking.UnityWebRequest:BeginWebRequest ()
UnityEngine.Networking.UnityWebRequest:SendWebRequest ()
UnityEngine.WWW:.ctor (string)
JMOAssets.JMOAssets_Menu:StartDownload ()
JMOAssets.JMOAssets_Menu:CheckStartupUpdate ()
JMOAssets.JMOAssets_Menu:.cctor ()
System.Runtime.CompilerServices.RuntimeHelpers:RunClassConstructor (System.RuntimeTypeHandle)
UnityEditor.EditorAssemblies:ProcessInitializeOnLoadAttributes (System.Type[])

[C:\build\output\unity\unity\Modules\UnityWebRequest\Public\Prototypes\UnityWebRequestProto.h line 519]

System.InvalidOperationException: Insecure connection not allowed
  at (wrapper managed-to-native) UnityEngine.Networking.UnityWebRequest.BeginWebRequest_Injected(intptr)
  at UnityEngine.Networking.UnityWebRequest.BeginWebRequest () [0x0000f] in <a5693f6f1faf4f39a6c9cefc1a5b2555>:0 
  at UnityEngine.Networking.UnityWebRequest.SendWebRequest () [0x00001] in <a5693f6f1faf4f39a6c9cefc1a5b2555>:0 
  at UnityEngine.WWW..ctor (System.String url) [0x00014] in <37916183dd3c4f44ab9cf13ab9ae239c>:0 
  at JMOAssets.JMOAssets_Menu.StartDownload () [0x00013] in <a7aa7c6095e5420583c7f523f7294ab4>:0 
  at JMOAssets.JMOAssets_Menu.CheckStartupUpdate () [0x00001] in <a7aa7c6095e5420583c7f523f7294ab4>:0 
  at JMOAssets.JMOAssets_Menu..cctor () [0x000a1] in <a7aa7c6095e5420583c7f523f7294ab4>:0 
UnityEngine.Debug:ExtractStackTraceNoAlloc (byte*,int,string)
UnityEngine.StackTraceUtility:ExtractStackTrace ()
UnityEngine.DebugLogHandler:Internal_Log (UnityEngine.LogType,UnityEngine.LogOption,string,UnityEngine.Object)
UnityEngine.DebugLogHandler:LogFormat (UnityEngine.LogType,UnityEngine.Object,string,object[])
UnityEngine.Logger:Log (UnityEngine.LogType,object)
UnityEngine.Debug:LogError (object)
UnityEditor.EditorAssemblies:ProcessInitializeOnLoadAttributes (System.Type[])

Mono: successfully reloaded assembly
- Finished resetting the current domain, in  1.343 seconds
Domain Reload Profiling: 2509ms
	BeginReloadAssembly (314ms)
		ExecutionOrderSort (0ms)
		DisableScriptedObjects (8ms)
		BackupInstance (0ms)
		ReleaseScriptingObjects (0ms)
		CreateAndSetChildDomain (68ms)
	RebuildCommonClasses (48ms)
	RebuildNativeTypeToScriptingClass (17ms)
	initialDomainReloadingComplete (49ms)
	LoadAllAssembliesAndSetupDomain (736ms)
		LoadAssemblies (716ms)
		RebuildTransferFunctionScriptingTraits (0ms)
		AnalyzeDomain (193ms)
			TypeCache.Refresh (13ms)
				TypeCache.ScanAssembly (0ms)
			BuildScriptInfoCaches (169ms)
			ResolveRequiredComponents (4ms)
	FinalizeReload (1344ms)
		ReleaseScriptCaches (0ms)
		RebuildScriptCaches (0ms)
		SetupLoadedEditorAssemblies (1138ms)
			LogAssemblyErrors (0ms)
			InitializePlatformSupportModulesInManaged (14ms)
			SetLoadedEditorAssemblies (9ms)
			BeforeProcessingInitializeOnLoad (217ms)
			ProcessInitializeOnLoadAttributes (653ms)
			ProcessInitializeOnLoadMethodAttributes (237ms)
			AfterProcessingInitializeOnLoad (7ms)
			EditorAssembliesLoaded (0ms)
		ExecutionOrderSort2 (0ms)
		AwakeInstancesAfterBackupRestoration (9ms)
Refreshing native plugins compatible for Editor in 26.45 ms, found 6 plugins.
Preloading 0 native plugins for Editor in 0.00 ms.
Unloading 4 Unused Serialized files (Serialized files now loaded: 0)
Unloading 3740 unused Assets / (1.5 MB). Loaded Objects now: 4151.
Memory consumption went from 89.2 MB to 87.7 MB.
Total: 18.030900 ms (FindLiveObjects: 1.066500 ms CreateObjectMapping: 0.398100 ms MarkObjects: 14.062600 ms  DeleteObjects: 2.501300 ms)

Prepare: number of updated asset objects reloaded= 0
========================================================================
Received Prepare
Begin MonoManager ReloadAssembly
Assembly 'Assets/PlayServicesResolver/Editor/Google.JarResolver_v1.2.59.0.dll' will not be loaded due to errors:
Assembly name 'Google.JarResolver' does not match file name 'Google.JarResolver_v1.2.59.0'
Assembly 'Assets/PlayServicesResolver/Editor/Google.IOSResolver_v1.2.59.0.dll' will not be loaded due to errors:
Unable to resolve reference 'UnityEditor.iOS.Extensions.Xcode'. Is the assembly missing or incompatible with the current platform?
Reference validation can be disabled in the Plugin Inspector.
Assembly name 'Google.IOSResolver' does not match file name 'Google.IOSResolver_v1.2.59.0'
Assembly 'Assets/PlayServicesResolver/Editor/Google.VersionHandlerImpl_v1.2.59.0.dll' will not be loaded due to errors:
Assembly name 'Google.VersionHandlerImpl' does not match file name 'Google.VersionHandlerImpl_v1.2.59.0'
- Loaded All Assemblies, in  1.095 seconds
Refreshing native plugins compatible for Editor in 22.30 ms, found 6 plugins.
Native extension for Android target not found
Native extension for WindowsStandalone target not found
[Package Manager] Failed to launch server process. Reason: Unity was launched with the -noUpm command-line argument
[Package Manager] Unable to send message (not connected to server process).
[Package Manager] Cannot connect to Unity Package Manager local server
Non-secure network connections disabled in Player Settings
UnityEngine.Debug:ExtractStackTraceNoAlloc (byte*,int,string)
UnityEngine.StackTraceUtility:ExtractStackTrace ()
UnityEngine.Networking.UnityWebRequest:BeginWebRequest ()
UnityEngine.Networking.UnityWebRequest:SendWebRequest ()
UnityEngine.WWW:.ctor (string)
JMOAssets.JMOAssets_Menu:StartDownload ()
JMOAssets.JMOAssets_Menu:CheckStartupUpdate ()
JMOAssets.JMOAssets_Menu:.cctor ()
System.Runtime.CompilerServices.RuntimeHelpers:RunClassConstructor (System.RuntimeTypeHandle)
UnityEditor.EditorAssemblies:ProcessInitializeOnLoadAttributes (System.Type[])

[C:\build\output\unity\unity\Modules\UnityWebRequest\Public\Prototypes\UnityWebRequestProto.h line 519]

System.InvalidOperationException: Insecure connection not allowed
  at (wrapper managed-to-native) UnityEngine.Networking.UnityWebRequest.BeginWebRequest_Injected(intptr)
  at UnityEngine.Networking.UnityWebRequest.BeginWebRequest () [0x0000f] in <a5693f6f1faf4f39a6c9cefc1a5b2555>:0 
  at UnityEngine.Networking.UnityWebRequest.SendWebRequest () [0x00001] in <a5693f6f1faf4f39a6c9cefc1a5b2555>:0 
  at UnityEngine.WWW..ctor (System.String url) [0x00014] in <37916183dd3c4f44ab9cf13ab9ae239c>:0 
  at JMOAssets.JMOAssets_Menu.StartDownload () [0x00013] in <a7aa7c6095e5420583c7f523f7294ab4>:0 
  at JMOAssets.JMOAssets_Menu.CheckStartupUpdate () [0x00001] in <a7aa7c6095e5420583c7f523f7294ab4>:0 
  at JMOAssets.JMOAssets_Menu..cctor () [0x000a1] in <a7aa7c6095e5420583c7f523f7294ab4>:0 
UnityEngine.Debug:ExtractStackTraceNoAlloc (byte*,int,string)
UnityEngine.StackTraceUtility:ExtractStackTrace ()
UnityEngine.DebugLogHandler:Internal_Log (UnityEngine.LogType,UnityEngine.LogOption,string,UnityEngine.Object)
UnityEngine.DebugLogHandler:LogFormat (UnityEngine.LogType,UnityEngine.Object,string,object[])
UnityEngine.Logger:Log (UnityEngine.LogType,object)
UnityEngine.Debug:LogError (object)
UnityEditor.EditorAssemblies:ProcessInitializeOnLoadAttributes (System.Type[])

Mono: successfully reloaded assembly
- Finished resetting the current domain, in  1.460 seconds
Domain Reload Profiling: 2550ms
	BeginReloadAssembly (293ms)
		ExecutionOrderSort (0ms)
		DisableScriptedObjects (9ms)
		BackupInstance (0ms)
		ReleaseScriptingObjects (0ms)
		CreateAndSetChildDomain (66ms)
	RebuildCommonClasses (46ms)
	RebuildNativeTypeToScriptingClass (17ms)
	initialDomainReloadingComplete (51ms)
	LoadAllAssembliesAndSetupDomain (683ms)
		LoadAssemblies (663ms)
		RebuildTransferFunctionScriptingTraits (0ms)
		AnalyzeDomain (175ms)
			TypeCache.Refresh (11ms)
				TypeCache.ScanAssembly (0ms)
			BuildScriptInfoCaches (153ms)
			ResolveRequiredComponents (5ms)
	FinalizeReload (1461ms)
		ReleaseScriptCaches (0ms)
		RebuildScriptCaches (0ms)
		SetupLoadedEditorAssemblies (1240ms)
			LogAssemblyErrors (0ms)
			InitializePlatformSupportModulesInManaged (18ms)
			SetLoadedEditorAssemblies (9ms)
			BeforeProcessingInitializeOnLoad (219ms)
			ProcessInitializeOnLoadAttributes (700ms)
			ProcessInitializeOnLoadMethodAttributes (286ms)
			AfterProcessingInitializeOnLoad (8ms)
			EditorAssembliesLoaded (1ms)
		ExecutionOrderSort2 (0ms)
		AwakeInstancesAfterBackupRestoration (13ms)
Refreshing native plugins compatible for Editor in 22.44 ms, found 6 plugins.
Preloading 0 native plugins for Editor in 0.00 ms.
Unloading 4 Unused Serialized files (Serialized files now loaded: 0)
Unloading 3740 unused Assets / (1.2 MB). Loaded Objects now: 4153.
Memory consumption went from 89.2 MB to 88.0 MB.
Total: 13.125500 ms (FindLiveObjects: 0.402400 ms CreateObjectMapping: 0.302700 ms MarkObjects: 10.937200 ms  DeleteObjects: 1.481600 ms)

Prepare: number of updated asset objects reloaded= 0
========================================================================
Received Import Request.
  Time since last request: 66.148522 seconds.
  path: Assets/GameAnalytics
  artifactKey: Guid(1857a5c95790a4603b443911d9111458) Importer(815301076,1909f56bfc062723c751e8b465ee728b)
Start importing Assets/GameAnalytics using Guid(1857a5c95790a4603b443911d9111458) Importer(815301076,1909f56bfc062723c751e8b465ee728b) (PreviewImporter) -> (artifact id: '370d44485addfaf9feb5786af428fcb1') in 0.0175407 seconds
Number of updated asset objects reloaded before import = 0Number of asset objects unloaded after import = 0

========================================================================
Received Import Request.
  Time since last request: 1.174095 seconds.
  path: Assets/GameAnalytics/Plugins
  artifactKey: Guid(97b79fc4d9d2243ed8192a5f84b29f1f) Importer(815301076,1909f56bfc062723c751e8b465ee728b)
Start importing Assets/GameAnalytics/Plugins using Guid(97b79fc4d9d2243ed8192a5f84b29f1f) Importer(815301076,1909f56bfc062723c751e8b465ee728b) (PreviewImporter) -> (artifact id: '9c101e81d93b462bd98e64e269b7fac8') in 0.0019852 seconds
Number of updated asset objects reloaded before import = 0Number of asset objects unloaded after import = 0

========================================================================
Received Import Request.
  Time since last request: 0.817705 seconds.
  path: Assets/GameAnalytics/Editor
  artifactKey: Guid(98edb85161ea149fbaa05683b2bfd504) Importer(815301076,1909f56bfc062723c751e8b465ee728b)
Start importing Assets/GameAnalytics/Editor using Guid(98edb85161ea149fbaa05683b2bfd504) Importer(815301076,1909f56bfc062723c751e8b465ee728b) (PreviewImporter) -> (artifact id: '317e3d52046a4f39a5b806177b830f1d') in 0.0015709 seconds
Number of updated asset objects reloaded before import = 0Number of asset objects unloaded after import = 0

========================================================================
Received Import Request.
  Time since last request: 2.228863 seconds.
  path: Assets/Gizmos
  artifactKey: Guid(8774c230da39f2f41a5ca6ca2eb30aaf) Importer(815301076,1909f56bfc062723c751e8b465ee728b)
Start importing Assets/Gizmos using Guid(8774c230da39f2f41a5ca6ca2eb30aaf) Importer(815301076,1909f56bfc062723c751e8b465ee728b) (PreviewImporter) -> (artifact id: '33b40054a8497e80f74db10a3aafc197') in 0.0017742 seconds
Number of updated asset objects reloaded before import = 0Number of asset objects unloaded after import = 0

========================================================================
Received Import Request.
  Time since last request: 0.925985 seconds.
  path: Assets/Gizmos/GameAnalytics
  artifactKey: Guid(0815a0dd77f0048c28eb65386cbbaa8f) Importer(815301076,1909f56bfc062723c751e8b465ee728b)
Start importing Assets/Gizmos/GameAnalytics using Guid(0815a0dd77f0048c28eb65386cbbaa8f) Importer(815301076,1909f56bfc062723c751e8b465ee728b) (PreviewImporter) -> (artifact id: 'ce96317678c433f643d04d1e2b0aa192') in 0.0042783 seconds
Number of updated asset objects reloaded before import = 0Number of asset objects unloaded after import = 0

========================================================================
Received Import Request.
  Time since last request: 0.068722 seconds.
  path: Assets/Gizmos/GameAnalytics/gaLogo.png
  artifactKey: Guid(98df8f9c5678a4e5d964caa1244e8958) Importer(815301076,1909f56bfc062723c751e8b465ee728b)
Start importing Assets/Gizmos/GameAnalytics/gaLogo.png using Guid(98df8f9c5678a4e5d964caa1244e8958) Importer(815301076,1909f56bfc062723c751e8b465ee728b) (PreviewImporter) -> (artifact id: 'e129435390610e63c44c182238e76641') in 0.1032547 seconds
Number of updated asset objects reloaded before import = 0Number of asset objects unloaded after import = 2

========================================================================
Received Import Request.
  Time since last request: 0.843484 seconds.
  path: Assets/Gizmos/GameAnalytics/Images
  artifactKey: Guid(33f691f424cec47a3a0f33815f922bd2) Importer(815301076,1909f56bfc062723c751e8b465ee728b)
Start importing Assets/Gizmos/GameAnalytics/Images using Guid(33f691f424cec47a3a0f33815f922bd2) Importer(815301076,1909f56bfc062723c751e8b465ee728b) (PreviewImporter) -> (artifact id: '68e4fcf3ada3c76c50268b80e8a506be') in 0.0011928 seconds
Number of updated asset objects reloaded before import = 0Number of asset objects unloaded after import = 0

========================================================================
Received Import Request.
  Time since last request: 0.065002 seconds.
  path: Assets/Gizmos/GameAnalytics/Images/active.png
  artifactKey: Guid(2a410468f562749b09418cdaaa03e6c3) Importer(815301076,1909f56bfc062723c751e8b465ee728b)
Start importing Assets/Gizmos/GameAnalytics/Images/active.png using Guid(2a410468f562749b09418cdaaa03e6c3) Importer(815301076,1909f56bfc062723c751e8b465ee728b) (PreviewImporter) -> (artifact id: '260f8dd3ef4a76c702d25a621a5d3116') in 0.0126844 seconds
Number of updated asset objects reloaded before import = 0Number of asset objects unloaded after import = 2

========================================================================
Received Import Request.
  Time since last request: 0.000098 seconds.
  path: Assets/Gizmos/GameAnalytics/Images/game.png
  artifactKey: Guid(a9ac7103fc40b4e00923bf8c2cb5d30f) Importer(815301076,1909f56bfc062723c751e8b465ee728b)
Start importing Assets/Gizmos/GameAnalytics/Images/game.png using Guid(a9ac7103fc40b4e00923bf8c2cb5d30f) Importer(815301076,1909f56bfc062723c751e8b465ee728b) (PreviewImporter) -> (artifact id: '402eabed9cef672e7cbdc8a03361c262') in 0.0128605 seconds
Number of updated asset objects reloaded before import = 0Number of asset objects unloaded after import = 2

========================================================================
Received Import Request.
  Time since last request: 0.019123 seconds.
  path: Assets/Gizmos/GameAnalytics/Images/info.png
  artifactKey: Guid(1b4dd779aadd54ac88856975af0d3c0a) Importer(815301076,1909f56bfc062723c751e8b465ee728b)
Start importing Assets/Gizmos/GameAnalytics/Images/info.png using Guid(1b4dd779aadd54ac88856975af0d3c0a) Importer(815301076,1909f56bfc062723c751e8b465ee728b) (PreviewImporter) -> (artifact id: 'a507cf8835ae5f16b3b85c14cd60dda3') in 0.0094157 seconds
Number of updated asset objects reloaded before import = 0Number of asset objects unloaded after import = 2

========================================================================
Received Import Request.
  Time since last request: 0.021104 seconds.
  path: Assets/Gizmos/GameAnalytics/Images/question.png
  artifactKey: Guid(f8ea67e311b0c4b2ea05718e90fd3b5b) Importer(815301076,1909f56bfc062723c751e8b465ee728b)
Start importing Assets/Gizmos/GameAnalytics/Images/question.png using Guid(f8ea67e311b0c4b2ea05718e90fd3b5b) Importer(815301076,1909f56bfc062723c751e8b465ee728b) (PreviewImporter) -> (artifact id: '4f96ecef7d15c5144c4e8d0e243f4c97') in 0.010795 seconds
Number of updated asset objects reloaded before import = 0Number of asset objects unloaded after import = 2

========================================================================
Received Import Request.
  Time since last request: 0.000026 seconds.
  path: Assets/Gizmos/GameAnalytics/Images/update_orange.png
  artifactKey: Guid(810bbb19deed24f3cb7b854f9bafde26) Importer(815301076,1909f56bfc062723c751e8b465ee728b)
Start importing Assets/Gizmos/GameAnalytics/Images/update_orange.png using Guid(810bbb19deed24f3cb7b854f9bafde26) Importer(815301076,1909f56bfc062723c751e8b465ee728b) (PreviewImporter) -> (artifact id: '4f1845f749063f96dcb3c9543e696f4c') in 0.0083614 seconds
Number of updated asset objects reloaded before import = 0Number of asset objects unloaded after import = 2

========================================================================
Received Import Request.
  Time since last request: 0.000024 seconds.
  path: Assets/Gizmos/GameAnalytics/Images/instrument.png
  artifactKey: Guid(2ba470b4dffd848c6b267c34770cc63e) Importer(815301076,1909f56bfc062723c751e8b465ee728b)
Start importing Assets/Gizmos/GameAnalytics/Images/instrument.png using Guid(2ba470b4dffd848c6b267c34770cc63e) Importer(815301076,1909f56bfc062723c751e8b465ee728b) (PreviewImporter) -> (artifact id: '708c94dcac20171a9ecfea00792e587b') in 0.0108676 seconds
Number of updated asset objects reloaded before import = 0Number of asset objects unloaded after import = 2

========================================================================
Received Import Request.
  Time since last request: 0.000052 seconds.
  path: Assets/Gizmos/GameAnalytics/Images/user.png
  artifactKey: Guid(f49ef75333ff247cfb5dad4dab0d4dac) Importer(815301076,1909f56bfc062723c751e8b465ee728b)
Start importing Assets/Gizmos/GameAnalytics/Images/user.png using Guid(f49ef75333ff247cfb5dad4dab0d4dac) Importer(815301076,1909f56bfc062723c751e8b465ee728b) (PreviewImporter) -> (artifact id: 'dd8735215e109e634316e2447a68af1c') in 0.010461 seconds
Number of updated asset objects reloaded before import = 0Number of asset objects unloaded after import = 2

========================================================================
Received Import Request.
  Time since last request: 0.000030 seconds.
  path: Assets/Gizmos/GameAnalytics/Images/home.png
  artifactKey: Guid(fe7e2ecc9b2fe447bafe90f6395d4709) Importer(815301076,1909f56bfc062723c751e8b465ee728b)
Start importing Assets/Gizmos/GameAnalytics/Images/home.png using Guid(fe7e2ecc9b2fe447bafe90f6395d4709) Importer(815301076,1909f56bfc062723c751e8b465ee728b) (PreviewImporter) -> (artifact id: '4a789cdb7eaa9e3fb5e06d8dcbeed51f') in 0.0124988 seconds
Number of updated asset objects reloaded before import = 0Number of asset objects unloaded after import = 2

========================================================================
Received Import Request.
  Time since last request: 0.000044 seconds.
  path: Assets/Gizmos/GameAnalytics/Images/delete.png
  artifactKey: Guid(85a626f1668244d30a4e9f616991a793) Importer(815301076,1909f56bfc062723c751e8b465ee728b)
Start importing Assets/Gizmos/GameAnalytics/Images/delete.png using Guid(85a626f1668244d30a4e9f616991a793) Importer(815301076,1909f56bfc062723c751e8b465ee728b) (PreviewImporter) -> (artifact id: 'e571ce61a21a57973c7face5f8a09513') in 0.0104584 seconds
Number of updated asset objects reloaded before import = 0Number of asset objects unloaded after import = 2

========================================================================
Received Import Request.
  Time since last request: 2.689905 seconds.
  path: Assets/JMO Assets
  artifactKey: Guid(3d3e5349eb1a5a54d996e7108143cf84) Importer(815301076,1909f56bfc062723c751e8b465ee728b)
Start importing Assets/JMO Assets using Guid(3d3e5349eb1a5a54d996e7108143cf84) Importer(815301076,1909f56bfc062723c751e8b465ee728b) (PreviewImporter) -> (artifact id: '3e7c06c8591b2cb2b78b21f5b2ccd806') in 0.0014584 seconds
Number of updated asset objects reloaded before import = 0Number of asset objects unloaded after import = 0

========================================================================
Received Import Request.
  Time since last request: 0.591046 seconds.
  path: Assets/Models
  artifactKey: Guid(3347fecb5039b164c9b5594445173d75) Importer(815301076,1909f56bfc062723c751e8b465ee728b)
Start importing Assets/Models using Guid(3347fecb5039b164c9b5594445173d75) Importer(815301076,1909f56bfc062723c751e8b465ee728b) (PreviewImporter) -> (artifact id: 'bf8d03bd32fbc1982c1cc34e161fe4fd') in 0.0013563 seconds
Number of updated asset objects reloaded before import = 0Number of asset objects unloaded after import = 0

========================================================================
Received Import Request.
  Time since last request: 5.174871 seconds.
  path: Assets/Prefabs
  artifactKey: Guid(63c0c87f0b99b184db8973810775701d) Importer(815301076,1909f56bfc062723c751e8b465ee728b)
Start importing Assets/Prefabs using Guid(63c0c87f0b99b184db8973810775701d) Importer(815301076,1909f56bfc062723c751e8b465ee728b) (PreviewImporter) -> (artifact id: '67c225d4a823731f59df1b2dbf12d595') in 0.0022201 seconds
Number of updated asset objects reloaded before import = 0Number of asset objects unloaded after import = 0

========================================================================
Received Import Request.
  Time since last request: 0.121040 seconds.
  path: Assets/Prefabs/base_spatializedItem.prefab
  artifactKey: Guid(8d6f834dfc3619342afd3e330533159b) Importer(815301076,1909f56bfc062723c751e8b465ee728b)
Start importing Assets/Prefabs/base_spatializedItem.prefab using Guid(8d6f834dfc3619342afd3e330533159b) Importer(815301076,1909f56bfc062723c751e8b465ee728b) (PreviewImporter) -> (artifact id: '41504f754be3a02fa078bfc142797359') in 0.0414085 seconds
Number of updated asset objects reloaded before import = 0Number of asset objects unloaded after import = 16

========================================================================
Received Import Request.
  Time since last request: 8.943023 seconds.
  path: Assets/Scripting
  artifactKey: Guid(9725d5143ca8f4a478031e19b0cf6b4d) Importer(815301076,1909f56bfc062723c751e8b465ee728b)
Start importing Assets/Scripting using Guid(9725d5143ca8f4a478031e19b0cf6b4d) Importer(815301076,1909f56bfc062723c751e8b465ee728b) (PreviewImporter) -> (artifact id: '48647381ab838171eafce94b0682bdc0') in 0.0017005 seconds
Number of updated asset objects reloaded before import = 0Number of asset objects unloaded after import = 0

========================================================================
Received Import Request.
  Time since last request: 1.250217 seconds.
  path: Assets/FacebookSDK/Plugins/iOS
  artifactKey: Guid(a8234050547509b44bb5d65878f98680) Importer(2089858483,192608db42251d675da83286b1cce702)
Start importing Assets/FacebookSDK/Plugins/iOS using Guid(a8234050547509b44bb5d65878f98680) Importer(2089858483,192608db42251d675da83286b1cce702) (ScriptedImporter) -> (artifact id: '40e8406a56a4a8fab756eeecabc4d7c3') in 0.1022627 seconds
Number of updated asset objects reloaded before import = 0Number of asset objects unloaded after import = 1

========================================================================
Received Import Request.
  Time since last request: 0.000033 seconds.
  path: Assets/FacebookSDK/Plugins/Android
  artifactKey: Guid(63793a60530a31345b045dee427d4e31) Importer(2089858483,192608db42251d675da83286b1cce702)
Start importing Assets/FacebookSDK/Plugins/Android using Guid(63793a60530a31345b045dee427d4e31) Importer(2089858483,192608db42251d675da83286b1cce702) (ScriptedImporter) -> (artifact id: '1a8b3442a2aecf8ea56afeb984b0eb65') in 0.0052764 seconds
Number of updated asset objects reloaded before import = 0Number of asset objects unloaded after import = 1

========================================================================
Received Import Request.
  Time since last request: 0.000080 seconds.
  path: Assets/FacebookSDK/Plugins/iOS/FBSDKLoginKit.framework
  artifactKey: Guid(9e45e1b91668c894694248c4d7265ee5) Importer(2089858483,192608db42251d675da83286b1cce702)
Start importing Assets/FacebookSDK/Plugins/iOS/FBSDKLoginKit.framework using Guid(9e45e1b91668c894694248c4d7265ee5) Importer(2089858483,192608db42251d675da83286b1cce702) (ScriptedImporter) -> (artifact id: '88af112f9e5c4fe13d56c72c22ba96a0') in 0.0607344 seconds
Number of updated asset objects reloaded before import = 0Number of asset objects unloaded after import = 0

========================================================================
Received Import Request.
  Time since last request: 0.000124 seconds.
  path: Assets/FacebookSDK/SDK/Editor/iOS
  artifactKey: Guid(087d5f8d81311f244bcdeff3fd9b0d21) Importer(2089858483,192608db42251d675da83286b1cce702)
Start importing Assets/FacebookSDK/SDK/Editor/iOS using Guid(087d5f8d81311f244bcdeff3fd9b0d21) Importer(2089858483,192608db42251d675da83286b1cce702) (ScriptedImporter) -> (artifact id: 'b81ddca2a83dc9d57619fbf4ad9b9320') in 0.0062951 seconds
Number of updated asset objects reloaded before import = 0Number of asset objects unloaded after import = 1

========================================================================
Received Import Request.
  Time since last request: 0.000020 seconds.
  path: Assets/FacebookSDK/Plugins/Editor
  artifactKey: Guid(cfee786906ddfcb44ae7a3e799bcb5c2) Importer(2089858483,192608db42251d675da83286b1cce702)
Start importing Assets/FacebookSDK/Plugins/Editor using Guid(cfee786906ddfcb44ae7a3e799bcb5c2) Importer(2089858483,192608db42251d675da83286b1cce702) (ScriptedImporter) -> (artifact id: 'b2e6a19f29e368d89501af41c57388ac') in 0.0068572 seconds
Number of updated asset objects reloaded before import = 0Number of asset objects unloaded after import = 1

========================================================================
Received Import Request.
  Time since last request: 1.736017 seconds.
  path: Assets/Scripting/BombScript.cs
  artifactKey: Guid(792b50ae56c2d5644954b73140d9100f) Importer(815301076,1909f56bfc062723c751e8b465ee728b)
Start importing Assets/Scripting/BombScript.cs using Guid(792b50ae56c2d5644954b73140d9100f) Importer(815301076,1909f56bfc062723c751e8b465ee728b) (PreviewImporter) -> (artifact id: 'dccf6eca5d9295c7214631756f158cfc') in 0.0007886 seconds
Number of updated asset objects reloaded before import = 0Number of asset objects unloaded after import = 0

========================================================================
Received Import Request.
  Time since last request: 2.433010 seconds.
  path: Assets/Scripting/CircularObstacleScript.cs
  artifactKey: Guid(135d3cad36e57f64e9d37e9c530bf7b3) Importer(815301076,1909f56bfc062723c751e8b465ee728b)
Start importing Assets/Scripting/CircularObstacleScript.cs using Guid(135d3cad36e57f64e9d37e9c530bf7b3) Importer(815301076,1909f56bfc062723c751e8b465ee728b) (PreviewImporter) -> (artifact id: 'df80e06369c85f0130089c70530f4e8a') in 0.0008671 seconds
Number of updated asset objects reloaded before import = 0Number of asset objects unloaded after import = 0

========================================================================
Received Import Request.
  Time since last request: 0.677568 seconds.
  path: Assets/Scripting/CollectibleManagerScript.cs
  artifactKey: Guid(1567dcba5a9566645ac8ef23d0c31d1c) Importer(815301076,1909f56bfc062723c751e8b465ee728b)
Start importing Assets/Scripting/CollectibleManagerScript.cs using Guid(1567dcba5a9566645ac8ef23d0c31d1c) Importer(815301076,1909f56bfc062723c751e8b465ee728b) (PreviewImporter) -> (artifact id: 'fa579497b497b75ebaaed591e080d7af') in 0.000862 seconds
Number of updated asset objects reloaded before import = 0Number of asset objects unloaded after import = 0

========================================================================
Received Import Request.
  Time since last request: 0.678916 seconds.
  path: Assets/Scripting/CollectibleScript.cs
  artifactKey: Guid(1bb8be0bfbb2f0f47b5827f2240ea5ad) Importer(815301076,1909f56bfc062723c751e8b465ee728b)
Start importing Assets/Scripting/CollectibleScript.cs using Guid(1bb8be0bfbb2f0f47b5827f2240ea5ad) Importer(815301076,1909f56bfc062723c751e8b465ee728b) (PreviewImporter) -> (artifact id: '10826381bb79dfa7ae45e55af9f58cb2') in 0.0012626 seconds
Number of updated asset objects reloaded before import = 0Number of asset objects unloaded after import = 0

========================================================================
Received Import Request.
  Time since last request: 7.385568 seconds.
  path: Assets/Models/honikou_logo.png
  artifactKey: Guid(a894b4c8ba7135142b48eb4c46361f5d) Importer(815301076,1909f56bfc062723c751e8b465ee728b)
Start importing Assets/Models/honikou_logo.png using Guid(a894b4c8ba7135142b48eb4c46361f5d) Importer(815301076,1909f56bfc062723c751e8b465ee728b) (PreviewImporter) -> (artifact id: '56696ebdc761150037747d95eedc2482') in 0.114732 seconds
Number of updated asset objects reloaded before import = 0Number of asset objects unloaded after import = 3

========================================================================
Received Import Request.
  Time since last request: 13.360465 seconds.
  path: Assets/Models/icon_2.png
  artifactKey: Guid(30d80fc3116831e498eaabb1846cf590) Importer(815301076,1909f56bfc062723c751e8b465ee728b)
Start importing Assets/Models/icon_2.png using Guid(30d80fc3116831e498eaabb1846cf590) Importer(815301076,1909f56bfc062723c751e8b465ee728b) (PreviewImporter) -> (artifact id: 'f81a398fd7c9034c63019d0d13b2b779') in 0.0116757 seconds
Number of updated asset objects reloaded before import = 0Number of asset objects unloaded after import = 2

========================================================================
Received Prepare
Begin MonoManager ReloadAssembly
[Licensing::Client] Successfully resolved entitlement details
[Licensing::Module] License group:
  Id: F4-6VBU-GQ76-3YAQ-GU2D-XXXX
  Product: Unity Personal
  Type: ULF
  Expiration: Unlimited
[Licensing::Module] License group:
  Id: 3440655-UnityPersXXXX
  Product: Unity Personal
  Type: Assigned
  Expiration: Unlimited
Assembly 'Assets/PlayServicesResolver/Editor/Google.JarResolver_v1.2.59.0.dll' will not be loaded due to errors:
Assembly name 'Google.JarResolver' does not match file name 'Google.JarResolver_v1.2.59.0'
Assembly 'Assets/PlayServicesResolver/Editor/Google.IOSResolver_v1.2.59.0.dll' will not be loaded due to errors:
Unable to resolve reference 'UnityEditor.iOS.Extensions.Xcode'. Is the assembly missing or incompatible with the current platform?
Reference validation can be disabled in the Plugin Inspector.
Assembly name 'Google.IOSResolver' does not match file name 'Google.IOSResolver_v1.2.59.0'
Assembly 'Assets/PlayServicesResolver/Editor/Google.VersionHandlerImpl_v1.2.59.0.dll' will not be loaded due to errors:
Assembly name 'Google.VersionHandlerImpl' does not match file name 'Google.VersionHandlerImpl_v1.2.59.0'
- Loaded All Assemblies, in  1.083 seconds
Refreshing native plugins compatible for Editor in 25.84 ms, found 6 plugins.
Native extension for Android target not found
Native extension for WindowsStandalone target not found
[Package Manager] Failed to launch server process. Reason: Unity was launched with the -noUpm command-line argument
[Package Manager] Unable to send message (not connected to server process).
[Package Manager] Cannot connect to Unity Package Manager local server
Non-secure network connections disabled in Player Settings
UnityEngine.Debug:ExtractStackTraceNoAlloc (byte*,int,string)
UnityEngine.StackTraceUtility:ExtractStackTrace ()
UnityEngine.Networking.UnityWebRequest:BeginWebRequest ()
UnityEngine.Networking.UnityWebRequest:SendWebRequest ()
UnityEngine.WWW:.ctor (string)
JMOAssets.JMOAssets_Menu:StartDownload ()
JMOAssets.JMOAssets_Menu:CheckStartupUpdate ()
JMOAssets.JMOAssets_Menu:.cctor ()
System.Runtime.CompilerServices.RuntimeHelpers:RunClassConstructor (System.RuntimeTypeHandle)
UnityEditor.EditorAssemblies:ProcessInitializeOnLoadAttributes (System.Type[])

[C:\build\output\unity\unity\Modules\UnityWebRequest\Public\Prototypes\UnityWebRequestProto.h line 519]

System.InvalidOperationException: Insecure connection not allowed
  at (wrapper managed-to-native) UnityEngine.Networking.UnityWebRequest.BeginWebRequest_Injected(intptr)
  at UnityEngine.Networking.UnityWebRequest.BeginWebRequest () [0x0000f] in <a5693f6f1faf4f39a6c9cefc1a5b2555>:0 
  at UnityEngine.Networking.UnityWebRequest.SendWebRequest () [0x00001] in <a5693f6f1faf4f39a6c9cefc1a5b2555>:0 
  at UnityEngine.WWW..ctor (System.String url) [0x00014] in <37916183dd3c4f44ab9cf13ab9ae239c>:0 
  at JMOAssets.JMOAssets_Menu.StartDownload () [0x00013] in <a7aa7c6095e5420583c7f523f7294ab4>:0 
  at JMOAssets.JMOAssets_Menu.CheckStartupUpdate () [0x00001] in <a7aa7c6095e5420583c7f523f7294ab4>:0 
  at JMOAssets.JMOAssets_Menu..cctor () [0x000a1] in <a7aa7c6095e5420583c7f523f7294ab4>:0 
UnityEngine.Debug:ExtractStackTraceNoAlloc (byte*,int,string)
UnityEngine.StackTraceUtility:ExtractStackTrace ()
UnityEngine.DebugLogHandler:Internal_Log (UnityEngine.LogType,UnityEngine.LogOption,string,UnityEngine.Object)
UnityEngine.DebugLogHandler:LogFormat (UnityEngine.LogType,UnityEngine.Object,string,object[])
UnityEngine.Logger:Log (UnityEngine.LogType,object)
UnityEngine.Debug:LogError (object)
UnityEditor.EditorAssemblies:ProcessInitializeOnLoadAttributes (System.Type[])

Mono: successfully reloaded assembly
- Finished resetting the current domain, in  1.368 seconds
Domain Reload Profiling: 2447ms
	BeginReloadAssembly (292ms)
		ExecutionOrderSort (0ms)
		DisableScriptedObjects (8ms)
		BackupInstance (0ms)
		ReleaseScriptingObjects (0ms)
		CreateAndSetChildDomain (70ms)
	RebuildCommonClasses (48ms)
	RebuildNativeTypeToScriptingClass (17ms)
	initialDomainReloadingComplete (49ms)
	LoadAllAssembliesAndSetupDomain (672ms)
		LoadAssemblies (645ms)
		RebuildTransferFunctionScriptingTraits (0ms)
		AnalyzeDomain (174ms)
			TypeCache.Refresh (12ms)
				TypeCache.ScanAssembly (0ms)
			BuildScriptInfoCaches (151ms)
			ResolveRequiredComponents (5ms)
	FinalizeReload (1368ms)
		ReleaseScriptCaches (0ms)
		RebuildScriptCaches (0ms)
		SetupLoadedEditorAssemblies (1171ms)
			LogAssemblyErrors (0ms)
			InitializePlatformSupportModulesInManaged (19ms)
			SetLoadedEditorAssemblies (11ms)
			BeforeProcessingInitializeOnLoad (220ms)
			ProcessInitializeOnLoadAttributes (629ms)
			ProcessInitializeOnLoadMethodAttributes (280ms)
			AfterProcessingInitializeOnLoad (12ms)
			EditorAssembliesLoaded (0ms)
		ExecutionOrderSort2 (0ms)
		AwakeInstancesAfterBackupRestoration (16ms)
Refreshing native plugins compatible for Editor in 31.36 ms, found 6 plugins.
Preloading 0 native plugins for Editor in 0.00 ms.
Unloading 4 Unused Serialized files (Serialized files now loaded: 0)
Unloading 3740 unused Assets / (1.1 MB). Loaded Objects now: 4169.
Memory consumption went from 93.7 MB to 92.5 MB.
Total: 17.233600 ms (FindLiveObjects: 0.651200 ms CreateObjectMapping: 0.708300 ms MarkObjects: 14.344300 ms  DeleteObjects: 1.524700 ms)

Prepare: number of updated asset objects reloaded= 0
========================================================================
Received Import Request.
  Time since last request: 228.371769 seconds.
  path: Assets/Models/circle_grey.png
  artifactKey: Guid(5fac97f0d98937342b54e45f9866ea96) Importer(815301076,1909f56bfc062723c751e8b465ee728b)
Start importing Assets/Models/circle_grey.png using Guid(5fac97f0d98937342b54e45f9866ea96) Importer(815301076,1909f56bfc062723c751e8b465ee728b) (PreviewImporter) -> (artifact id: '92ae85987a1ccff9cf4f558f5abd1bd3') in 0.1615288 seconds
Number of updated asset objects reloaded before import = 0Number of asset objects unloaded after import = 3

========================================================================
Received Import Request.
  Time since last request: 0.000034 seconds.
  path: Assets/Models/Cylindre_Asset.fbx
  artifactKey: Guid(5ddc441ecd790544d8a5a0aa39e07bf2) Importer(815301076,1909f56bfc062723c751e8b465ee728b)
Start importing Assets/Models/Cylindre_Asset.fbx using Guid(5ddc441ecd790544d8a5a0aa39e07bf2) Importer(815301076,1909f56bfc062723c751e8b465ee728b) (PreviewImporter) -> (artifact id: 'ae1695ea9cbbd5afafa7d04dab6f23e9') in 0.5758989 seconds
Number of updated asset objects reloaded before import = 0Number of asset objects unloaded after import = 8

========================================================================
Received Prepare
Refreshing native plugins compatible for Editor in 39.34 ms, found 6 plugins.
Preloading 0 native plugins for Editor in 0.00 ms.
Unloading 4 Unused Serialized files (Serialized files now loaded: 0)
Unloading 3638 unused Assets / (1.4 MB). Loaded Objects now: 4181.
Memory consumption went from 94.2 MB to 92.9 MB.
Total: 20.611100 ms (FindLiveObjects: 0.446400 ms CreateObjectMapping: 0.311600 ms MarkObjects: 18.498400 ms  DeleteObjects: 1.352200 ms)

Prepare: number of updated asset objects reloaded= 0
========================================================================
Received Prepare
Refreshing native plugins compatible for Editor in 26.83 ms, found 6 plugins.
Preloading 0 native plugins for Editor in 0.00 ms.
Unloading 4 Unused Serialized files (Serialized files now loaded: 0)
Unloading 3638 unused Assets / (1.4 MB). Loaded Objects now: 4181.
Memory consumption went from 94.3 MB to 92.9 MB.
Total: 13.123400 ms (FindLiveObjects: 0.438100 ms CreateObjectMapping: 0.337600 ms MarkObjects: 11.058600 ms  DeleteObjects: 1.287700 ms)

Prepare: number of updated asset objects reloaded= 0
========================================================================
Received Prepare
Refreshing native plugins compatible for Editor in 29.38 ms, found 6 plugins.
Preloading 0 native plugins for Editor in 0.00 ms.
Unloading 4 Unused Serialized files (Serialized files now loaded: 0)
Unloading 3638 unused Assets / (1.2 MB). Loaded Objects now: 4181.
Memory consumption went from 94.3 MB to 93.1 MB.
Total: 15.365100 ms (FindLiveObjects: 0.461400 ms CreateObjectMapping: 0.458000 ms MarkObjects: 13.100100 ms  DeleteObjects: 1.343000 ms)

Prepare: number of updated asset objects reloaded= 0
========================================================================
Received Prepare
Refreshing native plugins compatible for Editor in 28.71 ms, found 6 plugins.
Preloading 0 native plugins for Editor in 0.00 ms.
Unloading 4 Unused Serialized files (Serialized files now loaded: 0)
Unloading 3638 unused Assets / (1.3 MB). Loaded Objects now: 4181.
Memory consumption went from 94.2 MB to 92.9 MB.
Total: 14.448700 ms (FindLiveObjects: 0.474500 ms CreateObjectMapping: 0.392900 ms MarkObjects: 12.218900 ms  DeleteObjects: 1.360600 ms)

Prepare: number of updated asset objects reloaded= 0
========================================================================
Received Prepare
Refreshing native plugins compatible for Editor in 25.62 ms, found 6 plugins.
Preloading 0 native plugins for Editor in 0.00 ms.
Unloading 4 Unused Serialized files (Serialized files now loaded: 0)
Unloading 3638 unused Assets / (1.3 MB). Loaded Objects now: 4181.
Memory consumption went from 94.3 MB to 92.9 MB.
Total: 15.747200 ms (FindLiveObjects: 0.947000 ms CreateObjectMapping: 0.581600 ms MarkObjects: 12.701500 ms  DeleteObjects: 1.514700 ms)

Prepare: number of updated asset objects reloaded= 0
========================================================================
Received Prepare
Refreshing native plugins compatible for Editor in 22.22 ms, found 6 plugins.
Preloading 0 native plugins for Editor in 0.00 ms.
Unloading 4 Unused Serialized files (Serialized files now loaded: 0)
Unloading 3638 unused Assets / (1.2 MB). Loaded Objects now: 4181.
Memory consumption went from 94.2 MB to 93.0 MB.
Total: 15.119200 ms (FindLiveObjects: 0.746200 ms CreateObjectMapping: 0.586800 ms MarkObjects: 12.368200 ms  DeleteObjects: 1.415900 ms)

Prepare: number of updated asset objects reloaded= 0
========================================================================
Received Prepare
Refreshing native plugins compatible for Editor in 17.43 ms, found 6 plugins.
Preloading 0 native plugins for Editor in 0.00 ms.
Unloading 4 Unused Serialized files (Serialized files now loaded: 0)
Unloading 3638 unused Assets / (1.1 MB). Loaded Objects now: 4181.
Memory consumption went from 94.3 MB to 93.2 MB.
Total: 10.632200 ms (FindLiveObjects: 0.406800 ms CreateObjectMapping: 0.411200 ms MarkObjects: 8.533800 ms  DeleteObjects: 1.274400 ms)

Prepare: number of updated asset objects reloaded= 0
========================================================================
Received Prepare
Refreshing native plugins compatible for Editor in 15.65 ms, found 6 plugins.
Preloading 0 native plugins for Editor in 0.00 ms.
Unloading 4 Unused Serialized files (Serialized files now loaded: 0)
Unloading 3638 unused Assets / (1.3 MB). Loaded Objects now: 4181.
Memory consumption went from 94.3 MB to 93.0 MB.
Total: 11.470200 ms (FindLiveObjects: 0.677800 ms CreateObjectMapping: 0.754600 ms MarkObjects: 8.997800 ms  DeleteObjects: 1.038500 ms)

Prepare: number of updated asset objects reloaded= 0
========================================================================
Received Prepare
Refreshing native plugins compatible for Editor in 31.29 ms, found 6 plugins.
Preloading 0 native plugins for Editor in 0.00 ms.
Unloading 4 Unused Serialized files (Serialized files now loaded: 0)
Unloading 3638 unused Assets / (1.3 MB). Loaded Objects now: 4181.
Memory consumption went from 94.3 MB to 93.0 MB.
Total: 15.552500 ms (FindLiveObjects: 0.545200 ms CreateObjectMapping: 0.327600 ms MarkObjects: 13.103400 ms  DeleteObjects: 1.574000 ms)

Prepare: number of updated asset objects reloaded= 0
========================================================================
Received Prepare
Refreshing native plugins compatible for Editor in 25.14 ms, found 6 plugins.
Preloading 0 native plugins for Editor in 0.00 ms.
Unloading 4 Unused Serialized files (Serialized files now loaded: 0)
Unloading 3638 unused Assets / (1.3 MB). Loaded Objects now: 4181.
Memory consumption went from 94.3 MB to 92.9 MB.
Total: 13.665500 ms (FindLiveObjects: 0.487800 ms CreateObjectMapping: 0.302400 ms MarkObjects: 11.612300 ms  DeleteObjects: 1.260600 ms)

Prepare: number of updated asset objects reloaded= 0
========================================================================
Received Prepare
Refreshing native plugins compatible for Editor in 44.86 ms, found 6 plugins.
Preloading 0 native plugins for Editor in 0.00 ms.
Unloading 4 Unused Serialized files (Serialized files now loaded: 0)
Unloading 3638 unused Assets / (1.7 MB). Loaded Objects now: 4181.
Memory consumption went from 94.3 MB to 92.5 MB.
Total: 32.578600 ms (FindLiveObjects: 1.041900 ms CreateObjectMapping: 0.550600 ms MarkObjects: 27.932400 ms  DeleteObjects: 3.051000 ms)

Prepare: number of updated asset objects reloaded= 0
========================================================================
Received Prepare
Refreshing native plugins compatible for Editor in 48.43 ms, found 6 plugins.
Preloading 0 native plugins for Editor in 0.00 ms.
Unloading 4 Unused Serialized files (Serialized files now loaded: 0)
Unloading 3638 unused Assets / (1.5 MB). Loaded Objects now: 4181.
Memory consumption went from 94.3 MB to 92.8 MB.
Total: 25.870200 ms (FindLiveObjects: 0.657300 ms CreateObjectMapping: 0.722300 ms MarkObjects: 21.939100 ms  DeleteObjects: 2.548600 ms)

Prepare: number of updated asset objects reloaded= 0
========================================================================
Received Prepare
Refreshing native plugins compatible for Editor in 47.51 ms, found 6 plugins.
Preloading 0 native plugins for Editor in 0.00 ms.
Unloading 4 Unused Serialized files (Serialized files now loaded: 0)
Unloading 3638 unused Assets / (1.3 MB). Loaded Objects now: 4181.
Memory consumption went from 94.3 MB to 92.9 MB.
Total: 24.188200 ms (FindLiveObjects: 0.441000 ms CreateObjectMapping: 0.346700 ms MarkObjects: 20.556200 ms  DeleteObjects: 2.841900 ms)

Prepare: number of updated asset objects reloaded= 0
========================================================================
Received Prepare
Refreshing native plugins compatible for Editor in 49.82 ms, found 6 plugins.
Preloading 0 native plugins for Editor in 0.00 ms.
Unloading 4 Unused Serialized files (Serialized files now loaded: 0)
Unloading 3638 unused Assets / (1.3 MB). Loaded Objects now: 4181.
Memory consumption went from 94.3 MB to 93.0 MB.
Total: 25.531800 ms (FindLiveObjects: 0.636300 ms CreateObjectMapping: 0.367400 ms MarkObjects: 22.884500 ms  DeleteObjects: 1.641800 ms)

Prepare: number of updated asset objects reloaded= 0
========================================================================
Received Import Request.
  Time since last request: 579.976554 seconds.
  path: Assets/Models/Smoothy_Labs_Logo_Bloom.png
  artifactKey: Guid(ef977990f4b9036439567bdd079b19e5) Importer(2089858483,192608db42251d675da83286b1cce702)
Start importing Assets/Models/Smoothy_Labs_Logo_Bloom.png using Guid(ef977990f4b9036439567bdd079b19e5) Importer(2089858483,192608db42251d675da83286b1cce702) (ScriptedImporter) -> (artifact id: '302d22acd7d84f7c8e744df6ed2f0522') in 0.3272322 seconds
Number of updated asset objects reloaded before import = 0Number of asset objects unloaded after import = 1

========================================================================
Received Prepare
Begin MonoManager ReloadAssembly
[Licensing::Client] Successfully resolved entitlement details
[Licensing::Module] License group:
  Id: F4-6VBU-GQ76-3YAQ-GU2D-XXXX
  Product: Unity Personal
  Type: ULF
  Expiration: Unlimited
[Licensing::Module] License group:
  Id: 3440655-UnityPersXXXX
  Product: Unity Personal
  Type: Assigned
  Expiration: Unlimited
Assembly 'Assets/PlayServicesResolver/Editor/Google.JarResolver_v1.2.59.0.dll' will not be loaded due to errors:
Assembly name 'Google.JarResolver' does not match file name 'Google.JarResolver_v1.2.59.0'
Assembly 'Assets/PlayServicesResolver/Editor/Google.IOSResolver_v1.2.59.0.dll' will not be loaded due to errors:
Unable to resolve reference 'UnityEditor.iOS.Extensions.Xcode'. Is the assembly missing or incompatible with the current platform?
Reference validation can be disabled in the Plugin Inspector.
Assembly name 'Google.IOSResolver' does not match file name 'Google.IOSResolver_v1.2.59.0'
Assembly 'Assets/PlayServicesResolver/Editor/Google.VersionHandlerImpl_v1.2.59.0.dll' will not be loaded due to errors:
Assembly name 'Google.VersionHandlerImpl' does not match file name 'Google.VersionHandlerImpl_v1.2.59.0'
- Loaded All Assemblies, in  1.859 seconds
Refreshing native plugins compatible for Editor in 16.68 ms, found 6 plugins.
Native extension for Android target not found
Native extension for WindowsStandalone target not found
[Package Manager] Failed to launch server process. Reason: Unity was launched with the -noUpm command-line argument
[Package Manager] Unable to send message (not connected to server process).
[Package Manager] Cannot connect to Unity Package Manager local server
Non-secure network connections disabled in Player Settings
UnityEngine.Debug:ExtractStackTraceNoAlloc (byte*,int,string)
UnityEngine.StackTraceUtility:ExtractStackTrace ()
UnityEngine.Networking.UnityWebRequest:BeginWebRequest ()
UnityEngine.Networking.UnityWebRequest:SendWebRequest ()
UnityEngine.WWW:.ctor (string)
JMOAssets.JMOAssets_Menu:StartDownload ()
JMOAssets.JMOAssets_Menu:CheckStartupUpdate ()
JMOAssets.JMOAssets_Menu:.cctor ()
System.Runtime.CompilerServices.RuntimeHelpers:RunClassConstructor (System.RuntimeTypeHandle)
UnityEditor.EditorAssemblies:ProcessInitializeOnLoadAttributes (System.Type[])

[C:\build\output\unity\unity\Modules\UnityWebRequest\Public\Prototypes\UnityWebRequestProto.h line 519]

System.InvalidOperationException: Insecure connection not allowed
  at (wrapper managed-to-native) UnityEngine.Networking.UnityWebRequest.BeginWebRequest_Injected(intptr)
  at UnityEngine.Networking.UnityWebRequest.BeginWebRequest () [0x0000f] in <a5693f6f1faf4f39a6c9cefc1a5b2555>:0 
  at UnityEngine.Networking.UnityWebRequest.SendWebRequest () [0x00001] in <a5693f6f1faf4f39a6c9cefc1a5b2555>:0 
  at UnityEngine.WWW..ctor (System.String url) [0x00014] in <37916183dd3c4f44ab9cf13ab9ae239c>:0 
  at JMOAssets.JMOAssets_Menu.StartDownload () [0x00013] in <a7aa7c6095e5420583c7f523f7294ab4>:0 
  at JMOAssets.JMOAssets_Menu.CheckStartupUpdate () [0x00001] in <a7aa7c6095e5420583c7f523f7294ab4>:0 
  at JMOAssets.JMOAssets_Menu..cctor () [0x000a1] in <a7aa7c6095e5420583c7f523f7294ab4>:0 
UnityEngine.Debug:ExtractStackTraceNoAlloc (byte*,int,string)
UnityEngine.StackTraceUtility:ExtractStackTrace ()
UnityEngine.DebugLogHandler:Internal_Log (UnityEngine.LogType,UnityEngine.LogOption,string,UnityEngine.Object)
UnityEngine.DebugLogHandler:LogFormat (UnityEngine.LogType,UnityEngine.Object,string,object[])
UnityEngine.Logger:Log (UnityEngine.LogType,object)
UnityEngine.Debug:LogError (object)
UnityEditor.EditorAssemblies:ProcessInitializeOnLoadAttributes (System.Type[])

Mono: successfully reloaded assembly
- Finished resetting the current domain, in  1.270 seconds
Domain Reload Profiling: 3108ms
	BeginReloadAssembly (591ms)
		ExecutionOrderSort (0ms)
		DisableScriptedObjects (21ms)
		BackupInstance (0ms)
		ReleaseScriptingObjects (0ms)
		CreateAndSetChildDomain (129ms)
	RebuildCommonClasses (120ms)
	RebuildNativeTypeToScriptingClass (45ms)
	initialDomainReloadingComplete (122ms)
	LoadAllAssembliesAndSetupDomain (959ms)
		LoadAssemblies (1100ms)
		RebuildTransferFunctionScriptingTraits (0ms)
		AnalyzeDomain (179ms)
			TypeCache.Refresh (10ms)
				TypeCache.ScanAssembly (0ms)
			BuildScriptInfoCaches (156ms)
			ResolveRequiredComponents (6ms)
	FinalizeReload (1271ms)
		ReleaseScriptCaches (0ms)
		RebuildScriptCaches (0ms)
		SetupLoadedEditorAssemblies (1078ms)
			LogAssemblyErrors (0ms)
			InitializePlatformSupportModulesInManaged (14ms)
			SetLoadedEditorAssemblies (8ms)
			BeforeProcessingInitializeOnLoad (174ms)
			ProcessInitializeOnLoadAttributes (611ms)
			ProcessInitializeOnLoadMethodAttributes (263ms)
			AfterProcessingInitializeOnLoad (7ms)
			EditorAssembliesLoaded (1ms)
		ExecutionOrderSort2 (0ms)
		AwakeInstancesAfterBackupRestoration (16ms)
Refreshing native plugins compatible for Editor in 21.48 ms, found 6 plugins.
Preloading 0 native plugins for Editor in 0.00 ms.
Unloading 4 Unused Serialized files (Serialized files now loaded: 0)
Unloading 3740 unused Assets / (1.3 MB). Loaded Objects now: 4182.
Memory consumption went from 94.3 MB to 93.1 MB.
Total: 13.864900 ms (FindLiveObjects: 0.483000 ms CreateObjectMapping: 0.282900 ms MarkObjects: 11.236800 ms  DeleteObjects: 1.860200 ms)

Prepare: number of updated asset objects reloaded= 0
========================================================================
Received Prepare
Refreshing native plugins compatible for Editor in 38.44 ms, found 6 plugins.
Preloading 0 native plugins for Editor in 0.00 ms.
Unloading 4 Unused Serialized files (Serialized files now loaded: 0)
Unloading 3638 unused Assets / (1.2 MB). Loaded Objects now: 4182.
Memory consumption went from 93.9 MB to 92.7 MB.
Total: 15.551600 ms (FindLiveObjects: 0.374100 ms CreateObjectMapping: 0.300000 ms MarkObjects: 13.327200 ms  DeleteObjects: 1.548400 ms)

Prepare: number of updated asset objects reloaded= 0
========================================================================
Received Prepare
Refreshing native plugins compatible for Editor in 28.96 ms, found 6 plugins.
Preloading 0 native plugins for Editor in 0.00 ms.
Unloading 4 Unused Serialized files (Serialized files now loaded: 0)
Unloading 3638 unused Assets / (1.2 MB). Loaded Objects now: 4182.
Memory consumption went from 93.9 MB to 92.7 MB.
Total: 13.650300 ms (FindLiveObjects: 0.525200 ms CreateObjectMapping: 0.363400 ms MarkObjects: 11.167100 ms  DeleteObjects: 1.592400 ms)

Prepare: number of updated asset objects reloaded= 0
========================================================================
Received Prepare
Refreshing native plugins compatible for Editor in 21.16 ms, found 6 plugins.
Preloading 0 native plugins for Editor in 0.00 ms.
Unloading 4 Unused Serialized files (Serialized files now loaded: 0)
Unloading 3638 unused Assets / (1.4 MB). Loaded Objects now: 4182.
Memory consumption went from 93.9 MB to 92.5 MB.
Total: 14.877700 ms (FindLiveObjects: 0.468100 ms CreateObjectMapping: 0.387800 ms MarkObjects: 11.933900 ms  DeleteObjects: 2.086100 ms)

Prepare: number of updated asset objects reloaded= 0
========================================================================
Received Prepare
Refreshing native plugins compatible for Editor in 20.82 ms, found 6 plugins.
Preloading 0 native plugins for Editor in 0.00 ms.
Unloading 4 Unused Serialized files (Serialized files now loaded: 0)
Unloading 3638 unused Assets / (1.4 MB). Loaded Objects now: 4182.
Memory consumption went from 93.9 MB to 92.6 MB.
Total: 15.023900 ms (FindLiveObjects: 0.404200 ms CreateObjectMapping: 0.372800 ms MarkObjects: 12.560800 ms  DeleteObjects: 1.684200 ms)

Prepare: number of updated asset objects reloaded= 0
========================================================================
Received Prepare
Refreshing native plugins compatible for Editor in 24.71 ms, found 6 plugins.
Preloading 0 native plugins for Editor in 0.00 ms.
Unloading 4 Unused Serialized files (Serialized files now loaded: 0)
Unloading 3638 unused Assets / (1.4 MB). Loaded Objects now: 4182.
Memory consumption went from 93.9 MB to 92.5 MB.
Total: 14.426900 ms (FindLiveObjects: 0.393900 ms CreateObjectMapping: 0.293600 ms MarkObjects: 12.062000 ms  DeleteObjects: 1.675600 ms)

Prepare: number of updated asset objects reloaded= 0
========================================================================
Received Prepare
Refreshing native plugins compatible for Editor in 23.59 ms, found 6 plugins.
Preloading 0 native plugins for Editor in 0.00 ms.
Unloading 4 Unused Serialized files (Serialized files now loaded: 0)
Unloading 3638 unused Assets / (1.2 MB). Loaded Objects now: 4182.
Memory consumption went from 93.9 MB to 92.7 MB.
Total: 14.074900 ms (FindLiveObjects: 0.403700 ms CreateObjectMapping: 0.274700 ms MarkObjects: 12.084300 ms  DeleteObjects: 1.310200 ms)

Prepare: number of updated asset objects reloaded= 0
========================================================================
Received Prepare
Refreshing native plugins compatible for Editor in 32.32 ms, found 6 plugins.
Preloading 0 native plugins for Editor in 0.00 ms.
Unloading 4 Unused Serialized files (Serialized files now loaded: 0)
Unloading 3638 unused Assets / (1.3 MB). Loaded Objects now: 4182.
Memory consumption went from 93.9 MB to 92.7 MB.
Total: 14.373000 ms (FindLiveObjects: 0.441600 ms CreateObjectMapping: 0.471600 ms MarkObjects: 12.124100 ms  DeleteObjects: 1.333900 ms)

Prepare: number of updated asset objects reloaded= 0
========================================================================
Received Prepare
Refreshing native plugins compatible for Editor in 29.94 ms, found 6 plugins.
Preloading 0 native plugins for Editor in 0.00 ms.
Unloading 4 Unused Serialized files (Serialized files now loaded: 0)
Unloading 3638 unused Assets / (1.3 MB). Loaded Objects now: 4182.
Memory consumption went from 93.9 MB to 92.6 MB.
Total: 13.865900 ms (FindLiveObjects: 0.484100 ms CreateObjectMapping: 0.493400 ms MarkObjects: 11.653400 ms  DeleteObjects: 1.233100 ms)

Prepare: number of updated asset objects reloaded= 0
========================================================================
Received Prepare
Refreshing native plugins compatible for Editor in 22.02 ms, found 6 plugins.
Preloading 0 native plugins for Editor in 0.00 ms.
Unloading 4 Unused Serialized files (Serialized files now loaded: 0)
Unloading 3638 unused Assets / (1.4 MB). Loaded Objects now: 4182.
Memory consumption went from 93.9 MB to 92.5 MB.
Total: 13.309600 ms (FindLiveObjects: 0.835100 ms CreateObjectMapping: 0.688600 ms MarkObjects: 10.303800 ms  DeleteObjects: 1.479900 ms)

Prepare: number of updated asset objects reloaded= 0
========================================================================
Received Prepare
Refreshing native plugins compatible for Editor in 21.30 ms, found 6 plugins.
Preloading 0 native plugins for Editor in 0.00 ms.
Unloading 4 Unused Serialized files (Serialized files now loaded: 0)
Unloading 3638 unused Assets / (1.4 MB). Loaded Objects now: 4182.
Memory consumption went from 93.9 MB to 92.6 MB.
Total: 14.731700 ms (FindLiveObjects: 0.777800 ms CreateObjectMapping: 0.334000 ms MarkObjects: 12.147200 ms  DeleteObjects: 1.470500 ms)

Prepare: number of updated asset objects reloaded= 0
========================================================================
Received Prepare
Refreshing native plugins compatible for Editor in 50.14 ms, found 6 plugins.
Preloading 0 native plugins for Editor in 0.00 ms.
Unloading 4 Unused Serialized files (Serialized files now loaded: 0)
Unloading 3638 unused Assets / (1.5 MB). Loaded Objects now: 4182.
Memory consumption went from 93.9 MB to 92.4 MB.
Total: 30.203700 ms (FindLiveObjects: 0.902800 ms CreateObjectMapping: 0.648600 ms MarkObjects: 25.765900 ms  DeleteObjects: 2.883700 ms)

Prepare: number of updated asset objects reloaded= 0
========================================================================
Received Prepare
Refreshing native plugins compatible for Editor in 50.78 ms, found 6 plugins.
Preloading 0 native plugins for Editor in 0.00 ms.
Unloading 4 Unused Serialized files (Serialized files now loaded: 0)
Unloading 3638 unused Assets / (1.3 MB). Loaded Objects now: 4182.
Memory consumption went from 93.9 MB to 92.6 MB.
Total: 32.156700 ms (FindLiveObjects: 0.650400 ms CreateObjectMapping: 0.613200 ms MarkObjects: 28.087000 ms  DeleteObjects: 2.803100 ms)

Prepare: number of updated asset objects reloaded= 0
========================================================================
Received Prepare
Refreshing native plugins compatible for Editor in 44.52 ms, found 6 plugins.
Preloading 0 native plugins for Editor in 0.00 ms.
Unloading 4 Unused Serialized files (Serialized files now loaded: 0)
Unloading 3638 unused Assets / (1.5 MB). Loaded Objects now: 4182.
Memory consumption went from 93.9 MB to 92.4 MB.
Total: 29.152100 ms (FindLiveObjects: 0.906000 ms CreateObjectMapping: 0.846900 ms MarkObjects: 24.899000 ms  DeleteObjects: 2.497300 ms)

Prepare: number of updated asset objects reloaded= 0
========================================================================
Received Prepare
Refreshing native plugins compatible for Editor in 65.15 ms, found 6 plugins.
Preloading 0 native plugins for Editor in 0.00 ms.
Unloading 4 Unused Serialized files (Serialized files now loaded: 0)
Unloading 3638 unused Assets / (1.4 MB). Loaded Objects now: 4182.
Memory consumption went from 93.9 MB to 92.6 MB.
Total: 30.231700 ms (FindLiveObjects: 0.646200 ms CreateObjectMapping: 0.685100 ms MarkObjects: 26.313800 ms  DeleteObjects: 2.584100 ms)

Prepare: number of updated asset objects reloaded= 0
========================================================================
Received Import Request.
  Time since last request: 29.153772 seconds.
  path: Assets/Models/icon_2.png
  artifactKey: Guid(30d80fc3116831e498eaabb1846cf590) Importer(815301076,1909f56bfc062723c751e8b465ee728b)
Start importing Assets/Models/icon_2.png using Guid(30d80fc3116831e498eaabb1846cf590) Importer(815301076,1909f56bfc062723c751e8b465ee728b) (PreviewImporter) -> (artifact id: '88ab631165261cbe74477d453e2bb1b2') in 0.3535189 seconds
Number of updated asset objects reloaded before import = 0Number of asset objects unloaded after import = 3

========================================================================
Received Prepare
Begin MonoManager ReloadAssembly
Assembly 'Assets/PlayServicesResolver/Editor/Google.JarResolver_v1.2.59.0.dll' will not be loaded due to errors:
Assembly name 'Google.JarResolver' does not match file name 'Google.JarResolver_v1.2.59.0'
Assembly 'Assets/PlayServicesResolver/Editor/Google.IOSResolver_v1.2.59.0.dll' will not be loaded due to errors:
Unable to resolve reference 'UnityEditor.iOS.Extensions.Xcode'. Is the assembly missing or incompatible with the current platform?
Reference validation can be disabled in the Plugin Inspector.
Assembly name 'Google.IOSResolver' does not match file name 'Google.IOSResolver_v1.2.59.0'
Assembly 'Assets/PlayServicesResolver/Editor/Google.VersionHandlerImpl_v1.2.59.0.dll' will not be loaded due to errors:
Assembly name 'Google.VersionHandlerImpl' does not match file name 'Google.VersionHandlerImpl_v1.2.59.0'
- Loaded All Assemblies, in  2.296 seconds
Refreshing native plugins compatible for Editor in 57.40 ms, found 6 plugins.
Native extension for Android target not found
Native extension for WindowsStandalone target not found
[Package Manager] Failed to launch server process. Reason: Unity was launched with the -noUpm command-line argument
[Package Manager] Unable to send message (not connected to server process).
[Package Manager] Cannot connect to Unity Package Manager local server
Non-secure network connections disabled in Player Settings
UnityEngine.Debug:ExtractStackTraceNoAlloc (byte*,int,string)
UnityEngine.StackTraceUtility:ExtractStackTrace ()
UnityEngine.Networking.UnityWebRequest:BeginWebRequest ()
UnityEngine.Networking.UnityWebRequest:SendWebRequest ()
UnityEngine.WWW:.ctor (string)
JMOAssets.JMOAssets_Menu:StartDownload ()
JMOAssets.JMOAssets_Menu:CheckStartupUpdate ()
JMOAssets.JMOAssets_Menu:.cctor ()
System.Runtime.CompilerServices.RuntimeHelpers:RunClassConstructor (System.RuntimeTypeHandle)
UnityEditor.EditorAssemblies:ProcessInitializeOnLoadAttributes (System.Type[])

[C:\build\output\unity\unity\Modules\UnityWebRequest\Public\Prototypes\UnityWebRequestProto.h line 519]

System.InvalidOperationException: Insecure connection not allowed
  at (wrapper managed-to-native) UnityEngine.Networking.UnityWebRequest.BeginWebRequest_Injected(intptr)
  at UnityEngine.Networking.UnityWebRequest.BeginWebRequest () [0x0000f] in <a5693f6f1faf4f39a6c9cefc1a5b2555>:0 
  at UnityEngine.Networking.UnityWebRequest.SendWebRequest () [0x00001] in <a5693f6f1faf4f39a6c9cefc1a5b2555>:0 
  at UnityEngine.WWW..ctor (System.String url) [0x00014] in <37916183dd3c4f44ab9cf13ab9ae239c>:0 
  at JMOAssets.JMOAssets_Menu.StartDownload () [0x00013] in <a7aa7c6095e5420583c7f523f7294ab4>:0 
  at JMOAssets.JMOAssets_Menu.CheckStartupUpdate () [0x00001] in <a7aa7c6095e5420583c7f523f7294ab4>:0 
  at JMOAssets.JMOAssets_Menu..cctor () [0x000a1] in <a7aa7c6095e5420583c7f523f7294ab4>:0 
UnityEngine.Debug:ExtractStackTraceNoAlloc (byte*,int,string)
UnityEngine.StackTraceUtility:ExtractStackTrace ()
UnityEngine.DebugLogHandler:Internal_Log (UnityEngine.LogType,UnityEngine.LogOption,string,UnityEngine.Object)
UnityEngine.DebugLogHandler:LogFormat (UnityEngine.LogType,UnityEngine.Object,string,object[])
UnityEngine.Logger:Log (UnityEngine.LogType,object)
UnityEngine.Debug:LogError (object)
UnityEditor.EditorAssemblies:ProcessInitializeOnLoadAttributes (System.Type[])

Mono: successfully reloaded assembly
- Finished resetting the current domain, in  2.573 seconds
Domain Reload Profiling: 4861ms
	BeginReloadAssembly (493ms)
		ExecutionOrderSort (0ms)
		DisableScriptedObjects (16ms)
		BackupInstance (0ms)
		ReleaseScriptingObjects (0ms)
		CreateAndSetChildDomain (117ms)
	RebuildCommonClasses (112ms)
	RebuildNativeTypeToScriptingClass (35ms)
	initialDomainReloadingComplete (109ms)
	LoadAllAssembliesAndSetupDomain (1537ms)
		LoadAssemblies (1352ms)
		RebuildTransferFunctionScriptingTraits (0ms)
		AnalyzeDomain (435ms)
			TypeCache.Refresh (20ms)
				TypeCache.ScanAssembly (0ms)
			BuildScriptInfoCaches (386ms)
			ResolveRequiredComponents (15ms)
	FinalizeReload (2575ms)
		ReleaseScriptCaches (0ms)
		RebuildScriptCaches (0ms)
		SetupLoadedEditorAssemblies (2158ms)
			LogAssemblyErrors (0ms)
			InitializePlatformSupportModulesInManaged (34ms)
			SetLoadedEditorAssemblies (13ms)
			BeforeProcessingInitializeOnLoad (445ms)
			ProcessInitializeOnLoadAttributes (1161ms)
			ProcessInitializeOnLoadMethodAttributes (486ms)
			AfterProcessingInitializeOnLoad (18ms)
			EditorAssembliesLoaded (1ms)
		ExecutionOrderSort2 (0ms)
		AwakeInstancesAfterBackupRestoration (23ms)
Refreshing native plugins compatible for Editor in 49.01 ms, found 6 plugins.
Preloading 0 native plugins for Editor in 0.00 ms.
Unloading 4 Unused Serialized files (Serialized files now loaded: 0)
Unloading 3740 unused Assets / (1.5 MB). Loaded Objects now: 4184.
Memory consumption went from 94.3 MB to 92.8 MB.
Total: 31.859300 ms (FindLiveObjects: 1.007100 ms CreateObjectMapping: 0.617000 ms MarkObjects: 27.129100 ms  DeleteObjects: 3.103300 ms)

Prepare: number of updated asset objects reloaded= 0
========================================================================
Received Prepare
Refreshing native plugins compatible for Editor in 24.01 ms, found 6 plugins.
Preloading 0 native plugins for Editor in 0.00 ms.
Unloading 4 Unused Serialized files (Serialized files now loaded: 0)
Unloading 3638 unused Assets / (1.2 MB). Loaded Objects now: 4184.
Memory consumption went from 93.9 MB to 92.7 MB.
Total: 17.524300 ms (FindLiveObjects: 0.675500 ms CreateObjectMapping: 0.325200 ms MarkObjects: 15.165000 ms  DeleteObjects: 1.356400 ms)

Prepare: number of updated asset objects reloaded= 0
========================================================================
Received Prepare
Refreshing native plugins compatible for Editor in 24.72 ms, found 6 plugins.
Preloading 0 native plugins for Editor in 0.00 ms.
Unloading 4 Unused Serialized files (Serialized files now loaded: 0)
Unloading 3638 unused Assets / (1.2 MB). Loaded Objects now: 4184.
Memory consumption went from 93.9 MB to 92.7 MB.
Total: 13.658500 ms (FindLiveObjects: 0.447300 ms CreateObjectMapping: 0.311900 ms MarkObjects: 11.536200 ms  DeleteObjects: 1.361900 ms)

Prepare: number of updated asset objects reloaded= 0
========================================================================
Received Prepare
Refreshing native plugins compatible for Editor in 23.70 ms, found 6 plugins.
Preloading 0 native plugins for Editor in 0.00 ms.
Unloading 4 Unused Serialized files (Serialized files now loaded: 0)
Unloading 3638 unused Assets / (1.3 MB). Loaded Objects now: 4184.
Memory consumption went from 93.9 MB to 92.6 MB.
Total: 14.042600 ms (FindLiveObjects: 0.523700 ms CreateObjectMapping: 0.304000 ms MarkObjects: 11.841900 ms  DeleteObjects: 1.370900 ms)

Prepare: number of updated asset objects reloaded= 0
========================================================================
Received Prepare
Refreshing native plugins compatible for Editor in 23.77 ms, found 6 plugins.
Preloading 0 native plugins for Editor in 0.00 ms.
Unloading 4 Unused Serialized files (Serialized files now loaded: 0)
Unloading 3638 unused Assets / (1.3 MB). Loaded Objects now: 4184.
Memory consumption went from 93.9 MB to 92.6 MB.
Total: 14.287600 ms (FindLiveObjects: 0.376300 ms CreateObjectMapping: 0.266900 ms MarkObjects: 12.332700 ms  DeleteObjects: 1.310300 ms)

Prepare: number of updated asset objects reloaded= 0
========================================================================
Received Prepare
Refreshing native plugins compatible for Editor in 23.85 ms, found 6 plugins.
Preloading 0 native plugins for Editor in 0.00 ms.
Unloading 4 Unused Serialized files (Serialized files now loaded: 0)
Unloading 3638 unused Assets / (1.2 MB). Loaded Objects now: 4184.
Memory consumption went from 93.9 MB to 92.7 MB.
Total: 13.648700 ms (FindLiveObjects: 0.383000 ms CreateObjectMapping: 0.278000 ms MarkObjects: 11.761500 ms  DeleteObjects: 1.224700 ms)

Prepare: number of updated asset objects reloaded= 0
========================================================================
Received Prepare
Refreshing native plugins compatible for Editor in 28.15 ms, found 6 plugins.
Preloading 0 native plugins for Editor in 0.00 ms.
Unloading 4 Unused Serialized files (Serialized files now loaded: 0)
Unloading 3638 unused Assets / (1.3 MB). Loaded Objects now: 4184.
Memory consumption went from 93.9 MB to 92.6 MB.
Total: 15.474100 ms (FindLiveObjects: 0.481500 ms CreateObjectMapping: 0.314300 ms MarkObjects: 13.144400 ms  DeleteObjects: 1.532300 ms)

Prepare: number of updated asset objects reloaded= 0
========================================================================
Received Prepare
Refreshing native plugins compatible for Editor in 24.02 ms, found 6 plugins.
Preloading 0 native plugins for Editor in 0.00 ms.
Unloading 4 Unused Serialized files (Serialized files now loaded: 0)
Unloading 3638 unused Assets / (1.2 MB). Loaded Objects now: 4184.
Memory consumption went from 93.9 MB to 92.7 MB.
Total: 12.937300 ms (FindLiveObjects: 0.434500 ms CreateObjectMapping: 0.316000 ms MarkObjects: 10.949200 ms  DeleteObjects: 1.236400 ms)

Prepare: number of updated asset objects reloaded= 0
========================================================================
Received Prepare
Refreshing native plugins compatible for Editor in 18.61 ms, found 6 plugins.
Preloading 0 native plugins for Editor in 0.00 ms.
Unloading 4 Unused Serialized files (Serialized files now loaded: 0)
Unloading 3638 unused Assets / (1.3 MB). Loaded Objects now: 4184.
Memory consumption went from 93.9 MB to 92.6 MB.
Total: 14.992000 ms (FindLiveObjects: 1.191900 ms CreateObjectMapping: 0.458300 ms MarkObjects: 12.105900 ms  DeleteObjects: 1.233900 ms)

Prepare: number of updated asset objects reloaded= 0
========================================================================
Received Prepare
Refreshing native plugins compatible for Editor in 30.97 ms, found 6 plugins.
Preloading 0 native plugins for Editor in 0.00 ms.
Unloading 4 Unused Serialized files (Serialized files now loaded: 0)
Unloading 3638 unused Assets / (1.4 MB). Loaded Objects now: 4184.
Memory consumption went from 93.9 MB to 92.6 MB.
Total: 13.667000 ms (FindLiveObjects: 0.437500 ms CreateObjectMapping: 0.287500 ms MarkObjects: 11.621200 ms  DeleteObjects: 1.318800 ms)

Prepare: number of updated asset objects reloaded= 0
========================================================================
Received Prepare
Refreshing native plugins compatible for Editor in 28.07 ms, found 6 plugins.
Preloading 0 native plugins for Editor in 0.00 ms.
Unloading 4 Unused Serialized files (Serialized files now loaded: 0)
Unloading 3638 unused Assets / (1.3 MB). Loaded Objects now: 4184.
Memory consumption went from 93.9 MB to 92.6 MB.
Total: 12.603100 ms (FindLiveObjects: 0.407500 ms CreateObjectMapping: 0.334000 ms MarkObjects: 10.646800 ms  DeleteObjects: 1.213600 ms)

Prepare: number of updated asset objects reloaded= 0
========================================================================
Received Prepare
Refreshing native plugins compatible for Editor in 29.40 ms, found 6 plugins.
Preloading 0 native plugins for Editor in 0.00 ms.
Unloading 4 Unused Serialized files (Serialized files now loaded: 0)
Unloading 3638 unused Assets / (1.1 MB). Loaded Objects now: 4184.
Memory consumption went from 93.9 MB to 92.8 MB.
Total: 17.055500 ms (FindLiveObjects: 0.491700 ms CreateObjectMapping: 0.497400 ms MarkObjects: 14.824000 ms  DeleteObjects: 1.240600 ms)

Prepare: number of updated asset objects reloaded= 0
========================================================================
Received Prepare
Refreshing native plugins compatible for Editor in 30.24 ms, found 6 plugins.
Preloading 0 native plugins for Editor in 0.00 ms.
Unloading 4 Unused Serialized files (Serialized files now loaded: 0)
Unloading 3638 unused Assets / (1.5 MB). Loaded Objects now: 4184.
Memory consumption went from 93.9 MB to 92.4 MB.
Total: 15.683200 ms (FindLiveObjects: 0.550700 ms CreateObjectMapping: 0.591000 ms MarkObjects: 12.901900 ms  DeleteObjects: 1.637400 ms)

Prepare: number of updated asset objects reloaded= 0
========================================================================
Received Prepare
Refreshing native plugins compatible for Editor in 37.68 ms, found 6 plugins.
Preloading 0 native plugins for Editor in 0.00 ms.
Unloading 4 Unused Serialized files (Serialized files now loaded: 0)
Unloading 3638 unused Assets / (1.5 MB). Loaded Objects now: 4184.
Memory consumption went from 93.9 MB to 92.5 MB.
Total: 18.757000 ms (FindLiveObjects: 0.539700 ms CreateObjectMapping: 0.630000 ms MarkObjects: 15.858400 ms  DeleteObjects: 1.726600 ms)

Prepare: number of updated asset objects reloaded= 0
========================================================================
Received Prepare
Refreshing native plugins compatible for Editor in 35.89 ms, found 6 plugins.
Preloading 0 native plugins for Editor in 0.00 ms.
Unloading 4 Unused Serialized files (Serialized files now loaded: 0)
Unloading 3638 unused Assets / (1.3 MB). Loaded Objects now: 4184.
Memory consumption went from 93.9 MB to 92.6 MB.
Total: 13.968500 ms (FindLiveObjects: 0.699200 ms CreateObjectMapping: 0.660300 ms MarkObjects: 11.328500 ms  DeleteObjects: 1.278600 ms)

Prepare: number of updated asset objects reloaded= 0
========================================================================
Received Import Request.
  Time since last request: 40.252463 seconds.
  path: Assets/Models/Smoothy_Labs_Logo_Bloom.png
  artifactKey: Guid(ef977990f4b9036439567bdd079b19e5) Importer(815301076,1909f56bfc062723c751e8b465ee728b)
Start importing Assets/Models/Smoothy_Labs_Logo_Bloom.png using Guid(ef977990f4b9036439567bdd079b19e5) Importer(815301076,1909f56bfc062723c751e8b465ee728b) (PreviewImporter) -> (artifact id: '7f92d626176373f6e6071f546ac30e49') in 0.2994442 seconds
Number of updated asset objects reloaded before import = 0Number of asset objects unloaded after import = 3

========================================================================
Received Prepare
Begin MonoManager ReloadAssembly
[Licensing::Client] Successfully resolved entitlement details
[Licensing::Module] License group:
  Id: F4-6VBU-GQ76-3YAQ-GU2D-XXXX
  Product: Unity Personal
  Type: ULF
  Expiration: Unlimited
[Licensing::Module] License group:
  Id: 3440655-UnityPersXXXX
  Product: Unity Personal
  Type: Assigned
  Expiration: Unlimited
Assembly 'Assets/PlayServicesResolver/Editor/Google.JarResolver_v1.2.59.0.dll' will not be loaded due to errors:
Assembly name 'Google.JarResolver' does not match file name 'Google.JarResolver_v1.2.59.0'
Assembly 'Assets/PlayServicesResolver/Editor/Google.IOSResolver_v1.2.59.0.dll' will not be loaded due to errors:
Unable to resolve reference 'UnityEditor.iOS.Extensions.Xcode'. Is the assembly missing or incompatible with the current platform?
Reference validation can be disabled in the Plugin Inspector.
Assembly name 'Google.IOSResolver' does not match file name 'Google.IOSResolver_v1.2.59.0'
Assembly 'Assets/PlayServicesResolver/Editor/Google.VersionHandlerImpl_v1.2.59.0.dll' will not be loaded due to errors:
Assembly name 'Google.VersionHandlerImpl' does not match file name 'Google.VersionHandlerImpl_v1.2.59.0'
- Loaded All Assemblies, in  1.004 seconds
Refreshing native plugins compatible for Editor in 22.04 ms, found 6 plugins.
Native extension for Android target not found
Native extension for WindowsStandalone target not found
[Package Manager] Failed to launch server process. Reason: Unity was launched with the -noUpm command-line argument
[Package Manager] Unable to send message (not connected to server process).
[Package Manager] Cannot connect to Unity Package Manager local server
Non-secure network connections disabled in Player Settings
UnityEngine.Debug:ExtractStackTraceNoAlloc (byte*,int,string)
UnityEngine.StackTraceUtility:ExtractStackTrace ()
UnityEngine.Networking.UnityWebRequest:BeginWebRequest ()
UnityEngine.Networking.UnityWebRequest:SendWebRequest ()
UnityEngine.WWW:.ctor (string)
JMOAssets.JMOAssets_Menu:StartDownload ()
JMOAssets.JMOAssets_Menu:CheckStartupUpdate ()
JMOAssets.JMOAssets_Menu:.cctor ()
System.Runtime.CompilerServices.RuntimeHelpers:RunClassConstructor (System.RuntimeTypeHandle)
UnityEditor.EditorAssemblies:ProcessInitializeOnLoadAttributes (System.Type[])

[C:\build\output\unity\unity\Modules\UnityWebRequest\Public\Prototypes\UnityWebRequestProto.h line 519]

System.InvalidOperationException: Insecure connection not allowed
  at (wrapper managed-to-native) UnityEngine.Networking.UnityWebRequest.BeginWebRequest_Injected(intptr)
  at UnityEngine.Networking.UnityWebRequest.BeginWebRequest () [0x0000f] in <a5693f6f1faf4f39a6c9cefc1a5b2555>:0 
  at UnityEngine.Networking.UnityWebRequest.SendWebRequest () [0x00001] in <a5693f6f1faf4f39a6c9cefc1a5b2555>:0 
  at UnityEngine.WWW..ctor (System.String url) [0x00014] in <37916183dd3c4f44ab9cf13ab9ae239c>:0 
  at JMOAssets.JMOAssets_Menu.StartDownload () [0x00013] in <a7aa7c6095e5420583c7f523f7294ab4>:0 
  at JMOAssets.JMOAssets_Menu.CheckStartupUpdate () [0x00001] in <a7aa7c6095e5420583c7f523f7294ab4>:0 
  at JMOAssets.JMOAssets_Menu..cctor () [0x000a1] in <a7aa7c6095e5420583c7f523f7294ab4>:0 
UnityEngine.Debug:ExtractStackTraceNoAlloc (byte*,int,string)
UnityEngine.StackTraceUtility:ExtractStackTrace ()
UnityEngine.DebugLogHandler:Internal_Log (UnityEngine.LogType,UnityEngine.LogOption,string,UnityEngine.Object)
UnityEngine.DebugLogHandler:LogFormat (UnityEngine.LogType,UnityEngine.Object,string,object[])
UnityEngine.Logger:Log (UnityEngine.LogType,object)
UnityEngine.Debug:LogError (object)
UnityEditor.EditorAssemblies:ProcessInitializeOnLoadAttributes (System.Type[])

Mono: successfully reloaded assembly
- Finished resetting the current domain, in  1.193 seconds
Domain Reload Profiling: 2195ms
	BeginReloadAssembly (291ms)
		ExecutionOrderSort (0ms)
		DisableScriptedObjects (8ms)
		BackupInstance (0ms)
		ReleaseScriptingObjects (0ms)
		CreateAndSetChildDomain (65ms)
	RebuildCommonClasses (50ms)
	RebuildNativeTypeToScriptingClass (19ms)
	initialDomainReloadingComplete (46ms)
	LoadAllAssembliesAndSetupDomain (596ms)
		LoadAssemblies (564ms)
		RebuildTransferFunctionScriptingTraits (0ms)
		AnalyzeDomain (179ms)
			TypeCache.Refresh (8ms)
				TypeCache.ScanAssembly (0ms)
			BuildScriptInfoCaches (160ms)
			ResolveRequiredComponents (4ms)
	FinalizeReload (1194ms)
		ReleaseScriptCaches (0ms)
		RebuildScriptCaches (0ms)
		SetupLoadedEditorAssemblies (1012ms)
			LogAssemblyErrors (0ms)
			InitializePlatformSupportModulesInManaged (14ms)
			SetLoadedEditorAssemblies (7ms)
			BeforeProcessingInitializeOnLoad (168ms)
			ProcessInitializeOnLoadAttributes (584ms)
			ProcessInitializeOnLoadMethodAttributes (233ms)
			AfterProcessingInitializeOnLoad (7ms)
			EditorAssembliesLoaded (0ms)
		ExecutionOrderSort2 (0ms)
		AwakeInstancesAfterBackupRestoration (11ms)
Refreshing native plugins compatible for Editor in 19.50 ms, found 6 plugins.
Preloading 0 native plugins for Editor in 0.00 ms.
Unloading 4 Unused Serialized files (Serialized files now loaded: 0)
Unloading 3740 unused Assets / (1.3 MB). Loaded Objects now: 4188.
Memory consumption went from 94.4 MB to 93.1 MB.
Total: 13.517800 ms (FindLiveObjects: 0.558400 ms CreateObjectMapping: 0.454300 ms MarkObjects: 11.274200 ms  DeleteObjects: 1.228300 ms)

Prepare: number of updated asset objects reloaded= 0
========================================================================
Received Prepare
Refreshing native plugins compatible for Editor in 31.48 ms, found 6 plugins.
Preloading 0 native plugins for Editor in 0.00 ms.
Unloading 4 Unused Serialized files (Serialized files now loaded: 0)
Unloading 3638 unused Assets / (1.3 MB). Loaded Objects now: 4188.
Memory consumption went from 93.9 MB to 92.6 MB.
Total: 16.092100 ms (FindLiveObjects: 0.719200 ms CreateObjectMapping: 0.692700 ms MarkObjects: 13.025600 ms  DeleteObjects: 1.652500 ms)

Prepare: number of updated asset objects reloaded= 0
========================================================================
Received Prepare
Refreshing native plugins compatible for Editor in 30.49 ms, found 6 plugins.
Preloading 0 native plugins for Editor in 0.00 ms.
Unloading 4 Unused Serialized files (Serialized files now loaded: 0)
Unloading 3638 unused Assets / (1.1 MB). Loaded Objects now: 4188.
Memory consumption went from 93.9 MB to 92.8 MB.
Total: 13.515900 ms (FindLiveObjects: 0.403600 ms CreateObjectMapping: 0.297000 ms MarkObjects: 11.531200 ms  DeleteObjects: 1.282400 ms)

Prepare: number of updated asset objects reloaded= 0
========================================================================
Received Prepare
Refreshing native plugins compatible for Editor in 22.68 ms, found 6 plugins.
Preloading 0 native plugins for Editor in 0.00 ms.
Unloading 4 Unused Serialized files (Serialized files now loaded: 0)
Unloading 3638 unused Assets / (1.4 MB). Loaded Objects now: 4188.
Memory consumption went from 93.9 MB to 92.6 MB.
Total: 14.197200 ms (FindLiveObjects: 0.383800 ms CreateObjectMapping: 0.282000 ms MarkObjects: 12.138300 ms  DeleteObjects: 1.391300 ms)

Prepare: number of updated asset objects reloaded= 0
========================================================================
Received Prepare
Refreshing native plugins compatible for Editor in 25.48 ms, found 6 plugins.
Preloading 0 native plugins for Editor in 0.00 ms.
Unloading 4 Unused Serialized files (Serialized files now loaded: 0)
Unloading 3638 unused Assets / (1.4 MB). Loaded Objects now: 4188.
Memory consumption went from 93.9 MB to 92.6 MB.
Total: 14.766300 ms (FindLiveObjects: 0.598200 ms CreateObjectMapping: 0.869900 ms MarkObjects: 12.021800 ms  DeleteObjects: 1.274600 ms)

Prepare: number of updated asset objects reloaded= 0
========================================================================
Received Prepare
Refreshing native plugins compatible for Editor in 24.56 ms, found 6 plugins.
Preloading 0 native plugins for Editor in 0.00 ms.
Unloading 4 Unused Serialized files (Serialized files now loaded: 0)
Unloading 3638 unused Assets / (1.3 MB). Loaded Objects now: 4188.
Memory consumption went from 93.9 MB to 92.6 MB.
Total: 13.660400 ms (FindLiveObjects: 0.445700 ms CreateObjectMapping: 0.298500 ms MarkObjects: 11.251000 ms  DeleteObjects: 1.663400 ms)

Prepare: number of updated asset objects reloaded= 0
========================================================================
Received Prepare
Refreshing native plugins compatible for Editor in 24.83 ms, found 6 plugins.
Preloading 0 native plugins for Editor in 0.00 ms.
Unloading 4 Unused Serialized files (Serialized files now loaded: 0)
Unloading 3638 unused Assets / (1.4 MB). Loaded Objects now: 4188.
Memory consumption went from 93.9 MB to 92.6 MB.
Total: 13.115700 ms (FindLiveObjects: 0.391500 ms CreateObjectMapping: 0.296000 ms MarkObjects: 11.136700 ms  DeleteObjects: 1.289700 ms)

Prepare: number of updated asset objects reloaded= 0
========================================================================
Received Prepare
Refreshing native plugins compatible for Editor in 30.76 ms, found 6 plugins.
Preloading 0 native plugins for Editor in 0.00 ms.
Unloading 4 Unused Serialized files (Serialized files now loaded: 0)
Unloading 3638 unused Assets / (1.3 MB). Loaded Objects now: 4188.
Memory consumption went from 93.9 MB to 92.7 MB.
Total: 16.246400 ms (FindLiveObjects: 0.545300 ms CreateObjectMapping: 0.358900 ms MarkObjects: 13.624400 ms  DeleteObjects: 1.715700 ms)

Prepare: number of updated asset objects reloaded= 0
========================================================================
Received Prepare
Refreshing native plugins compatible for Editor in 32.07 ms, found 6 plugins.
Preloading 0 native plugins for Editor in 0.00 ms.
Unloading 4 Unused Serialized files (Serialized files now loaded: 0)
Unloading 3638 unused Assets / (1.2 MB). Loaded Objects now: 4188.
Memory consumption went from 93.9 MB to 92.7 MB.
Total: 13.180900 ms (FindLiveObjects: 0.490000 ms CreateObjectMapping: 0.391400 ms MarkObjects: 11.103600 ms  DeleteObjects: 1.194200 ms)

Prepare: number of updated asset objects reloaded= 0
========================================================================
Received Prepare
Refreshing native plugins compatible for Editor in 21.55 ms, found 6 plugins.
Preloading 0 native plugins for Editor in 0.00 ms.
Unloading 4 Unused Serialized files (Serialized files now loaded: 0)
Unloading 3638 unused Assets / (1.3 MB). Loaded Objects now: 4188.
Memory consumption went from 93.9 MB to 92.7 MB.
Total: 13.715800 ms (FindLiveObjects: 0.480300 ms CreateObjectMapping: 0.278000 ms MarkObjects: 11.224900 ms  DeleteObjects: 1.730800 ms)

Prepare: number of updated asset objects reloaded= 0
========================================================================
Received Prepare
Refreshing native plugins compatible for Editor in 23.17 ms, found 6 plugins.
Preloading 0 native plugins for Editor in 0.00 ms.
Unloading 4 Unused Serialized files (Serialized files now loaded: 0)
Unloading 3638 unused Assets / (1.0 MB). Loaded Objects now: 4188.
Memory consumption went from 93.9 MB to 92.9 MB.
Total: 13.131500 ms (FindLiveObjects: 0.403400 ms CreateObjectMapping: 0.274700 ms MarkObjects: 11.080500 ms  DeleteObjects: 1.371300 ms)

Prepare: number of updated asset objects reloaded= 0
========================================================================
Received Prepare
Refreshing native plugins compatible for Editor in 27.40 ms, found 6 plugins.
Preloading 0 native plugins for Editor in 0.00 ms.
Unloading 4 Unused Serialized files (Serialized files now loaded: 0)
Unloading 3638 unused Assets / (1.3 MB). Loaded Objects now: 4188.
Memory consumption went from 93.9 MB to 92.6 MB.
Total: 14.597500 ms (FindLiveObjects: 0.494300 ms CreateObjectMapping: 0.296100 ms MarkObjects: 12.401500 ms  DeleteObjects: 1.403600 ms)

Prepare: number of updated asset objects reloaded= 0
========================================================================
Received Prepare
Refreshing native plugins compatible for Editor in 23.39 ms, found 6 plugins.
Preloading 0 native plugins for Editor in 0.00 ms.
Unloading 4 Unused Serialized files (Serialized files now loaded: 0)
Unloading 3638 unused Assets / (1.4 MB). Loaded Objects now: 4188.
Memory consumption went from 93.9 MB to 92.6 MB.
Total: 12.814000 ms (FindLiveObjects: 0.401500 ms CreateObjectMapping: 0.292700 ms MarkObjects: 10.852700 ms  DeleteObjects: 1.265100 ms)

Prepare: number of updated asset objects reloaded= 0
========================================================================
Received Prepare
Refreshing native plugins compatible for Editor in 53.52 ms, found 6 plugins.
Preloading 0 native plugins for Editor in 0.00 ms.
Unloading 4 Unused Serialized files (Serialized files now loaded: 0)
Unloading 3638 unused Assets / (1.4 MB). Loaded Objects now: 4188.
Memory consumption went from 93.9 MB to 92.5 MB.
Total: 28.829700 ms (FindLiveObjects: 1.063600 ms CreateObjectMapping: 0.605800 ms MarkObjects: 24.689800 ms  DeleteObjects: 2.466700 ms)

Prepare: number of updated asset objects reloaded= 0
========================================================================
Received Prepare
Refreshing native plugins compatible for Editor in 45.27 ms, found 6 plugins.
Preloading 0 native plugins for Editor in 0.00 ms.
Unloading 4 Unused Serialized files (Serialized files now loaded: 0)
Unloading 3638 unused Assets / (1.5 MB). Loaded Objects now: 4188.
Memory consumption went from 93.9 MB to 92.4 MB.
Total: 26.381700 ms (FindLiveObjects: 0.738700 ms CreateObjectMapping: 0.692600 ms MarkObjects: 22.324100 ms  DeleteObjects: 2.623700 ms)

Prepare: number of updated asset objects reloaded= 0
========================================================================
Received Prepare
Refreshing native plugins compatible for Editor in 54.35 ms, found 6 plugins.
Preloading 0 native plugins for Editor in 0.00 ms.
Unloading 4 Unused Serialized files (Serialized files now loaded: 0)
Unloading 3638 unused Assets / (1.1 MB). Loaded Objects now: 4188.
Memory consumption went from 93.9 MB to 92.8 MB.
Total: 28.236800 ms (FindLiveObjects: 0.712400 ms CreateObjectMapping: 0.719400 ms MarkObjects: 24.699600 ms  DeleteObjects: 2.103000 ms)

Prepare: number of updated asset objects reloaded= 0
========================================================================
Received Prepare
Refreshing native plugins compatible for Editor in 47.23 ms, found 6 plugins.
Preloading 0 native plugins for Editor in 0.00 ms.
Unloading 4 Unused Serialized files (Serialized files now loaded: 0)
Unloading 3638 unused Assets / (1.5 MB). Loaded Objects now: 4188.
Memory consumption went from 93.9 MB to 92.5 MB.
Total: 27.682200 ms (FindLiveObjects: 0.928700 ms CreateObjectMapping: 0.708800 ms MarkObjects: 23.099200 ms  DeleteObjects: 2.942200 ms)

Prepare: number of updated asset objects reloaded= 0
========================================================================
Received Prepare
Refreshing native plugins compatible for Editor in 57.43 ms, found 6 plugins.
Preloading 0 native plugins for Editor in 0.00 ms.
Unloading 4 Unused Serialized files (Serialized files now loaded: 0)
Unloading 3638 unused Assets / (1.3 MB). Loaded Objects now: 4188.
Memory consumption went from 93.9 MB to 92.7 MB.
Total: 27.872900 ms (FindLiveObjects: 0.663500 ms CreateObjectMapping: 0.625300 ms MarkObjects: 24.358100 ms  DeleteObjects: 2.223100 ms)

Prepare: number of updated asset objects reloaded= 0
========================================================================
Received Prepare
Refreshing native plugins compatible for Editor in 56.23 ms, found 6 plugins.
Preloading 0 native plugins for Editor in 0.00 ms.
Unloading 4 Unused Serialized files (Serialized files now loaded: 0)
Unloading 3638 unused Assets / (1.5 MB). Loaded Objects now: 4188.
Memory consumption went from 93.9 MB to 92.5 MB.
Total: 30.768400 ms (FindLiveObjects: 0.623200 ms CreateObjectMapping: 0.602300 ms MarkObjects: 26.854100 ms  DeleteObjects: 2.686000 ms)

Prepare: number of updated asset objects reloaded= 0
========================================================================
Received Prepare
Refreshing native plugins compatible for Editor in 44.86 ms, found 6 plugins.
Preloading 0 native plugins for Editor in 0.00 ms.
Unloading 4 Unused Serialized files (Serialized files now loaded: 0)
Unloading 3638 unused Assets / (1.1 MB). Loaded Objects now: 4188.
Memory consumption went from 94.0 MB to 92.9 MB.
Total: 23.362800 ms (FindLiveObjects: 0.485700 ms CreateObjectMapping: 0.406100 ms MarkObjects: 20.598900 ms  DeleteObjects: 1.869600 ms)

Prepare: number of updated asset objects reloaded= 0
========================================================================
Received Prepare
Refreshing native plugins compatible for Editor in 50.39 ms, found 6 plugins.
Preloading 0 native plugins for Editor in 0.00 ms.
Unloading 4 Unused Serialized files (Serialized files now loaded: 0)
Unloading 3638 unused Assets / (1.4 MB). Loaded Objects now: 4188.
Memory consumption went from 94.0 MB to 92.5 MB.
Total: 29.636700 ms (FindLiveObjects: 0.980200 ms CreateObjectMapping: 0.638000 ms MarkObjects: 24.668800 ms  DeleteObjects: 3.346300 ms)

Prepare: number of updated asset objects reloaded= 0
========================================================================
Received Prepare
Refreshing native plugins compatible for Editor in 54.16 ms, found 6 plugins.
Preloading 0 native plugins for Editor in 0.00 ms.
Unloading 4 Unused Serialized files (Serialized files now loaded: 0)
Unloading 3638 unused Assets / (1.8 MB). Loaded Objects now: 4188.
Memory consumption went from 93.9 MB to 92.1 MB.
Total: 33.586500 ms (FindLiveObjects: 0.644600 ms CreateObjectMapping: 0.716900 ms MarkObjects: 28.447000 ms  DeleteObjects: 3.775600 ms)

Prepare: number of updated asset objects reloaded= 0
========================================================================
Received Prepare
Refreshing native plugins compatible for Editor in 60.93 ms, found 6 plugins.
Preloading 0 native plugins for Editor in 0.00 ms.
Unloading 4 Unused Serialized files (Serialized files now loaded: 0)
Unloading 3638 unused Assets / (1.5 MB). Loaded Objects now: 4188.
Memory consumption went from 94.0 MB to 92.4 MB.
Total: 35.642900 ms (FindLiveObjects: 1.125500 ms CreateObjectMapping: 0.614200 ms MarkObjects: 29.982300 ms  DeleteObjects: 3.918000 ms)

Prepare: number of updated asset objects reloaded= 0
========================================================================
Received Prepare
Refreshing native plugins compatible for Editor in 49.96 ms, found 6 plugins.
Preloading 0 native plugins for Editor in 0.00 ms.
Unloading 4 Unused Serialized files (Serialized files now loaded: 0)
Unloading 3638 unused Assets / (1.5 MB). Loaded Objects now: 4188.
Memory consumption went from 94.0 MB to 92.4 MB.
Total: 27.771900 ms (FindLiveObjects: 0.723900 ms CreateObjectMapping: 0.697700 ms MarkObjects: 23.559400 ms  DeleteObjects: 2.787800 ms)

Prepare: number of updated asset objects reloaded= 0
========================================================================
Received Prepare
Refreshing native plugins compatible for Editor in 49.97 ms, found 6 plugins.
Preloading 0 native plugins for Editor in 0.00 ms.
Unloading 4 Unused Serialized files (Serialized files now loaded: 0)
Unloading 3638 unused Assets / (1.4 MB). Loaded Objects now: 4188.
Memory consumption went from 94.0 MB to 92.5 MB.
Total: 29.157300 ms (FindLiveObjects: 0.677400 ms CreateObjectMapping: 0.735100 ms MarkObjects: 25.012100 ms  DeleteObjects: 2.730400 ms)

Prepare: number of updated asset objects reloaded= 0
========================================================================
Received Prepare
Refreshing native plugins compatible for Editor in 55.89 ms, found 6 plugins.
Preloading 0 native plugins for Editor in 0.00 ms.
Unloading 4 Unused Serialized files (Serialized files now loaded: 0)
Unloading 3638 unused Assets / (1.3 MB). Loaded Objects now: 4188.
Memory consumption went from 94.0 MB to 92.6 MB.
Total: 27.504100 ms (FindLiveObjects: 1.008800 ms CreateObjectMapping: 0.672200 ms MarkObjects: 23.426000 ms  DeleteObjects: 2.393700 ms)

Prepare: number of updated asset objects reloaded= 0
========================================================================
Received Prepare
Refreshing native plugins compatible for Editor in 52.68 ms, found 6 plugins.
Preloading 0 native plugins for Editor in 0.00 ms.
Unloading 4 Unused Serialized files (Serialized files now loaded: 0)
Unloading 3638 unused Assets / (1.8 MB). Loaded Objects now: 4188.
Memory consumption went from 94.0 MB to 92.2 MB.
Total: 27.696400 ms (FindLiveObjects: 1.521300 ms CreateObjectMapping: 0.965500 ms MarkObjects: 22.167600 ms  DeleteObjects: 3.039000 ms)

Prepare: number of updated asset objects reloaded= 0
========================================================================
Received Prepare
Refreshing native plugins compatible for Editor in 41.91 ms, found 6 plugins.
Preloading 0 native plugins for Editor in 0.00 ms.
Unloading 4 Unused Serialized files (Serialized files now loaded: 0)
Unloading 3638 unused Assets / (1.2 MB). Loaded Objects now: 4188.
Memory consumption went from 93.9 MB to 92.7 MB.
Total: 32.033100 ms (FindLiveObjects: 0.456500 ms CreateObjectMapping: 0.400400 ms MarkObjects: 28.523300 ms  DeleteObjects: 2.650000 ms)

Prepare: number of updated asset objects reloaded= 0
========================================================================
Received Prepare
Refreshing native plugins compatible for Editor in 45.39 ms, found 6 plugins.
Preloading 0 native plugins for Editor in 0.00 ms.
Unloading 4 Unused Serialized files (Serialized files now loaded: 0)
Unloading 3638 unused Assets / (1.0 MB). Loaded Objects now: 4188.
Memory consumption went from 93.9 MB to 92.9 MB.
Total: 59.327200 ms (FindLiveObjects: 0.725500 ms CreateObjectMapping: 0.423200 ms MarkObjects: 55.081700 ms  DeleteObjects: 3.067800 ms)

Prepare: number of updated asset objects reloaded= 0
========================================================================
Received Prepare
Begin MonoManager ReloadAssembly
[Licensing::Client] Successfully resolved entitlement details
[Licensing::Module] License group:
  Id: F4-6VBU-GQ76-3YAQ-GU2D-XXXX
  Product: Unity Personal
  Type: ULF
  Expiration: Unlimited
[Licensing::Module] License group:
  Id: 3440655-UnityPersXXXX
  Product: Unity Personal
  Type: Assigned
  Expiration: Unlimited
Assembly 'Assets/PlayServicesResolver/Editor/Google.JarResolver_v1.2.59.0.dll' will not be loaded due to errors:
Assembly name 'Google.JarResolver' does not match file name 'Google.JarResolver_v1.2.59.0'
Assembly 'Assets/PlayServicesResolver/Editor/Google.IOSResolver_v1.2.59.0.dll' will not be loaded due to errors:
Unable to resolve reference 'UnityEditor.iOS.Extensions.Xcode'. Is the assembly missing or incompatible with the current platform?
Reference validation can be disabled in the Plugin Inspector.
Assembly name 'Google.IOSResolver' does not match file name 'Google.IOSResolver_v1.2.59.0'
Assembly 'Assets/PlayServicesResolver/Editor/Google.VersionHandlerImpl_v1.2.59.0.dll' will not be loaded due to errors:
Assembly name 'Google.VersionHandlerImpl' does not match file name 'Google.VersionHandlerImpl_v1.2.59.0'
- Loaded All Assemblies, in  0.995 seconds
Refreshing native plugins compatible for Editor in 17.66 ms, found 6 plugins.
Native extension for Android target not found
Native extension for WindowsStandalone target not found
[Package Manager] Failed to launch server process. Reason: Unity was launched with the -noUpm command-line argument
[Package Manager] Unable to send message (not connected to server process).
[Package Manager] Cannot connect to Unity Package Manager local server
Non-secure network connections disabled in Player Settings
UnityEngine.Debug:ExtractStackTraceNoAlloc (byte*,int,string)
UnityEngine.StackTraceUtility:ExtractStackTrace ()
UnityEngine.Networking.UnityWebRequest:BeginWebRequest ()
UnityEngine.Networking.UnityWebRequest:SendWebRequest ()
UnityEngine.WWW:.ctor (string)
JMOAssets.JMOAssets_Menu:StartDownload ()
JMOAssets.JMOAssets_Menu:CheckStartupUpdate ()
JMOAssets.JMOAssets_Menu:.cctor ()
System.Runtime.CompilerServices.RuntimeHelpers:RunClassConstructor (System.RuntimeTypeHandle)
UnityEditor.EditorAssemblies:ProcessInitializeOnLoadAttributes (System.Type[])

[C:\build\output\unity\unity\Modules\UnityWebRequest\Public\Prototypes\UnityWebRequestProto.h line 519]

System.InvalidOperationException: Insecure connection not allowed
  at (wrapper managed-to-native) UnityEngine.Networking.UnityWebRequest.BeginWebRequest_Injected(intptr)
  at UnityEngine.Networking.UnityWebRequest.BeginWebRequest () [0x0000f] in <a5693f6f1faf4f39a6c9cefc1a5b2555>:0 
  at UnityEngine.Networking.UnityWebRequest.SendWebRequest () [0x00001] in <a5693f6f1faf4f39a6c9cefc1a5b2555>:0 
  at UnityEngine.WWW..ctor (System.String url) [0x00014] in <37916183dd3c4f44ab9cf13ab9ae239c>:0 
  at JMOAssets.JMOAssets_Menu.StartDownload () [0x00013] in <a7aa7c6095e5420583c7f523f7294ab4>:0 
  at JMOAssets.JMOAssets_Menu.CheckStartupUpdate () [0x00001] in <a7aa7c6095e5420583c7f523f7294ab4>:0 
  at JMOAssets.JMOAssets_Menu..cctor () [0x000a1] in <a7aa7c6095e5420583c7f523f7294ab4>:0 
UnityEngine.Debug:ExtractStackTraceNoAlloc (byte*,int,string)
UnityEngine.StackTraceUtility:ExtractStackTrace ()
UnityEngine.DebugLogHandler:Internal_Log (UnityEngine.LogType,UnityEngine.LogOption,string,UnityEngine.Object)
UnityEngine.DebugLogHandler:LogFormat (UnityEngine.LogType,UnityEngine.Object,string,object[])
UnityEngine.Logger:Log (UnityEngine.LogType,object)
UnityEngine.Debug:LogError (object)
UnityEditor.EditorAssemblies:ProcessInitializeOnLoadAttributes (System.Type[])

Mono: successfully reloaded assembly
- Finished resetting the current domain, in  1.146 seconds
Domain Reload Profiling: 2139ms
	BeginReloadAssembly (259ms)
		ExecutionOrderSort (0ms)
		DisableScriptedObjects (9ms)
		BackupInstance (0ms)
		ReleaseScriptingObjects (0ms)
		CreateAndSetChildDomain (52ms)
	RebuildCommonClasses (55ms)
	RebuildNativeTypeToScriptingClass (18ms)
	initialDomainReloadingComplete (46ms)
	LoadAllAssembliesAndSetupDomain (614ms)
		LoadAssemblies (561ms)
		RebuildTransferFunctionScriptingTraits (0ms)
		AnalyzeDomain (189ms)
			TypeCache.Refresh (10ms)
				TypeCache.ScanAssembly (0ms)
			BuildScriptInfoCaches (165ms)
			ResolveRequiredComponents (7ms)
	FinalizeReload (1147ms)
		ReleaseScriptCaches (0ms)
		RebuildScriptCaches (0ms)
		SetupLoadedEditorAssemblies (971ms)
			LogAssemblyErrors (0ms)
			InitializePlatformSupportModulesInManaged (14ms)
			SetLoadedEditorAssemblies (7ms)
			BeforeProcessingInitializeOnLoad (161ms)
			ProcessInitializeOnLoadAttributes (552ms)
			ProcessInitializeOnLoadMethodAttributes (229ms)
			AfterProcessingInitializeOnLoad (7ms)
			EditorAssembliesLoaded (0ms)
		ExecutionOrderSort2 (0ms)
		AwakeInstancesAfterBackupRestoration (11ms)
Refreshing native plugins compatible for Editor in 27.28 ms, found 6 plugins.
Preloading 0 native plugins for Editor in 0.00 ms.
Unloading 4 Unused Serialized files (Serialized files now loaded: 0)
Unloading 3740 unused Assets / (1.3 MB). Loaded Objects now: 4190.
Memory consumption went from 94.4 MB to 93.0 MB.
Total: 14.488800 ms (FindLiveObjects: 0.590400 ms CreateObjectMapping: 0.294100 ms MarkObjects: 12.176000 ms  DeleteObjects: 1.426700 ms)

Prepare: number of updated asset objects reloaded= 0
========================================================================
Received Import Request.
  Time since last request: 152.454499 seconds.
  path: Assets/Models/Smoothy_Labs_Logo_Bloom.png
  artifactKey: Guid(ef977990f4b9036439567bdd079b19e5) Importer(2089858483,192608db42251d675da83286b1cce702)
Start importing Assets/Models/Smoothy_Labs_Logo_Bloom.png using Guid(ef977990f4b9036439567bdd079b19e5) Importer(2089858483,192608db42251d675da83286b1cce702) (ScriptedImporter) -> (artifact id: '7bf5effeb23ac13da63e8991bc029aff') in 0.4638317 seconds
Number of updated asset objects reloaded before import = 0Number of asset objects unloaded after import = 3

========================================================================
Received Prepare
Refreshing native plugins compatible for Editor in 24.35 ms, found 6 plugins.
Preloading 0 native plugins for Editor in 0.00 ms.
Unloading 4 Unused Serialized files (Serialized files now loaded: 0)
Unloading 3638 unused Assets / (1.3 MB). Loaded Objects now: 4190.
Memory consumption went from 94.1 MB to 92.8 MB.
Total: 17.448700 ms (FindLiveObjects: 0.393400 ms CreateObjectMapping: 0.270700 ms MarkObjects: 14.533000 ms  DeleteObjects: 2.249100 ms)

Prepare: number of updated asset objects reloaded= 0
========================================================================
Received Prepare
Refreshing native plugins compatible for Editor in 24.73 ms, found 6 plugins.
Preloading 0 native plugins for Editor in 0.00 ms.
Unloading 4 Unused Serialized files (Serialized files now loaded: 0)
Unloading 3638 unused Assets / (1.3 MB). Loaded Objects now: 4190.
Memory consumption went from 94.1 MB to 92.8 MB.
Total: 13.050700 ms (FindLiveObjects: 0.549400 ms CreateObjectMapping: 0.323300 ms MarkObjects: 10.919000 ms  DeleteObjects: 1.257600 ms)

Prepare: number of updated asset objects reloaded= 0
========================================================================
Received Prepare
Refreshing native plugins compatible for Editor in 22.42 ms, found 6 plugins.
Preloading 0 native plugins for Editor in 0.00 ms.
Unloading 4 Unused Serialized files (Serialized files now loaded: 0)
Unloading 3638 unused Assets / (1.7 MB). Loaded Objects now: 4190.
Memory consumption went from 94.1 MB to 92.4 MB.
Total: 14.975400 ms (FindLiveObjects: 0.416800 ms CreateObjectMapping: 0.310400 ms MarkObjects: 12.114600 ms  DeleteObjects: 2.131300 ms)

Prepare: number of updated asset objects reloaded= 0
========================================================================
Received Prepare
Refreshing native plugins compatible for Editor in 26.39 ms, found 6 plugins.
Preloading 0 native plugins for Editor in 0.00 ms.
Unloading 4 Unused Serialized files (Serialized files now loaded: 0)
Unloading 3638 unused Assets / (1.3 MB). Loaded Objects now: 4190.
Memory consumption went from 94.1 MB to 92.7 MB.
Total: 13.969900 ms (FindLiveObjects: 0.542300 ms CreateObjectMapping: 0.316400 ms MarkObjects: 11.882400 ms  DeleteObjects: 1.227100 ms)

Prepare: number of updated asset objects reloaded= 0
========================================================================
Received Prepare
Refreshing native plugins compatible for Editor in 18.05 ms, found 6 plugins.
Preloading 0 native plugins for Editor in 0.00 ms.
Unloading 4 Unused Serialized files (Serialized files now loaded: 0)
Unloading 3638 unused Assets / (1.3 MB). Loaded Objects now: 4190.
Memory consumption went from 94.1 MB to 92.8 MB.
Total: 13.919700 ms (FindLiveObjects: 0.451500 ms CreateObjectMapping: 0.305300 ms MarkObjects: 11.824900 ms  DeleteObjects: 1.336100 ms)

Prepare: number of updated asset objects reloaded= 0
========================================================================
Received Prepare
Refreshing native plugins compatible for Editor in 25.50 ms, found 6 plugins.
Preloading 0 native plugins for Editor in 0.00 ms.
Unloading 4 Unused Serialized files (Serialized files now loaded: 0)
Unloading 3638 unused Assets / (1.2 MB). Loaded Objects now: 4190.
Memory consumption went from 94.1 MB to 92.8 MB.
Total: 13.140100 ms (FindLiveObjects: 0.406700 ms CreateObjectMapping: 0.353000 ms MarkObjects: 11.155300 ms  DeleteObjects: 1.223500 ms)

Prepare: number of updated asset objects reloaded= 0
========================================================================
Received Prepare
Refreshing native plugins compatible for Editor in 21.68 ms, found 6 plugins.
Preloading 0 native plugins for Editor in 0.00 ms.
Unloading 4 Unused Serialized files (Serialized files now loaded: 0)
Unloading 3638 unused Assets / (1.3 MB). Loaded Objects now: 4190.
Memory consumption went from 94.1 MB to 92.8 MB.
Total: 13.572600 ms (FindLiveObjects: 0.442400 ms CreateObjectMapping: 0.273600 ms MarkObjects: 11.271300 ms  DeleteObjects: 1.583200 ms)

Prepare: number of updated asset objects reloaded= 0
========================================================================
Received Prepare
Refreshing native plugins compatible for Editor in 21.89 ms, found 6 plugins.
Preloading 0 native plugins for Editor in 0.00 ms.
Unloading 4 Unused Serialized files (Serialized files now loaded: 0)
Unloading 3638 unused Assets / (1.3 MB). Loaded Objects now: 4190.
Memory consumption went from 94.1 MB to 92.8 MB.
Total: 13.466000 ms (FindLiveObjects: 0.444200 ms CreateObjectMapping: 0.292300 ms MarkObjects: 11.477200 ms  DeleteObjects: 1.250500 ms)

Prepare: number of updated asset objects reloaded= 0
========================================================================
Received Prepare
Refreshing native plugins compatible for Editor in 21.99 ms, found 6 plugins.
Preloading 0 native plugins for Editor in 0.00 ms.
Unloading 4 Unused Serialized files (Serialized files now loaded: 0)
Unloading 3638 unused Assets / (1.2 MB). Loaded Objects now: 4190.
Memory consumption went from 94.1 MB to 92.9 MB.
Total: 13.469900 ms (FindLiveObjects: 0.362500 ms CreateObjectMapping: 0.266300 ms MarkObjects: 11.606600 ms  DeleteObjects: 1.232900 ms)

Prepare: number of updated asset objects reloaded= 0
========================================================================
Received Prepare
Refreshing native plugins compatible for Editor in 22.01 ms, found 6 plugins.
Preloading 0 native plugins for Editor in 0.00 ms.
Unloading 4 Unused Serialized files (Serialized files now loaded: 0)
Unloading 3638 unused Assets / (1.1 MB). Loaded Objects now: 4190.
Memory consumption went from 94.1 MB to 93.0 MB.
Total: 14.694600 ms (FindLiveObjects: 0.486900 ms CreateObjectMapping: 0.299700 ms MarkObjects: 12.748600 ms  DeleteObjects: 1.157800 ms)

Prepare: number of updated asset objects reloaded= 0
========================================================================
Received Prepare
Refreshing native plugins compatible for Editor in 23.28 ms, found 6 plugins.
Preloading 0 native plugins for Editor in 0.00 ms.
Unloading 4 Unused Serialized files (Serialized files now loaded: 0)
Unloading 3638 unused Assets / (1.4 MB). Loaded Objects now: 4190.
Memory consumption went from 94.1 MB to 92.7 MB.
Total: 13.611100 ms (FindLiveObjects: 0.394500 ms CreateObjectMapping: 0.253100 ms MarkObjects: 11.650500 ms  DeleteObjects: 1.311400 ms)

Prepare: number of updated asset objects reloaded= 0
========================================================================
Received Prepare
Refreshing native plugins compatible for Editor in 27.69 ms, found 6 plugins.
Preloading 0 native plugins for Editor in 0.00 ms.
Unloading 4 Unused Serialized files (Serialized files now loaded: 0)
Unloading 3638 unused Assets / (1.3 MB). Loaded Objects now: 4190.
Memory consumption went from 94.1 MB to 92.8 MB.
Total: 12.885700 ms (FindLiveObjects: 0.377700 ms CreateObjectMapping: 0.284000 ms MarkObjects: 11.014400 ms  DeleteObjects: 1.208300 ms)

Prepare: number of updated asset objects reloaded= 0
========================================================================
Received Prepare
Refreshing native plugins compatible for Editor in 28.93 ms, found 6 plugins.
Preloading 0 native plugins for Editor in 0.00 ms.
Unloading 4 Unused Serialized files (Serialized files now loaded: 0)
Unloading 3638 unused Assets / (1.3 MB). Loaded Objects now: 4190.
Memory consumption went from 94.1 MB to 92.8 MB.
Total: 13.688500 ms (FindLiveObjects: 0.471800 ms CreateObjectMapping: 0.304100 ms MarkObjects: 11.586800 ms  DeleteObjects: 1.323900 ms)

Prepare: number of updated asset objects reloaded= 0
========================================================================
Received Prepare
Refreshing native plugins compatible for Editor in 25.86 ms, found 6 plugins.
Preloading 0 native plugins for Editor in 0.00 ms.
Unloading 4 Unused Serialized files (Serialized files now loaded: 0)
Unloading 3638 unused Assets / (1.3 MB). Loaded Objects now: 4190.
Memory consumption went from 94.1 MB to 92.8 MB.
Total: 12.765000 ms (FindLiveObjects: 0.367500 ms CreateObjectMapping: 0.270700 ms MarkObjects: 10.898900 ms  DeleteObjects: 1.226200 ms)

Prepare: number of updated asset objects reloaded= 0
========================================================================
Received Import Request.
  Time since last request: 786.049277 seconds.
  path: Assets/Models/title.png
  artifactKey: Guid(75d847e26137fb7468618affb168ca53) Importer(815301076,1909f56bfc062723c751e8b465ee728b)
Start importing Assets/Models/title.png using Guid(75d847e26137fb7468618affb168ca53) Importer(815301076,1909f56bfc062723c751e8b465ee728b) (PreviewImporter) -> (artifact id: 'c035272782cdbf591f6c00c1d415c324') in 0.1106591 seconds
Number of updated asset objects reloaded before import = 0Number of asset objects unloaded after import = 3

========================================================================
Received Import Request.
  Time since last request: 0.477664 seconds.
  path: Assets/Models/title.png
  artifactKey: Guid(75d847e26137fb7468618affb168ca53) Importer(2089858483,192608db42251d675da83286b1cce702)
Start importing Assets/Models/title.png using Guid(75d847e26137fb7468618affb168ca53) Importer(2089858483,192608db42251d675da83286b1cce702) (ScriptedImporter) -> (artifact id: 'b7deb0e47bba84d2e12058b604a1c8d5') in 0.0177595 seconds
Number of updated asset objects reloaded before import = 0Number of asset objects unloaded after import = 3

========================================================================
Received Prepare
Begin MonoManager ReloadAssembly
[Licensing::Client] Successfully resolved entitlement details
[Licensing::Module] License group:
  Id: F4-6VBU-GQ76-3YAQ-GU2D-XXXX
  Product: Unity Personal
  Type: ULF
  Expiration: Unlimited
[Licensing::Module] License group:
  Id: 3440655-UnityPersXXXX
  Product: Unity Personal
  Type: Assigned
  Expiration: Unlimited
Assembly 'Assets/PlayServicesResolver/Editor/Google.JarResolver_v1.2.59.0.dll' will not be loaded due to errors:
Assembly name 'Google.JarResolver' does not match file name 'Google.JarResolver_v1.2.59.0'
Assembly 'Assets/PlayServicesResolver/Editor/Google.IOSResolver_v1.2.59.0.dll' will not be loaded due to errors:
Unable to resolve reference 'UnityEditor.iOS.Extensions.Xcode'. Is the assembly missing or incompatible with the current platform?
Reference validation can be disabled in the Plugin Inspector.
Assembly name 'Google.IOSResolver' does not match file name 'Google.IOSResolver_v1.2.59.0'
Assembly 'Assets/PlayServicesResolver/Editor/Google.VersionHandlerImpl_v1.2.59.0.dll' will not be loaded due to errors:
Assembly name 'Google.VersionHandlerImpl' does not match file name 'Google.VersionHandlerImpl_v1.2.59.0'
- Loaded All Assemblies, in  1.080 seconds
Refreshing native plugins compatible for Editor in 16.64 ms, found 6 plugins.
Native extension for Android target not found
Native extension for WindowsStandalone target not found
[Package Manager] Failed to launch server process. Reason: Unity was launched with the -noUpm command-line argument
[Package Manager] Unable to send message (not connected to server process).
[Package Manager] Cannot connect to Unity Package Manager local server
Non-secure network connections disabled in Player Settings
UnityEngine.Debug:ExtractStackTraceNoAlloc (byte*,int,string)
UnityEngine.StackTraceUtility:ExtractStackTrace ()
UnityEngine.Networking.UnityWebRequest:BeginWebRequest ()
UnityEngine.Networking.UnityWebRequest:SendWebRequest ()
UnityEngine.WWW:.ctor (string)
JMOAssets.JMOAssets_Menu:StartDownload ()
JMOAssets.JMOAssets_Menu:CheckStartupUpdate ()
JMOAssets.JMOAssets_Menu:.cctor ()
System.Runtime.CompilerServices.RuntimeHelpers:RunClassConstructor (System.RuntimeTypeHandle)
UnityEditor.EditorAssemblies:ProcessInitializeOnLoadAttributes (System.Type[])

[C:\build\output\unity\unity\Modules\UnityWebRequest\Public\Prototypes\UnityWebRequestProto.h line 519]

System.InvalidOperationException: Insecure connection not allowed
  at (wrapper managed-to-native) UnityEngine.Networking.UnityWebRequest.BeginWebRequest_Injected(intptr)
  at UnityEngine.Networking.UnityWebRequest.BeginWebRequest () [0x0000f] in <a5693f6f1faf4f39a6c9cefc1a5b2555>:0 
  at UnityEngine.Networking.UnityWebRequest.SendWebRequest () [0x00001] in <a5693f6f1faf4f39a6c9cefc1a5b2555>:0 
  at UnityEngine.WWW..ctor (System.String url) [0x00014] in <37916183dd3c4f44ab9cf13ab9ae239c>:0 
  at JMOAssets.JMOAssets_Menu.StartDownload () [0x00013] in <a7aa7c6095e5420583c7f523f7294ab4>:0 
  at JMOAssets.JMOAssets_Menu.CheckStartupUpdate () [0x00001] in <a7aa7c6095e5420583c7f523f7294ab4>:0 
  at JMOAssets.JMOAssets_Menu..cctor () [0x000a1] in <a7aa7c6095e5420583c7f523f7294ab4>:0 
UnityEngine.Debug:ExtractStackTraceNoAlloc (byte*,int,string)
UnityEngine.StackTraceUtility:ExtractStackTrace ()
UnityEngine.DebugLogHandler:Internal_Log (UnityEngine.LogType,UnityEngine.LogOption,string,UnityEngine.Object)
UnityEngine.DebugLogHandler:LogFormat (UnityEngine.LogType,UnityEngine.Object,string,object[])
UnityEngine.Logger:Log (UnityEngine.LogType,object)
UnityEngine.Debug:LogError (object)
UnityEditor.EditorAssemblies:ProcessInitializeOnLoadAttributes (System.Type[])

Mono: successfully reloaded assembly
- Finished resetting the current domain, in  1.260 seconds
Domain Reload Profiling: 2336ms
	BeginReloadAssembly (286ms)
		ExecutionOrderSort (0ms)
		DisableScriptedObjects (8ms)
		BackupInstance (0ms)
		ReleaseScriptingObjects (0ms)
		CreateAndSetChildDomain (64ms)
	RebuildCommonClasses (67ms)
	RebuildNativeTypeToScriptingClass (30ms)
	initialDomainReloadingComplete (66ms)
	LoadAllAssembliesAndSetupDomain (626ms)
		LoadAssemblies (615ms)
		RebuildTransferFunctionScriptingTraits (0ms)
		AnalyzeDomain (159ms)
			TypeCache.Refresh (8ms)
				TypeCache.ScanAssembly (0ms)
			BuildScriptInfoCaches (142ms)
			ResolveRequiredComponents (4ms)
	FinalizeReload (1261ms)
		ReleaseScriptCaches (0ms)
		RebuildScriptCaches (0ms)
		SetupLoadedEditorAssemblies (1080ms)
			LogAssemblyErrors (0ms)
			InitializePlatformSupportModulesInManaged (16ms)
			SetLoadedEditorAssemblies (7ms)
			BeforeProcessingInitializeOnLoad (162ms)
			ProcessInitializeOnLoadAttributes (660ms)
			ProcessInitializeOnLoadMethodAttributes (227ms)
			AfterProcessingInitializeOnLoad (7ms)
			EditorAssembliesLoaded (0ms)
		ExecutionOrderSort2 (0ms)
		AwakeInstancesAfterBackupRestoration (10ms)
Refreshing native plugins compatible for Editor in 26.08 ms, found 6 plugins.
Preloading 0 native plugins for Editor in 0.00 ms.
Unloading 4 Unused Serialized files (Serialized files now loaded: 0)
Unloading 3740 unused Assets / (1.3 MB). Loaded Objects now: 4194.
Memory consumption went from 94.4 MB to 93.1 MB.
Total: 12.173800 ms (FindLiveObjects: 0.395000 ms CreateObjectMapping: 0.291800 ms MarkObjects: 10.241700 ms  DeleteObjects: 1.243900 ms)

Prepare: number of updated asset objects reloaded= 0
========================================================================
Received Prepare
Begin MonoManager ReloadAssembly
Assembly 'Assets/PlayServicesResolver/Editor/Google.JarResolver_v1.2.59.0.dll' will not be loaded due to errors:
Assembly name 'Google.JarResolver' does not match file name 'Google.JarResolver_v1.2.59.0'
Assembly 'Assets/PlayServicesResolver/Editor/Google.IOSResolver_v1.2.59.0.dll' will not be loaded due to errors:
Unable to resolve reference 'UnityEditor.iOS.Extensions.Xcode'. Is the assembly missing or incompatible with the current platform?
Reference validation can be disabled in the Plugin Inspector.
Assembly name 'Google.IOSResolver' does not match file name 'Google.IOSResolver_v1.2.59.0'
Assembly 'Assets/PlayServicesResolver/Editor/Google.VersionHandlerImpl_v1.2.59.0.dll' will not be loaded due to errors:
Assembly name 'Google.VersionHandlerImpl' does not match file name 'Google.VersionHandlerImpl_v1.2.59.0'
- Loaded All Assemblies, in  1.003 seconds
Refreshing native plugins compatible for Editor in 17.20 ms, found 6 plugins.
Native extension for Android target not found
Native extension for WindowsStandalone target not found
[Package Manager] Failed to launch server process. Reason: Unity was launched with the -noUpm command-line argument
[Package Manager] Unable to send message (not connected to server process).
[Package Manager] Cannot connect to Unity Package Manager local server
Non-secure network connections disabled in Player Settings
UnityEngine.Debug:ExtractStackTraceNoAlloc (byte*,int,string)
UnityEngine.StackTraceUtility:ExtractStackTrace ()
UnityEngine.Networking.UnityWebRequest:BeginWebRequest ()
UnityEngine.Networking.UnityWebRequest:SendWebRequest ()
UnityEngine.WWW:.ctor (string)
JMOAssets.JMOAssets_Menu:StartDownload ()
JMOAssets.JMOAssets_Menu:CheckStartupUpdate ()
JMOAssets.JMOAssets_Menu:.cctor ()
System.Runtime.CompilerServices.RuntimeHelpers:RunClassConstructor (System.RuntimeTypeHandle)
UnityEditor.EditorAssemblies:ProcessInitializeOnLoadAttributes (System.Type[])

[C:\build\output\unity\unity\Modules\UnityWebRequest\Public\Prototypes\UnityWebRequestProto.h line 519]

System.InvalidOperationException: Insecure connection not allowed
  at (wrapper managed-to-native) UnityEngine.Networking.UnityWebRequest.BeginWebRequest_Injected(intptr)
  at UnityEngine.Networking.UnityWebRequest.BeginWebRequest () [0x0000f] in <a5693f6f1faf4f39a6c9cefc1a5b2555>:0 
  at UnityEngine.Networking.UnityWebRequest.SendWebRequest () [0x00001] in <a5693f6f1faf4f39a6c9cefc1a5b2555>:0 
  at UnityEngine.WWW..ctor (System.String url) [0x00014] in <37916183dd3c4f44ab9cf13ab9ae239c>:0 
  at JMOAssets.JMOAssets_Menu.StartDownload () [0x00013] in <a7aa7c6095e5420583c7f523f7294ab4>:0 
  at JMOAssets.JMOAssets_Menu.CheckStartupUpdate () [0x00001] in <a7aa7c6095e5420583c7f523f7294ab4>:0 
  at JMOAssets.JMOAssets_Menu..cctor () [0x000a1] in <a7aa7c6095e5420583c7f523f7294ab4>:0 
UnityEngine.Debug:ExtractStackTraceNoAlloc (byte*,int,string)
UnityEngine.StackTraceUtility:ExtractStackTrace ()
UnityEngine.DebugLogHandler:Internal_Log (UnityEngine.LogType,UnityEngine.LogOption,string,UnityEngine.Object)
UnityEngine.DebugLogHandler:LogFormat (UnityEngine.LogType,UnityEngine.Object,string,object[])
UnityEngine.Logger:Log (UnityEngine.LogType,object)
UnityEngine.Debug:LogError (object)
UnityEditor.EditorAssemblies:ProcessInitializeOnLoadAttributes (System.Type[])

Mono: successfully reloaded assembly
- Finished resetting the current domain, in  1.159 seconds
Domain Reload Profiling: 2158ms
	BeginReloadAssembly (263ms)
		ExecutionOrderSort (0ms)
		DisableScriptedObjects (8ms)
		BackupInstance (0ms)
		ReleaseScriptingObjects (0ms)
		CreateAndSetChildDomain (63ms)
	RebuildCommonClasses (48ms)
	RebuildNativeTypeToScriptingClass (18ms)
	initialDomainReloadingComplete (52ms)
	LoadAllAssembliesAndSetupDomain (618ms)
		LoadAssemblies (584ms)
		RebuildTransferFunctionScriptingTraits (0ms)
		AnalyzeDomain (169ms)
			TypeCache.Refresh (10ms)
				TypeCache.ScanAssembly (0ms)
			BuildScriptInfoCaches (148ms)
			ResolveRequiredComponents (5ms)
	FinalizeReload (1159ms)
		ReleaseScriptCaches (0ms)
		RebuildScriptCaches (0ms)
		SetupLoadedEditorAssemblies (983ms)
			LogAssemblyErrors (0ms)
			InitializePlatformSupportModulesInManaged (13ms)
			SetLoadedEditorAssemblies (6ms)
			BeforeProcessingInitializeOnLoad (158ms)
			ProcessInitializeOnLoadAttributes (551ms)
			ProcessInitializeOnLoadMethodAttributes (249ms)
			AfterProcessingInitializeOnLoad (6ms)
			EditorAssembliesLoaded (0ms)
		ExecutionOrderSort2 (0ms)
		AwakeInstancesAfterBackupRestoration (11ms)
Refreshing native plugins compatible for Editor in 26.41 ms, found 6 plugins.
Preloading 0 native plugins for Editor in 0.00 ms.
Unloading 4 Unused Serialized files (Serialized files now loaded: 0)
Unloading 3740 unused Assets / (1.4 MB). Loaded Objects now: 4196.
Memory consumption went from 94.4 MB to 93.0 MB.
Total: 14.381000 ms (FindLiveObjects: 0.402600 ms CreateObjectMapping: 0.286700 ms MarkObjects: 12.195900 ms  DeleteObjects: 1.493900 ms)

Prepare: number of updated asset objects reloaded= 0
========================================================================
Received Import Request.
  Time since last request: 56.443414 seconds.
  path: Assets/Models/Bomb_Asset.fbx
  artifactKey: Guid(d1450ad666979114db3eaa622ce9bce7) Importer(815301076,1909f56bfc062723c751e8b465ee728b)
Start importing Assets/Models/Bomb_Asset.fbx using Guid(d1450ad666979114db3eaa622ce9bce7) Importer(815301076,1909f56bfc062723c751e8b465ee728b) (PreviewImporter) -> (artifact id: 'e735ad24dfda9d228778dd6110c6ca41') in 0.2263281 seconds
Number of updated asset objects reloaded before import = 0Number of asset objects unloaded after import = 7

========================================================================
Received Import Request.
  Time since last request: 0.000113 seconds.
  path: Assets/Models/circle_glow.png
  artifactKey: Guid(db188f73ce041d042a8ab08d3b0e3b61) Importer(815301076,1909f56bfc062723c751e8b465ee728b)
Start importing Assets/Models/circle_glow.png using Guid(db188f73ce041d042a8ab08d3b0e3b61) Importer(815301076,1909f56bfc062723c751e8b465ee728b) (PreviewImporter) -> (artifact id: '4098ce5c734d69d1f6a0cc5728aca97a') in 0.0576802 seconds
Number of updated asset objects reloaded before import = 0Number of asset objects unloaded after import = 3

========================================================================
Received Prepare
Refreshing native plugins compatible for Editor in 29.78 ms, found 6 plugins.
Preloading 0 native plugins for Editor in 0.00 ms.
Unloading 4 Unused Serialized files (Serialized files now loaded: 0)
Unloading 4 unused Assets / (143.1 KB). Loaded Objects now: 4197.
Memory consumption went from 91.7 MB to 91.6 MB.
Total: 12.792500 ms (FindLiveObjects: 0.284100 ms CreateObjectMapping: 0.128600 ms MarkObjects: 12.219800 ms  DeleteObjects: 0.157900 ms)

Prepare: number of updated asset objects reloaded= 0
AssetImportParameters requested are different than current active one (requested -> active):
  buildTarget: platform 13, subtarget 0, extendedPlatform 0 -> platform 19, subtarget 2, extendedPlatform 0
  graphicsApiMask: 2048 -> 262148
========================================================================
Received Prepare
Refreshing native plugins compatible for Editor in 23.73 ms, found 6 plugins.
Preloading 0 native plugins for Editor in 0.00 ms.
Unloading 4 Unused Serialized files (Serialized files now loaded: 0)
Unloading 3638 unused Assets / (1.3 MB). Loaded Objects now: 4197.
Memory consumption went from 94.2 MB to 92.9 MB.
Total: 15.158200 ms (FindLiveObjects: 0.397500 ms CreateObjectMapping: 0.277100 ms MarkObjects: 12.899400 ms  DeleteObjects: 1.581800 ms)

Prepare: number of updated asset objects reloaded= 0
========================================================================
Received Prepare
Refreshing native plugins compatible for Editor in 20.04 ms, found 6 plugins.
Preloading 0 native plugins for Editor in 0.00 ms.
Unloading 4 Unused Serialized files (Serialized files now loaded: 0)
Unloading 3638 unused Assets / (1.4 MB). Loaded Objects now: 4197.
Memory consumption went from 93.9 MB to 92.4 MB.
Total: 15.902700 ms (FindLiveObjects: 0.531200 ms CreateObjectMapping: 0.442000 ms MarkObjects: 12.860500 ms  DeleteObjects: 2.067000 ms)

Prepare: number of updated asset objects reloaded= 0
========================================================================
Received Prepare
Refreshing native plugins compatible for Editor in 23.76 ms, found 6 plugins.
Preloading 0 native plugins for Editor in 0.00 ms.
Unloading 4 Unused Serialized files (Serialized files now loaded: 0)
Unloading 3638 unused Assets / (1.1 MB). Loaded Objects now: 4197.
Memory consumption went from 93.9 MB to 92.8 MB.
Total: 15.089300 ms (FindLiveObjects: 0.685100 ms CreateObjectMapping: 0.399700 ms MarkObjects: 12.559300 ms  DeleteObjects: 1.443000 ms)

Prepare: number of updated asset objects reloaded= 0
========================================================================
Received Prepare
Refreshing native plugins compatible for Editor in 20.48 ms, found 6 plugins.
Preloading 0 native plugins for Editor in 0.00 ms.
Unloading 4 Unused Serialized files (Serialized files now loaded: 0)
Unloading 3638 unused Assets / (1.2 MB). Loaded Objects now: 4197.
Memory consumption went from 93.9 MB to 92.7 MB.
Total: 14.156900 ms (FindLiveObjects: 0.431200 ms CreateObjectMapping: 0.314500 ms MarkObjects: 12.032000 ms  DeleteObjects: 1.376700 ms)

Prepare: number of updated asset objects reloaded= 0
========================================================================
Received Prepare
Refreshing native plugins compatible for Editor in 23.85 ms, found 6 plugins.
Preloading 0 native plugins for Editor in 0.00 ms.
Unloading 4 Unused Serialized files (Serialized files now loaded: 0)
Unloading 3638 unused Assets / (1.6 MB). Loaded Objects now: 4197.
Memory consumption went from 93.9 MB to 92.3 MB.
Total: 18.246400 ms (FindLiveObjects: 0.651300 ms CreateObjectMapping: 0.622500 ms MarkObjects: 14.062300 ms  DeleteObjects: 2.908400 ms)

Prepare: number of updated asset objects reloaded= 0
========================================================================
Received Prepare
Refreshing native plugins compatible for Editor in 19.49 ms, found 6 plugins.
Preloading 0 native plugins for Editor in 0.00 ms.
Unloading 4 Unused Serialized files (Serialized files now loaded: 0)
Unloading 3638 unused Assets / (1.1 MB). Loaded Objects now: 4197.
Memory consumption went from 93.9 MB to 92.7 MB.
Total: 14.489900 ms (FindLiveObjects: 0.361700 ms CreateObjectMapping: 0.285800 ms MarkObjects: 12.493400 ms  DeleteObjects: 1.347300 ms)

Prepare: number of updated asset objects reloaded= 0
========================================================================
Received Prepare
Refreshing native plugins compatible for Editor in 20.76 ms, found 6 plugins.
Preloading 0 native plugins for Editor in 0.00 ms.
Unloading 4 Unused Serialized files (Serialized files now loaded: 0)
Unloading 3638 unused Assets / (1.1 MB). Loaded Objects now: 4197.
Memory consumption went from 93.9 MB to 92.8 MB.
Total: 15.954200 ms (FindLiveObjects: 0.354300 ms CreateObjectMapping: 0.247800 ms MarkObjects: 13.954700 ms  DeleteObjects: 1.395700 ms)

Prepare: number of updated asset objects reloaded= 0
========================================================================
Received Prepare
Refreshing native plugins compatible for Editor in 16.96 ms, found 6 plugins.
Preloading 0 native plugins for Editor in 0.00 ms.
Unloading 4 Unused Serialized files (Serialized files now loaded: 0)
Unloading 3638 unused Assets / (1.3 MB). Loaded Objects now: 4197.
Memory consumption went from 93.9 MB to 92.6 MB.
Total: 15.120800 ms (FindLiveObjects: 0.593000 ms CreateObjectMapping: 0.310100 ms MarkObjects: 12.841200 ms  DeleteObjects: 1.373300 ms)

Prepare: number of updated asset objects reloaded= 0
========================================================================
Received Prepare
Refreshing native plugins compatible for Editor in 23.42 ms, found 6 plugins.
Preloading 0 native plugins for Editor in 0.00 ms.
Unloading 4 Unused Serialized files (Serialized files now loaded: 0)
Unloading 3638 unused Assets / (1.1 MB). Loaded Objects now: 4197.
Memory consumption went from 93.9 MB to 92.8 MB.
Total: 14.963700 ms (FindLiveObjects: 0.433900 ms CreateObjectMapping: 0.291800 ms MarkObjects: 12.804100 ms  DeleteObjects: 1.432100 ms)

Prepare: number of updated asset objects reloaded= 0
========================================================================
Received Prepare
Refreshing native plugins compatible for Editor in 28.89 ms, found 6 plugins.
Preloading 0 native plugins for Editor in 0.00 ms.
Unloading 4 Unused Serialized files (Serialized files now loaded: 0)
Unloading 3638 unused Assets / (1.1 MB). Loaded Objects now: 4197.
Memory consumption went from 93.9 MB to 92.7 MB.
Total: 18.400800 ms (FindLiveObjects: 1.358200 ms CreateObjectMapping: 1.187400 ms MarkObjects: 14.241600 ms  DeleteObjects: 1.611800 ms)

Prepare: number of updated asset objects reloaded= 0
========================================================================
Received Prepare
Refreshing native plugins compatible for Editor in 24.58 ms, found 6 plugins.
Preloading 0 native plugins for Editor in 0.00 ms.
Unloading 4 Unused Serialized files (Serialized files now loaded: 0)
Unloading 3638 unused Assets / (1.5 MB). Loaded Objects now: 4197.
Memory consumption went from 93.9 MB to 92.4 MB.
Total: 14.637400 ms (FindLiveObjects: 0.391400 ms CreateObjectMapping: 0.338500 ms MarkObjects: 11.648800 ms  DeleteObjects: 2.257400 ms)

Prepare: number of updated asset objects reloaded= 0
========================================================================
Received Prepare
Refreshing native plugins compatible for Editor in 21.70 ms, found 6 plugins.
Preloading 0 native plugins for Editor in 0.00 ms.
Unloading 4 Unused Serialized files (Serialized files now loaded: 0)
Unloading 3638 unused Assets / (1.2 MB). Loaded Objects now: 4197.
Memory consumption went from 93.9 MB to 92.7 MB.
Total: 13.793200 ms (FindLiveObjects: 0.431100 ms CreateObjectMapping: 0.281000 ms MarkObjects: 11.769100 ms  DeleteObjects: 1.310500 ms)

Prepare: number of updated asset objects reloaded= 0
========================================================================
Received Prepare
Refreshing native plugins compatible for Editor in 19.80 ms, found 6 plugins.
Preloading 0 native plugins for Editor in 0.00 ms.
Unloading 4 Unused Serialized files (Serialized files now loaded: 0)
Unloading 3638 unused Assets / (1.0 MB). Loaded Objects now: 4197.
Memory consumption went from 93.9 MB to 92.9 MB.
Total: 13.627400 ms (FindLiveObjects: 0.364000 ms CreateObjectMapping: 0.270100 ms MarkObjects: 11.225500 ms  DeleteObjects: 1.766300 ms)

Prepare: number of updated asset objects reloaded= 0
========================================================================
Received Prepare
Refreshing native plugins compatible for Editor in 22.15 ms, found 6 plugins.
Preloading 0 native plugins for Editor in 0.00 ms.
Unloading 4 Unused Serialized files (Serialized files now loaded: 0)
Unloading 3638 unused Assets / (1.2 MB). Loaded Objects now: 4197.
Memory consumption went from 93.9 MB to 92.7 MB.
Total: 15.878300 ms (FindLiveObjects: 0.458300 ms CreateObjectMapping: 0.273700 ms MarkObjects: 13.175400 ms  DeleteObjects: 1.968700 ms)

Prepare: number of updated asset objects reloaded= 0
========================================================================
Received Import Request.
  Time since last request: 58.129753 seconds.
  path: Assets/Models/icon_2.png
  artifactKey: Guid(30d80fc3116831e498eaabb1846cf590) Importer(815301076,1909f56bfc062723c751e8b465ee728b)
Start importing Assets/Models/icon_2.png using Guid(30d80fc3116831e498eaabb1846cf590) Importer(815301076,1909f56bfc062723c751e8b465ee728b) (PreviewImporter) -> (artifact id: '8c93d73a2f6f4edb8b0555f1b1c25aba') in 0.0356004 seconds
Number of updated asset objects reloaded before import = 0Number of asset objects unloaded after import = 3

========================================================================
Received Prepare
Refreshing native plugins compatible for Editor in 24.08 ms, found 6 plugins.
Preloading 0 native plugins for Editor in 0.00 ms.
Unloading 4 Unused Serialized files (Serialized files now loaded: 0)
Unloading 4 unused Assets / (135.4 KB). Loaded Objects now: 4197.
Memory consumption went from 91.4 MB to 91.3 MB.
Total: 15.492400 ms (FindLiveObjects: 0.359300 ms CreateObjectMapping: 0.236800 ms MarkObjects: 14.668700 ms  DeleteObjects: 0.225500 ms)

Prepare: number of updated asset objects reloaded= 0
AssetImportParameters requested are different than current active one (requested -> active):
  buildTarget: platform 19, subtarget 2, extendedPlatform 0 -> platform 13, subtarget 0, extendedPlatform 0
  graphicsApiMask: 262148 -> 2048
========================================================================
Received Prepare
Refreshing native plugins compatible for Editor in 26.49 ms, found 6 plugins.
Preloading 0 native plugins for Editor in 0.00 ms.
Unloading 4 Unused Serialized files (Serialized files now loaded: 0)
Unloading 3638 unused Assets / (1.3 MB). Loaded Objects now: 4197.
Memory consumption went from 94.5 MB to 93.2 MB.
Total: 13.479800 ms (FindLiveObjects: 0.433300 ms CreateObjectMapping: 0.282000 ms MarkObjects: 11.487700 ms  DeleteObjects: 1.275100 ms)

Prepare: number of updated asset objects reloaded= 0
========================================================================
Received Prepare
Refreshing native plugins compatible for Editor in 21.78 ms, found 6 plugins.
Preloading 0 native plugins for Editor in 0.00 ms.
Unloading 4 Unused Serialized files (Serialized files now loaded: 0)
Unloading 3638 unused Assets / (1.3 MB). Loaded Objects now: 4197.
Memory consumption went from 94.2 MB to 92.8 MB.
Total: 13.048100 ms (FindLiveObjects: 0.424300 ms CreateObjectMapping: 0.263300 ms MarkObjects: 11.030300 ms  DeleteObjects: 1.328100 ms)

Prepare: number of updated asset objects reloaded= 0
========================================================================
Received Prepare
Refreshing native plugins compatible for Editor in 30.87 ms, found 6 plugins.
Preloading 0 native plugins for Editor in 0.00 ms.
Unloading 4 Unused Serialized files (Serialized files now loaded: 0)
Unloading 3638 unused Assets / (1.6 MB). Loaded Objects now: 4197.
Memory consumption went from 94.2 MB to 92.6 MB.
Total: 18.620300 ms (FindLiveObjects: 0.680700 ms CreateObjectMapping: 0.593700 ms MarkObjects: 15.530600 ms  DeleteObjects: 1.813100 ms)

Prepare: number of updated asset objects reloaded= 0
========================================================================
Received Prepare
Refreshing native plugins compatible for Editor in 29.84 ms, found 6 plugins.
Preloading 0 native plugins for Editor in 0.00 ms.
Unloading 4 Unused Serialized files (Serialized files now loaded: 0)
Unloading 3638 unused Assets / (1.3 MB). Loaded Objects now: 4197.
Memory consumption went from 94.1 MB to 92.9 MB.
Total: 13.471900 ms (FindLiveObjects: 0.450700 ms CreateObjectMapping: 0.454200 ms MarkObjects: 11.311800 ms  DeleteObjects: 1.253400 ms)

Prepare: number of updated asset objects reloaded= 0
========================================================================
Received Prepare
Refreshing native plugins compatible for Editor in 28.26 ms, found 6 plugins.
Preloading 0 native plugins for Editor in 0.00 ms.
Unloading 4 Unused Serialized files (Serialized files now loaded: 0)
Unloading 3638 unused Assets / (1.1 MB). Loaded Objects now: 4197.
Memory consumption went from 94.1 MB to 93.0 MB.
Total: 13.938500 ms (FindLiveObjects: 0.782700 ms CreateObjectMapping: 0.309600 ms MarkObjects: 11.358900 ms  DeleteObjects: 1.484900 ms)

Prepare: number of updated asset objects reloaded= 0
========================================================================
Received Prepare
Refreshing native plugins compatible for Editor in 22.64 ms, found 6 plugins.
Preloading 0 native plugins for Editor in 0.00 ms.
Unloading 4 Unused Serialized files (Serialized files now loaded: 0)
Unloading 3638 unused Assets / (1.1 MB). Loaded Objects now: 4197.
Memory consumption went from 94.1 MB to 93.1 MB.
Total: 13.627600 ms (FindLiveObjects: 0.392800 ms CreateObjectMapping: 0.300900 ms MarkObjects: 11.589300 ms  DeleteObjects: 1.342700 ms)

Prepare: number of updated asset objects reloaded= 0
========================================================================
Received Prepare
Refreshing native plugins compatible for Editor in 20.53 ms, found 6 plugins.
Preloading 0 native plugins for Editor in 0.00 ms.
Unloading 4 Unused Serialized files (Serialized files now loaded: 0)
Unloading 3638 unused Assets / (1.2 MB). Loaded Objects now: 4197.
Memory consumption went from 94.2 MB to 93.0 MB.
Total: 13.928700 ms (FindLiveObjects: 0.400900 ms CreateObjectMapping: 0.286900 ms MarkObjects: 11.950500 ms  DeleteObjects: 1.288400 ms)

Prepare: number of updated asset objects reloaded= 0
========================================================================
Received Prepare
Refreshing native plugins compatible for Editor in 27.90 ms, found 6 plugins.
Preloading 0 native plugins for Editor in 0.00 ms.
Unloading 4 Unused Serialized files (Serialized files now loaded: 0)
Unloading 3638 unused Assets / (1.2 MB). Loaded Objects now: 4197.
Memory consumption went from 94.2 MB to 92.9 MB.
Total: 13.503400 ms (FindLiveObjects: 0.432700 ms CreateObjectMapping: 0.305300 ms MarkObjects: 11.524800 ms  DeleteObjects: 1.239300 ms)

Prepare: number of updated asset objects reloaded= 0
========================================================================
Received Prepare
Refreshing native plugins compatible for Editor in 23.33 ms, found 6 plugins.
Preloading 0 native plugins for Editor in 0.00 ms.
Unloading 4 Unused Serialized files (Serialized files now loaded: 0)
Unloading 3638 unused Assets / (1.4 MB). Loaded Objects now: 4197.
Memory consumption went from 94.2 MB to 92.8 MB.
Total: 13.969200 ms (FindLiveObjects: 0.367100 ms CreateObjectMapping: 0.264300 ms MarkObjects: 11.844300 ms  DeleteObjects: 1.491000 ms)

Prepare: number of updated asset objects reloaded= 0
========================================================================
Received Prepare
Refreshing native plugins compatible for Editor in 22.94 ms, found 6 plugins.
Preloading 0 native plugins for Editor in 0.00 ms.
Unloading 4 Unused Serialized files (Serialized files now loaded: 0)
Unloading 3638 unused Assets / (1.2 MB). Loaded Objects now: 4197.
Memory consumption went from 94.2 MB to 92.9 MB.
Total: 13.317300 ms (FindLiveObjects: 0.429400 ms CreateObjectMapping: 0.324600 ms MarkObjects: 11.370600 ms  DeleteObjects: 1.191200 ms)

Prepare: number of updated asset objects reloaded= 0
========================================================================
Received Prepare
Refreshing native plugins compatible for Editor in 20.98 ms, found 6 plugins.
Preloading 0 native plugins for Editor in 0.00 ms.
Unloading 4 Unused Serialized files (Serialized files now loaded: 0)
Unloading 3638 unused Assets / (1.3 MB). Loaded Objects now: 4197.
Memory consumption went from 94.2 MB to 92.9 MB.
Total: 13.832600 ms (FindLiveObjects: 0.728000 ms CreateObjectMapping: 0.382900 ms MarkObjects: 11.372000 ms  DeleteObjects: 1.347700 ms)

Prepare: number of updated asset objects reloaded= 0
========================================================================
Received Prepare
Refreshing native plugins compatible for Editor in 32.17 ms, found 6 plugins.
Preloading 0 native plugins for Editor in 0.00 ms.
Unloading 4 Unused Serialized files (Serialized files now loaded: 0)
Unloading 3638 unused Assets / (1.3 MB). Loaded Objects now: 4197.
Memory consumption went from 94.2 MB to 92.9 MB.
Total: 13.175200 ms (FindLiveObjects: 0.373500 ms CreateObjectMapping: 0.274500 ms MarkObjects: 11.362500 ms  DeleteObjects: 1.163500 ms)

Prepare: number of updated asset objects reloaded= 0
========================================================================
Received Prepare
Refreshing native plugins compatible for Editor in 28.86 ms, found 6 plugins.
Preloading 0 native plugins for Editor in 0.00 ms.
Unloading 4 Unused Serialized files (Serialized files now loaded: 0)
Unloading 3638 unused Assets / (1.4 MB). Loaded Objects now: 4197.
Memory consumption went from 94.2 MB to 92.8 MB.
Total: 14.523300 ms (FindLiveObjects: 0.483300 ms CreateObjectMapping: 0.464500 ms MarkObjects: 12.251300 ms  DeleteObjects: 1.322400 ms)

Prepare: number of updated asset objects reloaded= 0
========================================================================
Received Prepare
Refreshing native plugins compatible for Editor in 26.89 ms, found 6 plugins.
Preloading 0 native plugins for Editor in 0.00 ms.
Unloading 4 Unused Serialized files (Serialized files now loaded: 0)
Unloading 3638 unused Assets / (1.2 MB). Loaded Objects now: 4197.
Memory consumption went from 94.2 MB to 93.0 MB.
Total: 14.529100 ms (FindLiveObjects: 0.461700 ms CreateObjectMapping: 0.327800 ms MarkObjects: 12.182500 ms  DeleteObjects: 1.555800 ms)

Prepare: number of updated asset objects reloaded= 0
========================================================================
Received Prepare
Refreshing native plugins compatible for Editor in 32.54 ms, found 6 plugins.
Preloading 0 native plugins for Editor in 0.00 ms.
Unloading 4 Unused Serialized files (Serialized files now loaded: 0)
Unloading 3638 unused Assets / (1.3 MB). Loaded Objects now: 4197.
Memory consumption went from 94.2 MB to 92.8 MB.
Total: 14.852500 ms (FindLiveObjects: 0.416300 ms CreateObjectMapping: 0.390400 ms MarkObjects: 12.622400 ms  DeleteObjects: 1.420700 ms)

Prepare: number of updated asset objects reloaded= 0
========================================================================
Received Prepare
Refreshing native plugins compatible for Editor in 30.46 ms, found 6 plugins.
Preloading 0 native plugins for Editor in 0.00 ms.
Unloading 4 Unused Serialized files (Serialized files now loaded: 0)
Unloading 3638 unused Assets / (1.4 MB). Loaded Objects now: 4197.
Memory consumption went from 94.2 MB to 92.8 MB.
Total: 14.244100 ms (FindLiveObjects: 0.489900 ms CreateObjectMapping: 0.277700 ms MarkObjects: 12.245500 ms  DeleteObjects: 1.227900 ms)

Prepare: number of updated asset objects reloaded= 0
========================================================================
Received Prepare
Refreshing native plugins compatible for Editor in 31.90 ms, found 6 plugins.
Preloading 0 native plugins for Editor in 0.00 ms.
Unloading 4 Unused Serialized files (Serialized files now loaded: 0)
Unloading 3638 unused Assets / (1.4 MB). Loaded Objects now: 4197.
Memory consumption went from 94.2 MB to 92.8 MB.
Total: 19.765500 ms (FindLiveObjects: 0.715400 ms CreateObjectMapping: 0.553400 ms MarkObjects: 17.015800 ms  DeleteObjects: 1.478800 ms)

Prepare: number of updated asset objects reloaded= 0
========================================================================
Received Prepare
Refreshing native plugins compatible for Editor in 25.26 ms, found 6 plugins.
Preloading 0 native plugins for Editor in 0.00 ms.
Unloading 4 Unused Serialized files (Serialized files now loaded: 0)
Unloading 3638 unused Assets / (1.0 MB). Loaded Objects now: 4197.
Memory consumption went from 94.2 MB to 93.2 MB.
Total: 20.643800 ms (FindLiveObjects: 0.679300 ms CreateObjectMapping: 0.653000 ms MarkObjects: 17.420600 ms  DeleteObjects: 1.888900 ms)

Prepare: number of updated asset objects reloaded= 0
========================================================================
Received Prepare
Refreshing native plugins compatible for Editor in 23.81 ms, found 6 plugins.
Preloading 0 native plugins for Editor in 0.00 ms.
Unloading 4 Unused Serialized files (Serialized files now loaded: 0)
Unloading 3638 unused Assets / (1.2 MB). Loaded Objects now: 4197.
Memory consumption went from 94.2 MB to 93.0 MB.
Total: 14.267900 ms (FindLiveObjects: 0.494300 ms CreateObjectMapping: 0.260100 ms MarkObjects: 12.138600 ms  DeleteObjects: 1.372800 ms)

Prepare: number of updated asset objects reloaded= 0
========================================================================
Received Prepare
Refreshing native plugins compatible for Editor in 25.73 ms, found 6 plugins.
Preloading 0 native plugins for Editor in 0.00 ms.
Unloading 4 Unused Serialized files (Serialized files now loaded: 0)
Unloading 3638 unused Assets / (1.3 MB). Loaded Objects now: 4197.
Memory consumption went from 94.2 MB to 92.8 MB.
Total: 13.309500 ms (FindLiveObjects: 0.411600 ms CreateObjectMapping: 0.256600 ms MarkObjects: 11.451200 ms  DeleteObjects: 1.188200 ms)

Prepare: number of updated asset objects reloaded= 0
========================================================================
Received Prepare
Refreshing native plugins compatible for Editor in 28.55 ms, found 6 plugins.
Preloading 0 native plugins for Editor in 0.00 ms.
Unloading 4 Unused Serialized files (Serialized files now loaded: 0)
Unloading 3638 unused Assets / (1.1 MB). Loaded Objects now: 4197.
Memory consumption went from 94.2 MB to 93.1 MB.
Total: 14.714500 ms (FindLiveObjects: 0.390100 ms CreateObjectMapping: 0.319400 ms MarkObjects: 12.658700 ms  DeleteObjects: 1.344800 ms)

Prepare: number of updated asset objects reloaded= 0
========================================================================
Received Prepare
Refreshing native plugins compatible for Editor in 24.19 ms, found 6 plugins.
Preloading 0 native plugins for Editor in 0.00 ms.
Unloading 4 Unused Serialized files (Serialized files now loaded: 0)
Unloading 3638 unused Assets / (1.3 MB). Loaded Objects now: 4197.
Memory consumption went from 94.2 MB to 92.8 MB.
Total: 14.046600 ms (FindLiveObjects: 0.357700 ms CreateObjectMapping: 0.262700 ms MarkObjects: 12.077400 ms  DeleteObjects: 1.347000 ms)

Prepare: number of updated asset objects reloaded= 0
========================================================================
Received Prepare
Refreshing native plugins compatible for Editor in 28.14 ms, found 6 plugins.
Preloading 0 native plugins for Editor in 0.00 ms.
Unloading 4 Unused Serialized files (Serialized files now loaded: 0)
Unloading 3638 unused Assets / (1.1 MB). Loaded Objects now: 4197.
Memory consumption went from 94.2 MB to 93.0 MB.
Total: 18.493700 ms (FindLiveObjects: 1.078600 ms CreateObjectMapping: 0.589600 ms MarkObjects: 15.593300 ms  DeleteObjects: 1.230200 ms)

Prepare: number of updated asset objects reloaded= 0
========================================================================
Received Prepare
Refreshing native plugins compatible for Editor in 28.57 ms, found 6 plugins.
Preloading 0 native plugins for Editor in 0.00 ms.
Unloading 4 Unused Serialized files (Serialized files now loaded: 0)
Unloading 3638 unused Assets / (1.2 MB). Loaded Objects now: 4197.
Memory consumption went from 94.2 MB to 93.0 MB.
Total: 13.488600 ms (FindLiveObjects: 0.390600 ms CreateObjectMapping: 0.276400 ms MarkObjects: 11.477100 ms  DeleteObjects: 1.342800 ms)

Prepare: number of updated asset objects reloaded= 0
========================================================================
Received Prepare
Refreshing native plugins compatible for Editor in 19.33 ms, found 6 plugins.
Preloading 0 native plugins for Editor in 0.00 ms.
Unloading 4 Unused Serialized files (Serialized files now loaded: 0)
Unloading 3638 unused Assets / (1.3 MB). Loaded Objects now: 4197.
Memory consumption went from 94.2 MB to 92.8 MB.
Total: 15.478500 ms (FindLiveObjects: 0.635500 ms CreateObjectMapping: 0.229100 ms MarkObjects: 13.338600 ms  DeleteObjects: 1.273800 ms)

Prepare: number of updated asset objects reloaded= 0
========================================================================
Received Prepare
Refreshing native plugins compatible for Editor in 22.75 ms, found 6 plugins.
Preloading 0 native plugins for Editor in 0.00 ms.
Unloading 4 Unused Serialized files (Serialized files now loaded: 0)
Unloading 3638 unused Assets / (1.2 MB). Loaded Objects now: 4197.
Memory consumption went from 94.2 MB to 93.0 MB.
Total: 14.037900 ms (FindLiveObjects: 0.408400 ms CreateObjectMapping: 0.299500 ms MarkObjects: 11.887300 ms  DeleteObjects: 1.440900 ms)

Prepare: number of updated asset objects reloaded= 0
========================================================================
Received Prepare
Refreshing native plugins compatible for Editor in 32.69 ms, found 6 plugins.
Preloading 0 native plugins for Editor in 0.00 ms.
Unloading 4 Unused Serialized files (Serialized files now loaded: 0)
Unloading 3638 unused Assets / (1.3 MB). Loaded Objects now: 4197.
Memory consumption went from 94.2 MB to 92.9 MB.
Total: 16.383700 ms (FindLiveObjects: 0.643600 ms CreateObjectMapping: 0.478900 ms MarkObjects: 13.523100 ms  DeleteObjects: 1.734800 ms)

Prepare: number of updated asset objects reloaded= 0
========================================================================
Received Prepare
Refreshing native plugins compatible for Editor in 29.06 ms, found 6 plugins.
Preloading 0 native plugins for Editor in 0.00 ms.
Unloading 4 Unused Serialized files (Serialized files now loaded: 0)
Unloading 3638 unused Assets / (1.9 MB). Loaded Objects now: 4197.
Memory consumption went from 94.2 MB to 92.2 MB.
Total: 16.504700 ms (FindLiveObjects: 0.398500 ms CreateObjectMapping: 0.307900 ms MarkObjects: 13.722100 ms  DeleteObjects: 2.074200 ms)

Prepare: number of updated asset objects reloaded= 0
========================================================================
Received Import Request.
  Time since last request: 90.266866 seconds.
  path: Assets/Physics
  artifactKey: Guid(eee068f130f715744b2b746aba7e94d4) Importer(815301076,1909f56bfc062723c751e8b465ee728b)
Start importing Assets/Physics using Guid(eee068f130f715744b2b746aba7e94d4) Importer(815301076,1909f56bfc062723c751e8b465ee728b) (PreviewImporter) -> (artifact id: '3bca9c3ffbcb32dea0cf1064dcee0cc4') in 0.0377802 seconds
Number of updated asset objects reloaded before import = 0Number of asset objects unloaded after import = 0

========================================================================
Received Import Request.
  Time since last request: 3.695519 seconds.
  path: Assets/Scenes
  artifactKey: Guid(bbea2c18a1920714daf236feac77a210) Importer(815301076,1909f56bfc062723c751e8b465ee728b)
Start importing Assets/Scenes using Guid(bbea2c18a1920714daf236feac77a210) Importer(815301076,1909f56bfc062723c751e8b465ee728b) (PreviewImporter) -> (artifact id: '98ad4fc4072675bf6e0b6dbe10bfa056') in 0.0014293 seconds
Number of updated asset objects reloaded before import = 0Number of asset objects unloaded after import = 0

========================================================================
Received Import Request.
  Time since last request: 2.657580 seconds.
  path: Assets/Scenes/SC_TestOrbital_3.unity
  artifactKey: Guid(a8678baa001bfba41bbecdebbac344d1) Importer(815301076,1909f56bfc062723c751e8b465ee728b)
Start importing Assets/Scenes/SC_TestOrbital_3.unity using Guid(a8678baa001bfba41bbecdebbac344d1) Importer(815301076,1909f56bfc062723c751e8b465ee728b) (PreviewImporter) -> (artifact id: '000f1d081e996514dc24f63fc09e2eb5') in 0.0010661 seconds
Number of updated asset objects reloaded before import = 0Number of asset objects unloaded after import = 0

